Code,Description,Manufacturer,Official_Severity,Color_Raw,Operator_Action,Product_Type,Occurrences_2025,Containers_Affected,Containers_With_True_Failure,Empirical_Failure_Rate,Recommendation
43,Unit Forced to Low Speed Modulation,ThermoKing,Green,ok,Report alarm at end of day.,"Truck, trailer, CR, DAS, DSR",3,2,2,100.0,CRITICAL RISK | Officially informational but ELEVATED empirical failure rate. Investigate further. | TK action: Report alarm at end of day.
12,Sensor or Digital Input Shutdown (Zone),ThermoKing,Red,take action,Unit/zone cannot operate and is shut down. Repair immediately.,"Truck, trailer, CR, DAS, DSR",2,1,1,100.0,CRITICAL RISK | Confirmed high-danger alarm. Stop and service immediately. | TK action: Unit/zone cannot operate and is shut down. Repair immediately.
35,Check Run Relay Circuit,ThermoKing,Red,take action,Unit cannot operate and is shut down. Repair immediately.,"Truck, trailer, CR, DAS, DSR",2,1,1,100.0,CRITICAL RISK | Confirmed high-danger alarm. Stop and service immediately. | TK action: Unit cannot operate and is shut down. Repair immediately.
45,Check Hot Gas or Hot Gas Bypass Circuit,ThermoKing,Yellow,check,"If unit/zone is shut down repair immediately. Otherwise, report alarm at end of day.","Truck, trailer, CR, DAS, DSR",2,1,1,100.0,"CRITICAL RISK | Officially moderate but HIGH empirical failure rate. Treat as critical - schedule urgent service. | TK action: If unit/zone is shut down repair immediately. Otherwise, report alarm at end of day."
35,Check Starter Circuit,Carrier,Red,take action,Report and repair immediately.,Carrier APX,2,1,1,100.0,CRITICAL RISK | Confirmed high-danger alarm. Stop and service immediately. | Carrier action: Report and repair immediately.
16,Manual Start Not Completed,ThermoKing,Green,ok,Report alarm at end of day.,"Truck, trailer, CR, DAS, DSR",1,1,1,100.0,CRITICAL RISK | Officially informational but ELEVATED empirical failure rate. Investigate further. | TK action: Report alarm at end of day.
17,Engine Failed to Crank,ThermoKing,Yellow,check,"If unit is shut down repair immediately. Otherwise, report alarm at end of day.","Truck, trailer, CR, DAS, DSR",1,1,1,100.0,"CRITICAL RISK | Officially moderate but HIGH empirical failure rate. Treat as critical - schedule urgent service. | TK action: If unit is shut down repair immediately. Otherwise, report alarm at end of day."
87,Check Suction Pressure Sensor,ThermoKing,Green,ok,Report alarm at end of day.,"Truck, trailer, CR, DAS, DSR",1,1,1,100.0,CRITICAL RISK | Officially informational but ELEVATED empirical failure rate. Investigate further. | TK action: Report alarm at end of day.
111,Unit Not Configured Correctly (Zone),ThermoKing,Green,ok,Report alarm at end of day.,"Truck, trailer, CR, DAS, DSR",1,1,1,100.0,CRITICAL RISK | Officially informational but ELEVATED empirical failure rate. Investigate further. | TK action: Report alarm at end of day.
124,Check Evap Coil Outlet Temp Sensor (CR),ThermoKing,Green,ok,Report alarm at end of day.,"Truck, trailer, CR, DAS, DSR",1,1,1,100.0,CRITICAL RISK | Officially informational but ELEVATED empirical failure rate. Investigate further. | TK action: Report alarm at end of day.
520,Check Battery Charger Output Power,ThermoKing,Yellow,check,"If unit is shut down repair immediately. Otherwise, report alarm at end of day.",Precedent 500 Series,1,1,1,100.0,"CRITICAL RISK | Officially moderate but HIGH empirical failure rate. Treat as critical - schedule urgent service. | TK action: If unit is shut down repair immediately. Otherwise, report alarm at end of day."
601,Check Camshaft Speed Sensor,ThermoKing,Green,ok,Report alarm at end of day.,"Precedent 600 Series, DTC",1,1,1,100.0,CRITICAL RISK | Officially informational but ELEVATED empirical failure rate. Investigate further. | TK action: Report alarm at end of day.
124,Check Defrost Termination 1 Sensor,Carrier,Yellow,check,Check and repair at end of trip.,Carrier APX,1,1,1,100.0,CRITICAL RISK | Officially moderate but HIGH empirical failure rate. Treat as critical - schedule urgent service. | Carrier action: Check and repair at end of trip.
127,Setpoint Not Entered (Zone),ThermoKing,Yellow,check,Be sure setpoint is adjusted to required temperature.,"Truck, trailer, CR, DAS, DSR",8,8,7,87.5,CRITICAL RISK | Officially moderate but HIGH empirical failure rate. Treat as critical - schedule urgent service. | TK action: Be sure setpoint is adjusted to required temperature.
127,Check Suction Temp Sensor,Carrier,Yellow,check,Check and repair at end of trip.,Carrier APX,8,8,7,87.5,CRITICAL RISK | Officially moderate but HIGH empirical failure rate. Treat as critical - schedule urgent service. | Carrier action: Check and repair at end of trip.
9001,Telematics Backup Battery Depleted,Telematics System,Red,,Not in manufacturer reference,Telematics/Unknown,9,6,5,83.33,Observed in 2025 telematics but NOT in manufacturer alarm reference. Empirical failure rate: 83%. Investigate context.
33,Check Engine RPM,ThermoKing,Green,ok,Report alarm at end of day.,"Truck, trailer, CR, DAS, DSR",10,7,5,71.43,CRITICAL RISK | Officially informational but ELEVATED empirical failure rate. Investigate further. | TK action: Report alarm at end of day.
121,Check PMW Liquid Injection Circuit,ThermoKing,Yellow,check,"If unit is shut down repair immediately. Otherwise, report alarm at end of day.","Truck, trailer, CR, DAS, DSR",7,3,2,66.67,"CRITICAL RISK | Officially moderate but HIGH empirical failure rate. Treat as critical - schedule urgent service. | TK action: If unit is shut down repair immediately. Otherwise, report alarm at end of day."
4,Check (Control) Discharge Air Sensor (Zone),ThermoKing,Yellow,check,Manually monitor temperature. Report alarm at end of day.,"Truck, trailer, CR, DAS, DSR",5,3,2,66.67,CRITICAL RISK | Officially moderate but HIGH empirical failure rate. Treat as critical - schedule urgent service. | TK action: Manually monitor temperature. Report alarm at end of day.
79,Internal Data Logger Overflow,ThermoKing,Green,ok,Report alarm at end of day.,"Truck, trailer, CR, DAS, DSR",4,3,2,66.67,CRITICAL RISK | Officially informational but ELEVATED empirical failure rate. Investigate further. | TK action: Report alarm at end of day.
41,Check Engine Coolant Temp,ThermoKing,Yellow,check,Report alarm at end of day.,"Truck, trailer, CR, DAS, DSR",39,20,13,65.0,CRITICAL RISK | Officially moderate but HIGH empirical failure rate. Treat as critical - schedule urgent service. | TK action: Report alarm at end of day.
41,Engine Stalled,Carrier,Yellow,check,"Unit will restart*, report reactivation.",Carrier APX,39,20,13,65.0,"CRITICAL RISK | Officially moderate but HIGH empirical failure rate. Treat as critical - schedule urgent service. | Carrier action: Unit will restart*, report reactivation."
89,Check Electronic Throttling Valve (ETV) Circuit,ThermoKing,Green,ok,"If unit is shut down repair immediately. Otherwise, report alarm at end of day.","Truck, trailer, CR, DAS, DSR",13,8,5,62.5,"CRITICAL RISK | Officially informational but ELEVATED empirical failure rate. Investigate further. | TK action: If unit is shut down repair immediately. Otherwise, report alarm at end of day."
3,Check (Control) Return Air Sensor (Zone),ThermoKing,Yellow,check,Manually monitor temperature. Report alarm at end of day.,"Truck, trailer, CR, DAS, DSR",7,5,3,60.0,CRITICAL RISK | Officially moderate but HIGH empirical failure rate. Treat as critical - schedule urgent service. | TK action: Manually monitor temperature. Report alarm at end of day.
159,Check Battery Condition,ThermoKing,Green,ok,Report alarm at end of day.,"Truck, trailer, CR, DAS, DSR",330,132,71,53.79,HIGH RISK | Officially informational but ELEVATED empirical failure rate. Investigate further. | TK action: Report alarm at end of day.
25,Alternator Check,ThermoKing,Yellow,check,"If unit/zone is shut down repair immediately. Otherwise, report alarm at end of day.","Truck, trailer, CR, DAS, DSR",24,17,9,52.94,"HIGH RISK | Officially moderate but HIGH empirical failure rate. Treat as critical - schedule urgent service. | TK action: If unit/zone is shut down repair immediately. Otherwise, report alarm at end of day."
6,Check Coolant Temp Sensor,ThermoKing,Green,ok,Report alarm at end of day.,"Truck, trailer, CR, DAS, DSR",13,10,5,50.0,HIGH RISK | Officially informational but ELEVATED empirical failure rate. Investigate further. | TK action: Report alarm at end of day.
522,Battery Temperature Sensor Alarm,ThermoKing,Yellow,check,"If unit is shut down repair immediately. Otherwise, report alarm at end of day.",Precedent 500 Series,11,2,1,50.0,"HIGH RISK | Officially moderate but HIGH empirical failure rate. Treat as critical - schedule urgent service. | TK action: If unit is shut down repair immediately. Otherwise, report alarm at end of day."
528,Failed J1939 CAN Comm Base Controller/Charger,ThermoKing,Yellow,check,"If unit is shut down repair immediately. Otherwise, report alarm at end of day.",Precedent 500 Series,10,4,2,50.0,"HIGH RISK | Officially moderate but HIGH empirical failure rate. Treat as critical - schedule urgent service. | TK action: If unit is shut down repair immediately. Otherwise, report alarm at end of day."
2,Check Evaporator Coil Sensor (Zone),ThermoKing,Yellow,check,Manually monitor temperature. Report alarm at end of day.,"Truck, trailer, CR, DAS, DSR",9,4,2,50.0,HIGH RISK | Officially moderate but HIGH empirical failure rate. Treat as critical - schedule urgent service. | TK action: Manually monitor temperature. Report alarm at end of day.
610,Check Atmospheric Pressure Sensor,ThermoKing,Green,ok,Report alarm at end of day.,"Precedent 600 Series, DTC",8,2,1,50.0,HIGH RISK | Officially informational but ELEVATED empirical failure rate. Investigate further. | TK action: Report alarm at end of day.
518,Generator Ground Fault,ThermoKing,Yellow,check,"If unit is shut down repair immediately. Otherwise, report alarm at end of day.",Precedent 500 Series,3,2,1,50.0,"HIGH RISK | Officially moderate but HIGH empirical failure rate. Treat as critical - schedule urgent service. | TK action: If unit is shut down repair immediately. Otherwise, report alarm at end of day."
9008,Main Battery Disconnect,Telematics System,Red,,Not in manufacturer reference,Telematics/Unknown,3,2,1,50.0,Observed in 2025 telematics but NOT in manufacturer alarm reference. Empirical failure rate: 50%. Investigate context.
18,High Engine Coolant Temperature,ThermoKing,Yellow,check,"If unit is shut down repair immediately. Otherwise, report alarm at end of day.","Truck, trailer, CR, DAS, DSR",2,2,1,50.0,"HIGH RISK | Officially moderate but HIGH empirical failure rate. Treat as critical - schedule urgent service. | TK action: If unit is shut down repair immediately. Otherwise, report alarm at end of day."
1,Unknown alarm (not in TK/Carrier reference),Unknown,Unknown,,Not in manufacturer reference,Telematics/Unknown,2,2,1,50.0,Observed in 2025 telematics but NOT in manufacturer alarm reference. Empirical failure rate: 50%. Investigate context.
9000,Telematics is on Backup Battery,Telematics System,Yellow,,Not in manufacturer reference,Telematics/Unknown,2,2,1,50.0,Observed in 2025 telematics but NOT in manufacturer alarm reference. Empirical failure rate: 50%. Investigate context.
30,Defrost Damper Stuck Closed (Zone),ThermoKing,Red,take action,Unit/zone cannot operate and is shut down. Repair immediately.,"Truck, trailer, CR, DAS, DSR",51,23,11,47.83,HIGH RISK | Confirmed high-danger alarm. Stop and service immediately. | TK action: Unit/zone cannot operate and is shut down. Repair immediately.
53,Check Economizer Valve Circuit,ThermoKing,Yellow,check,"If unit/zone is shut down repair immediately. Otherwise, report alarm at end of day.","Truck, trailer, CR, DAS, DSR",10,9,4,44.44,"HIGH RISK | Officially moderate but HIGH empirical failure rate. Treat as critical - schedule urgent service. | TK action: If unit/zone is shut down repair immediately. Otherwise, report alarm at end of day."
53,Box Temp Out of Range,Carrier,Yellow,check,"Reset*, report reactivation.",Carrier APX,10,9,4,44.44,"HIGH RISK | Officially moderate but HIGH empirical failure rate. Treat as critical - schedule urgent service. | Carrier action: Reset*, report reactivation."
108,Door Open Timeout (Zone),ThermoKing,Yellow,check,Close doors. Report alarm at end of day.,"Truck, trailer, CR, DAS, DSR",9,7,3,42.86,HIGH RISK | Officially moderate but HIGH empirical failure rate. Treat as critical - schedule urgent service. | TK action: Close doors. Report alarm at end of day.
37,Check Engine Coolant Level,ThermoKing,Green,ok,Report alarm at end of day.,"Truck, trailer, CR, DAS, DSR",112,71,30,42.25,HIGH RISK | Officially informational but ELEVATED empirical failure rate. Investigate further. | TK action: Report alarm at end of day.
37,Check Low Speed RPM,Carrier,Yellow,check,Check and repair at end of trip.,Carrier APX,112,71,30,42.25,HIGH RISK | Officially moderate but HIGH empirical failure rate. Treat as critical - schedule urgent service. | Carrier action: Check and repair at end of trip.
96,Low Fuel Level,ThermoKing,Yellow,check,Add fuel as required.,"Truck, trailer, CR, DAS, DSR",11,10,4,40.0,HIGH RISK | Officially moderate but HIGH empirical failure rate. Treat as critical - schedule urgent service. | TK action: Add fuel as required.
132,Total Unit Run Time Maint Reminder #1,ThermoKing,Green,ok,Report alarm at end of day.,"Truck, trailer, CR, DAS, DSR",10,5,2,40.0,HIGH RISK | Officially informational but ELEVATED empirical failure rate. Investigate further. | TK action: Report alarm at end of day.
132,Check Defrost Termination 2 Sensor,Carrier,Yellow,check,Check and repair at end of trip.,Carrier APX,10,5,2,40.0,HIGH RISK | Officially moderate but HIGH empirical failure rate. Treat as critical - schedule urgent service. | Carrier action: Check and repair at end of trip.
5,Check Ambient Temp Sensor,ThermoKing,Green,ok,Report alarm at end of day.,"Truck, trailer, CR, DAS, DSR",9,5,2,40.0,HIGH RISK | Officially informational but ELEVATED empirical failure rate. Investigate further. | TK action: Report alarm at end of day.
203,Check Display Return Air Sensor (Zone),ThermoKing,Yellow,check,Manually monitor temperature. Report alarm at end of day.,"Truck, trailer, CR, DAS, DSR",8,5,2,40.0,HIGH RISK | Officially moderate but HIGH empirical failure rate. Treat as critical - schedule urgent service. | TK action: Manually monitor temperature. Report alarm at end of day.
86,Check Discharge Pressure Sensor,ThermoKing,Green,ok,Report alarm at end of day.,"Truck, trailer, CR, DAS, DSR",5,5,2,40.0,HIGH RISK | Officially informational but ELEVATED empirical failure rate. Investigate further. | TK action: Report alarm at end of day.
42,Unit Forced to Low Speed,ThermoKing,Yellow,check,Report alarm at end of day.,"Truck, trailer, CR, DAS, DSR",54,29,11,37.93,MODERATE RISK | Empirical failure rate: 38%. Follow TK operator action guidelines. | TK action: Report alarm at end of day.
26,Check Refrigeration Capacity (Zone),ThermoKing,Yellow,check,Manually monitor temperature. Report alarm at end of day.,"Truck, trailer, CR, DAS, DSR",12,11,4,36.36,MODERATE RISK | Empirical failure rate: 36%. Follow TK operator action guidelines. | TK action: Manually monitor temperature. Report alarm at end of day.
5014,Check Starter Solenoid Circuit,Carrier,Red,take action,Report and repair immediately.,Carrier APX,58,23,8,34.78,"MODERATE RISK | Officially severe but lower empirical failure rate. Service recommended, may not always escalate. | Carrier action: Report and repair immediately."
51,Check Shutdown Circuit,ThermoKing,Red,take action,"If unit/zone is shut down repair immediately. Otherwise, report alarm at end of day.","Truck, trailer, CR, DAS, DSR",28,12,4,33.33,"MODERATE RISK | Officially severe but lower empirical failure rate. Service recommended, may not always escalate. | TK action: If unit/zone is shut down repair immediately. Otherwise, report alarm at end of day."
51,Alternator (Battery Charger) Not Charging,Carrier,Red,take action,Report and repair immediately.,Carrier APX,28,12,4,33.33,"MODERATE RISK | Officially severe but lower empirical failure rate. Service recommended, may not always escalate. | Carrier action: Report and repair immediately."
15,Check Glow Plugs or Intake Air Heater,ThermoKing,Yellow,check,"If unit is shut down repair immediately. Otherwise, report alarm at end of day.","Truck, trailer, CR, DAS, DSR",4,3,1,33.33,"MODERATE RISK | Empirical failure rate: 33%. Follow TK operator action guidelines. | TK action: If unit is shut down repair immediately. Otherwise, report alarm at end of day."
97,Failed Remote Return Air Sensor (CR),ThermoKing,Red,take action,"If unit/zone is shut down repair immediately. Otherwise, report alarm at end of day.","Truck, trailer, CR, DAS, DSR",4,3,1,33.33,"MODERATE RISK | Officially severe but lower empirical failure rate. Service recommended, may not always escalate. | TK action: If unit/zone is shut down repair immediately. Otherwise, report alarm at end of day."
529,Check Fuel Pump Circuit,ThermoKing,Yellow,check,"If unit is shut down repair immediately. Otherwise, report alarm at end of day.",Precedent 500 Series,4,3,1,33.33,"MODERATE RISK | Empirical failure rate: 33%. Follow TK operator action guidelines. | TK action: If unit is shut down repair immediately. Otherwise, report alarm at end of day."
615,Rail Pressure Fault,ThermoKing,Yellow,check,"If unit is shut down repair immediately. Otherwise, report alarm at end of day.","Precedent 600 Series, DTC",4,3,1,33.33,"MODERATE RISK | Empirical failure rate: 33%. Follow TK operator action guidelines. | TK action: If unit is shut down repair immediately. Otherwise, report alarm at end of day."
85,Forced Unit Operation,ThermoKing,Green,ok,Report alarm at end of day.,"Truck, trailer, CR, DAS, DSR",3,3,1,33.33,MODERATE RISK | Officially informational but ELEVATED empirical failure rate. Investigate further. | TK action: Report alarm at end of day.
84,Restart Null,ThermoKing,Green,ok,Report alarm at end of day.,"Truck, trailer, CR, DAS, DSR",9,7,2,28.57,MODERATE RISK | Informational. No immediate action needed. | TK action: Report alarm at end of day.
22101,Sensor Input Voltage Low INP1,Carrier,Yellow,check,Check and repair at end of trip.,Carrier APX,11,4,1,25.0,MODERATE RISK | Empirical failure rate: 25%. Follow Carrier operator action guidelines. | Carrier action: Check and repair at end of trip.
29,Defrost Damper Circuit Check (Zone),ThermoKing,Yellow,check,Manually monitor temperature. Report alarm at end of day.,"Truck, trailer, CR, DAS, DSR",8,4,1,25.0,MODERATE RISK | Empirical failure rate: 25%. Follow TK operator action guidelines. | TK action: Manually monitor temperature. Report alarm at end of day.
63,Engine or Vapor Motor Stopped,ThermoKing,Red,take action,"If unit is shut down repair immediately. Otherwise, report alarm at end of day.","Truck, trailer, CR, DAS, DSR",5,4,1,25.0,"MODERATE RISK | Officially severe but lower empirical failure rate. Service recommended, may not always escalate. | TK action: If unit is shut down repair immediately. Otherwise, report alarm at end of day."
98,Check Fuel Level Sensor,ThermoKing,Green,ok,Report alarm at end of day.,"Truck, trailer, CR, DAS, DSR",5,4,1,25.0,MODERATE RISK | Informational. No immediate action needed. | TK action: Report alarm at end of day.
63,C3 Box Temp Out of Range,Carrier,Yellow,check,"Reset*, report reactivation.",Carrier APX,5,4,1,25.0,"MODERATE RISK | Empirical failure rate: 25%. Follow Carrier operator action guidelines. | Carrier action: Reset*, report reactivation."
11,Unit or Zone Controlling on Alternate Sensor (Zone),ThermoKing,Yellow,check,Manually monitor temperature. Report alarm at end of day.,"Truck, trailer, CR, DAS, DSR",15,9,2,22.22,MODERATE RISK | Empirical failure rate: 22%. Follow TK operator action guidelines. | TK action: Manually monitor temperature. Report alarm at end of day.
54,Test Mode Timeout,ThermoKing,Green,ok,Clear alarm and restart unit.,"Truck, trailer, CR, DAS, DSR",118,41,9,21.95,MODERATE RISK | Informational. No immediate action needed. | TK action: Clear alarm and restart unit.
54,Defrost Not Complete,Carrier,Yellow,check,Check and repair at end of trip.,Carrier APX,118,41,9,21.95,MODERATE RISK | Empirical failure rate: 22%. Follow Carrier operator action guidelines. | Carrier action: Check and repair at end of trip.
13,Sensor Check (Zone),ThermoKing,Yellow,check,Manually monitor temperature. Report alarm at end of day.,"Truck, trailer, CR, DAS, DSR",31,18,3,16.67,LOW RISK | Monitor condition. Report at next stop per TK manual. | TK action: Manually monitor temperature. Report alarm at end of day.
3001,Engine Load Calibration,Carrier,Yellow,check,"Reset, report reactivation.",Carrier APX,6,6,1,16.67,"LOW RISK | Monitor condition. Report at next stop per Carrier manual. | Carrier action: Reset, report reactivation."
7,Check Engine RPM Sensor,ThermoKing,Green,ok,Report alarm at end of day.,"Truck, trailer, CR, DAS, DSR",28,13,2,15.38,LOW RISK | Informational. No immediate action needed. | TK action: Report alarm at end of day.
603,Check Exhaust Pressure Sensor,ThermoKing,Green,ok,Report alarm at end of day.,"Precedent 600 Series, DTC",16,7,1,14.29,LOW RISK | Informational. No immediate action needed. | TK action: Report alarm at end of day.
204,Check Display Discharge Air Sensor (Zone),ThermoKing,Yellow,check,Manually monitor temperature. Report alarm at end of day.,"Truck, trailer, CR, DAS, DSR",10,7,1,14.29,LOW RISK | Monitor condition. Report at next stop per TK manual. | TK action: Manually monitor temperature. Report alarm at end of day.
28,Pretrip or Self Check Abort,ThermoKing,Green,ok,Report alarm at end of day.,"Truck, trailer, CR, DAS, DSR",18,16,2,12.5,LOW RISK | Informational. No immediate action needed. | TK action: Report alarm at end of day.
126,Check Back Pressure Regulator (CR),ThermoKing,Yellow,check,Manually monitor load temperature. Report this alarm at the end of the day.,"Truck, trailer, CR, DAS, DSR",18,9,1,11.11,LOW RISK | Monitor condition. Report at next stop per TK manual. | TK action: Manually monitor load temperature. Report this alarm at the end of the day.
126,Check Fuel Sensor Circuit,Carrier,Yellow,check,Check and repair at end of trip.,Carrier APX,18,9,1,11.11,LOW RISK | Monitor condition. Report at next stop per Carrier manual. | Carrier action: Check and repair at end of trip.
5021,Check Htr Cntr Two,Carrier,Yellow,check,"Reset, report reactivation.",Carrier APX,13,1,0,0.0,"MINIMAL RISK | Monitor condition. Report at next stop per Carrier manual. | Carrier action: Reset, report reactivation."
78,Data Log EPROM Failure,ThermoKing,Red,take action,"If unit is shut down repair immediately. Otherwise, report alarm at end of day.","Truck, trailer, CR, DAS, DSR",5,2,0,0.0,"MINIMAL RISK | Officially severe but lower empirical failure rate. Service recommended, may not always escalate. | TK action: If unit is shut down repair immediately. Otherwise, report alarm at end of day."
122,Check Diesel/Electric Circuit,ThermoKing,Yellow,check,"If unit is shut down repair immediately. Otherwise, report alarm at end of day.","Truck, trailer, CR, DAS, DSR",4,2,0,0.0,"MINIMAL RISK | Monitor condition. Report at next stop per TK manual. | TK action: If unit is shut down repair immediately. Otherwise, report alarm at end of day."
607,Check Fuel Temperature Sensor,ThermoKing,Green,ok,Report alarm at end of day.,"Precedent 600 Series, DTC",4,1,0,0.0,MINIMAL RISK | Informational. No immediate action needed. | TK action: Report alarm at end of day.
122,Check Return Air Sensor,Carrier,Yellow,check,"If shut down, repair immediately. Otherwise, report and repair at end of trip.",Carrier APX,4,2,0,0.0,"MINIMAL RISK | Monitor condition. Report at next stop per Carrier manual. | Carrier action: If shut down, repair immediately. Otherwise, report and repair at end of trip."
5010,Check Standby Contactor2,Carrier,Red,take action,Report and repair immediately.,Carrier APX,4,3,0,0.0,"MINIMAL RISK | Officially severe but lower empirical failure rate. Service recommended, may not always escalate. | Carrier action: Report and repair immediately."
31,Check Oil Pressure Switch,ThermoKing,Yellow,check,"If unit is shut down repair immediately. Otherwise, report alarm at end of day.","Truck, trailer, CR, DAS, DSR",3,3,0,0.0,"MINIMAL RISK | Monitor condition. Report at next stop per TK manual. | TK action: If unit is shut down repair immediately. Otherwise, report alarm at end of day."
36,Electric Motor Failed to Run,ThermoKing,Red,take action,Unit cannot operate and is shut down. Repair immediately. Switch to Diesel Mode,"Truck, trailer, CR, DAS, DSR",3,3,0,0.0,"MINIMAL RISK | Officially severe but lower empirical failure rate. Service recommended, may not always escalate. | TK action: Unit cannot operate and is shut down. Repair immediately. Switch to Diesel Mode"
68,Internal Controller Fault Code,ThermoKing,Red,take action,"If unit is shut down repair immediately. Otherwise, report alarm at end of day.","Truck, trailer, CR, DAS, DSR",3,3,0,0.0,"MINIMAL RISK | Officially severe but lower empirical failure rate. Service recommended, may not always escalate. | TK action: If unit is shut down repair immediately. Otherwise, report alarm at end of day."
604,Check Coolant Temp Sensor,ThermoKing,Green,ok,Report alarm at end of day.,"Precedent 600 Series, DTC",3,1,0,0.0,MINIMAL RISK | Informational. No immediate action needed. | TK action: Report alarm at end of day.
36,Check Coolant Temp,Carrier,Yellow,check,Check and repair at end of trip.,Carrier APX,3,3,0,0.0,MINIMAL RISK | Monitor condition. Report at next stop per Carrier manual. | Carrier action: Check and repair at end of trip.
10,High Discharge Pressure (or Temperature),ThermoKing,Red,take action,"If unit is shut down repair immediately. Otherwise, report alarm at end of day.","Truck, trailer, CR, DAS, DSR",2,1,0,0.0,"MINIMAL RISK | Officially severe but lower empirical failure rate. Service recommended, may not always escalate. | TK action: If unit is shut down repair immediately. Otherwise, report alarm at end of day."
123,Check Evap Coil Inlet Temp Sensor (CR),ThermoKing,Yellow,check,Manually monitor temperature. Report alarm at end of day.,"Truck, trailer, CR, DAS, DSR",2,1,0,0.0,MINIMAL RISK | Monitor condition. Report at next stop per TK manual. | TK action: Manually monitor temperature. Report alarm at end of day.
123,Check Supply Air Sensor,Carrier,Unknown,,,Carrier APX,2,1,0,0.0,MINIMAL RISK | Empirical failure rate: 0%. Follow Carrier operator action guidelines.
229,Service Soon PM 4 Due,Carrier,Yellow,check,Check and repair at end of trip.,Carrier APX,2,1,0,0.0,MINIMAL RISK | Monitor condition. Report at next stop per Carrier manual. | Carrier action: Check and repair at end of trip.
20,Engine (Vapor Motor CR) Failed to Start,ThermoKing,Yellow,check,"If unit/zone is shut down repair immediately. Otherwise, report alarm at end of day.","Truck, trailer, CR, DAS, DSR",1,1,0,0.0,"MINIMAL RISK | Monitor condition. Report at next stop per TK manual. | TK action: If unit/zone is shut down repair immediately. Otherwise, report alarm at end of day."
32,Refrigeration Capacity Low (Zone),ThermoKing,Red,take action,Unit/zone cannot operate and is shut down. Repair immediately.,"Truck, trailer, CR, DAS, DSR",1,1,0,0.0,"MINIMAL RISK | Officially severe but lower empirical failure rate. Service recommended, may not always escalate. | TK action: Unit/zone cannot operate and is shut down. Repair immediately."
34,Check Modulation Circuit,ThermoKing,Yellow,check,Manually monitor temperature. Report alarm at end of day.,"Truck, trailer, CR, DAS, DSR",1,1,0,0.0,MINIMAL RISK | Monitor condition. Report at next stop per TK manual. | TK action: Manually monitor temperature. Report alarm at end of day.
40,Check High Speed Circuit,ThermoKing,Yellow,check,"If unit is shut down repair immediately. Otherwise, report alarm at end of day.","Truck, trailer, CR, DAS, DSR",1,1,0,0.0,"MINIMAL RISK | Monitor condition. Report at next stop per TK manual. | TK action: If unit is shut down repair immediately. Otherwise, report alarm at end of day."
44,Check Fuel System,ThermoKing,Red,take action,"Add fuel as necessary. Otherwise, report alarm at end of day.","Truck, trailer, CR, DAS, DSR",1,1,0,0.0,"MINIMAL RISK | Officially severe but lower empirical failure rate. Service recommended, may not always escalate. | TK action: Add fuel as necessary. Otherwise, report alarm at end of day."
94,Check Loader #1 Circuit,ThermoKing,Green,ok,"If unit is shut down repair immediately. Otherwise, report alarm at end of day.","Truck, trailer, CR, DAS, DSR",1,1,0,0.0,"MINIMAL RISK | Informational. No immediate action needed. | TK action: If unit is shut down repair immediately. Otherwise, report alarm at end of day."
95,Check Loader #2 Circuit,ThermoKing,Green,ok,"If unit is shut down repair immediately. Otherwise, report alarm at end of day.","Truck, trailer, CR, DAS, DSR",1,1,0,0.0,"MINIMAL RISK | Informational. No immediate action needed. | TK action: If unit is shut down repair immediately. Otherwise, report alarm at end of day."
128,Engine Run Time Maint Reminder #1/Service Due,ThermoKing,Green,ok,Report alarm at end of day.,"Truck, trailer, CR, DAS, DSR",1,1,0,0.0,MINIMAL RISK | Informational. No immediate action needed. | TK action: Report alarm at end of day.
129,Engine Run Time Maint Reminder #2,ThermoKing,Green,ok,Report alarm at end of day.,"Truck, trailer, CR, DAS, DSR",1,1,0,0.0,MINIMAL RISK | Informational. No immediate action needed. | TK action: Report alarm at end of day.
137,Check Damper Motor Heater Output,ThermoKing,Yellow,check,"If unit/zone is shut down repair immediately. Otherwise, report alarm at end of day.","Truck, trailer, CR, DAS, DSR",1,1,0,0.0,"MINIMAL RISK | Monitor condition. Report at next stop per TK manual. | TK action: If unit/zone is shut down repair immediately. Otherwise, report alarm at end of day."
519,Check Battery Charger Input Power,ThermoKing,Yellow,check,"If unit is shut down repair immediately. Otherwise, report alarm at end of day.",Precedent 500 Series,1,1,0,0.0,"MINIMAL RISK | Monitor condition. Report at next stop per TK manual. | TK action: If unit is shut down repair immediately. Otherwise, report alarm at end of day."
552,Battery Charger Charging – Low Battery,ThermoKing,Green,ok,nan,Precedent 500 Series,1,1,0,0.0,MINIMAL RISK | Informational. No immediate action needed.
609,Check Intake Pressure Sensor,ThermoKing,Green,ok,Report alarm at end of day.,"Precedent 600 Series, DTC",1,1,0,0.0,MINIMAL RISK | Informational. No immediate action needed. | TK action: Report alarm at end of day.
619,ECU Main Relay Fault,ThermoKing,Green,ok,Report alarm at end of day.,"Precedent 600 Series, DTC",1,1,0,0.0,MINIMAL RISK | Informational. No immediate action needed. | TK action: Report alarm at end of day.
40,Check Engine Preheat Circuit,Carrier,Yellow,check,"Unit will restart, report reactivation.",Carrier APX,1,1,0,0.0,"MINIMAL RISK | Monitor condition. Report at next stop per Carrier manual. | Carrier action: Unit will restart, report reactivation."
128,Low/Unbalanced A/C Amps,Carrier,Yellow,check,Check and repair at end of trip.,Carrier APX,1,1,0,0.0,MINIMAL RISK | Monitor condition. Report at next stop per Carrier manual. | Carrier action: Check and repair at end of trip.
129,Check Engine Coolant Sensor,Carrier,Yellow,check,Check and repair at end of trip.,Carrier APX,1,1,0,0.0,MINIMAL RISK | Monitor condition. Report at next stop per Carrier manual. | Carrier action: Check and repair at end of trip.
137,C2 Check Return Air Sensor,Carrier,Yellow,check,"Reset*, report reactivation.",Carrier APX,1,1,0,0.0,"MINIMAL RISK | Monitor condition. Report at next stop per Carrier manual. | Carrier action: Reset*, report reactivation."
4002,High Economizer Superheat,Carrier,Yellow,check,"Reset, report reactivation.",Carrier APX,1,1,0,0.0,"MINIMAL RISK | Monitor condition. Report at next stop per Carrier manual. | Carrier action: Reset, report reactivation."
5009,Check Standby Contactor1,Carrier,Red,take action,Report and repair immediately.,Carrier APX,1,1,0,0.0,"MINIMAL RISK | Officially severe but lower empirical failure rate. Service recommended, may not always escalate. | Carrier action: Report and repair immediately."
23101,Output Lost Configuration,Carrier,Red,take action,Report and repair immediately.,Carrier APX,1,1,0,0.0,"MINIMAL RISK | Officially severe but lower empirical failure rate. Service recommended, may not always escalate. | Carrier action: Report and repair immediately."
25102,Check Input Voltage STP1,Carrier,Yellow,check,"Reset, report reactivation.",Carrier APX,1,1,0,0.0,"MINIMAL RISK | Monitor condition. Report at next stop per Carrier manual. | Carrier action: Reset, report reactivation."
182,Check SV1 Valve,ThermoKing,Yellow,,Not in manufacturer reference,Telematics/Unknown,1,1,0,0.0,Observed in 2025 telematics but NOT in manufacturer alarm reference. Empirical failure rate: 0%. Investigate context.
0,No Alarms Exist,ThermoKing,Green,ok,No action required.,"Truck, trailer, CR, DAS, DSR",0,0,0,,Not observed in 2025. Per TK manual: informational only.
8,Unit Running on Coil Sensor (Zone),ThermoKing,Yellow,check,Manually monitor temperature. Report alarm at end of day.,"Truck, trailer, CR, DAS, DSR",0,0,0,,Not observed in 2025. Per TK manual: monitor and report.
9,High Evaporator Temperature (Zone),ThermoKing,Yellow,check,"If unit/zone is shut down repair immediately. Otherwise, report alarm at end of day.","Truck, trailer, CR, DAS, DSR",0,0,0,,Not observed in 2025. Per TK manual: monitor and report.
14,Defrost Terminated by Time,ThermoKing,Green,ok,Report alarm at end of day.,"Truck, trailer, CR, DAS, DSR",0,0,0,,Not observed in 2025. Per TK manual: informational only.
19,Low Engine Oil Pressure,ThermoKing,Yellow,check,"If unit is shut down repair immediately. Otherwise, report alarm at end of day.","Truck, trailer, CR, DAS, DSR",0,0,0,,Not observed in 2025. Per TK manual: monitor and report.
21,Cooling Cycle Check (Zone),ThermoKing,Yellow,check,Manually monitor temperature. Report alarm at end of day.,"Truck, trailer, CR, DAS, DSR",0,0,0,,Not observed in 2025. Per TK manual: monitor and report.
22,Heating Cycle Check (Zone),ThermoKing,Yellow,check,Manually monitor temperature. Report alarm at end of day.,"Truck, trailer, CR, DAS, DSR",0,0,0,,Not observed in 2025. Per TK manual: monitor and report.
23,Cooling Cycle Fault (Zone),ThermoKing,Red,take action,Unit/zone cannot operate and is shut down. Repair immediately.,"Truck, trailer, CR, DAS, DSR",0,0,0,,Not observed in 2025. Per TK manual: immediate service required.
24,Heating Cycle Fault (Zone),ThermoKing,Red,take action,Unit/zone cannot operate and is shut down. Repair immediately.,"Truck, trailer, CR, DAS, DSR",0,0,0,,Not observed in 2025. Per TK manual: immediate service required.
27,Vapor Motor RPM High (CR),ThermoKing,Red,take action,Unit cannot operate and is shut down. Repair immediately.,"Truck, trailer, CR, DAS, DSR",0,0,0,,Not observed in 2025. Per TK manual: immediate service required.
38,Electric Phase Reversed,ThermoKing,Red,take action,"If unit/zone is shut down repair immediately. Otherwise, report alarm at end of day.","Truck, trailer, CR, DAS, DSR",0,0,0,,Not observed in 2025. Per TK manual: immediate service required.
39,Check Water Valve Circuit,ThermoKing,Yellow,check,Manually monitor temperature. Report alarm at end of day.,"Truck, trailer, CR, DAS, DSR",0,0,0,,Not observed in 2025. Per TK manual: monitor and report.
46,Check Air Flow (Zone),ThermoKing,Yellow,check,Manually monitor temperature. Report alarm at end of day.,"Truck, trailer, CR, DAS, DSR",0,0,0,,Not observed in 2025. Per TK manual: monitor and report.
47,Remote Sensor Shutdown,ThermoKing,Red,take action,Unit/zone cannot operate and is shut down. Repair immediately.,"Truck, trailer, CR, DAS, DSR",0,0,0,,Not observed in 2025. Per TK manual: immediate service required.
48,Check Belts or Clutch,ThermoKing,Red,take action,"If unit is shut down repair immediately. Otherwise, report alarm at end of day.","Truck, trailer, CR, DAS, DSR",0,0,0,,Not observed in 2025. Per TK manual: immediate service required.
49,Check Spare Sensor 1,ThermoKing,Green,ok,Report alarm at end of day.,"Truck, trailer, CR, DAS, DSR",0,0,0,,Not observed in 2025. Per TK manual: informational only.
50,Reset Clock,ThermoKing,Green,ok,Report alarm at end of day.,"Truck, trailer, CR, DAS, DSR",0,0,0,,Not observed in 2025. Per TK manual: informational only.
52,Check Heat Circuit (Zone),ThermoKing,Yellow,check,"If unit/zone is shut down repair immediately. Otherwise, report alarm at end of day.","Truck, trailer, CR, DAS, DSR",0,0,0,,Not observed in 2025. Per TK manual: monitor and report.
55,Check Engine Speeds,ThermoKing,Green,ok,Report alarm at end of day.,"Truck, trailer, CR, DAS, DSR",0,0,0,,Not observed in 2025. Per TK manual: informational only.
56,Check Evaporator Fan Low Speed (Zone),ThermoKing,Yellow,check,"If unit/zone is shut down repair immediately. Otherwise, report alarm at end of day.","Truck, trailer, CR, DAS, DSR",0,0,0,,Not observed in 2025. Per TK manual: monitor and report.
57,Check Evaporator Fan High Speed (Zone),ThermoKing,Yellow,check,"If unit/zone is shut down repair immediately. Otherwise, report alarm at end of day.","Truck, trailer, CR, DAS, DSR",0,0,0,,Not observed in 2025. Per TK manual: monitor and report.
61,Low Battery Voltage,ThermoKing,Yellow,check,"If unit/zone is shut down repair immediately. Otherwise, report alarm at end of day.","Truck, trailer, CR, DAS, DSR",0,0,0,,Not observed in 2025. Per TK manual: monitor and report.
62,Ammeter Out of Calibration,ThermoKing,Red,take action,Unit cannot operate and is shut down. Repair immediately.,"Truck, trailer, CR, DAS, DSR",0,0,0,,Not observed in 2025. Per TK manual: immediate service required.
64,Pretrip Reminder,ThermoKing,Green,ok,Report alarm at end of day.,"Truck, trailer, CR, DAS, DSR",0,0,0,,Not observed in 2025. Per TK manual: informational only.
65,Abnormal Temperature Differential (Zone),ThermoKing,Yellow,check,"If unit/zone is shut down repair immediately. Otherwise, report alarm at end of day.","Truck, trailer, CR, DAS, DSR",0,0,0,,Not observed in 2025. Per TK manual: monitor and report.
66,Low Engine Oil Level,ThermoKing,Red,take action,"If unit is shut down repair immediately. Otherwise, report alarm at end of day.","Truck, trailer, CR, DAS, DSR",0,0,0,,Not observed in 2025. Per TK manual: immediate service required.
67,Check Liquid Line Solenoid Circuit (Zone),ThermoKing,Yellow,check,"If unit/zone is shut down repair immediately. Otherwise, report alarm at end of day.","Truck, trailer, CR, DAS, DSR",0,0,0,,Not observed in 2025. Per TK manual: monitor and report.
70,Hourmeter Failure,ThermoKing,Green,ok,Report alarm at end of day.,"Truck, trailer, CR, DAS, DSR",0,0,0,,Not observed in 2025. Per TK manual: informational only.
71,Hourmeter 4 Exceeds Set Time Limit,ThermoKing,Green,ok,Report alarm at end of day.,"Truck, trailer, CR, DAS, DSR",0,0,0,,Not observed in 2025. Per TK manual: informational only.
72,Hourmeter 5 Exceeds Set Time Limit,ThermoKing,Green,ok,Report alarm at end of day.,"Truck, trailer, CR, DAS, DSR",0,0,0,,Not observed in 2025. Per TK manual: informational only.
73,Hourmeter 6 Exceeds Set Time Limit,ThermoKing,Green,ok,Report alarm at end of day.,"Truck, trailer, CR, DAS, DSR",0,0,0,,Not observed in 2025. Per TK manual: informational only.
74,Controller Reset to Defaults,ThermoKing,Green,ok,Report alarm at end of day.,"Truck, trailer, CR, DAS, DSR",0,0,0,,Not observed in 2025. Per TK manual: informational only.
75,Controller RAM Failure,ThermoKing,Red,take action,"If unit is shut down repair immediately. Otherwise, report alarm at end of day.","Truck, trailer, CR, DAS, DSR",0,0,0,,Not observed in 2025. Per TK manual: immediate service required.
76,Controller EPROM Failure,ThermoKing,Red,take action,"If unit is shut down repair immediately. Otherwise, report alarm at end of day.","Truck, trailer, CR, DAS, DSR",0,0,0,,Not observed in 2025. Per TK manual: immediate service required.
77,Controller EPROM Checksum Failure,ThermoKing,Red,take action,"If unit is shut down repair immediately. Otherwise, report alarm at end of day.","Truck, trailer, CR, DAS, DSR",0,0,0,,Not observed in 2025. Per TK manual: immediate service required.
80,Check Compressor Temp Sensor,ThermoKing,Green,ok,Report alarm at end of day.,"Truck, trailer, CR, DAS, DSR",0,0,0,,Not observed in 2025. Per TK manual: informational only.
81,High Compressor Temp,ThermoKing,Red,take action,"If unit is shut down repair immediately. Otherwise, report alarm at end of day.","Truck, trailer, CR, DAS, DSR",0,0,0,,Not observed in 2025. Per TK manual: immediate service required.
82,High Compressor Temp Shutdown,ThermoKing,Red,take action,Unit cannot operate and is shut down. Repair immediately.,"Truck, trailer, CR, DAS, DSR",0,0,0,,Not observed in 2025. Per TK manual: immediate service required.
83,Low Engine Coolant Temp,ThermoKing,Green,ok,Report alarm at end of day.,"Truck, trailer, CR, DAS, DSR",0,0,0,,Not observed in 2025. Per TK manual: informational only.
88,Reserved for CR,ThermoKing,Green,ok,nan,"Truck, trailer, CR, DAS, DSR",0,0,0,,Not observed in 2025. Per TK manual: informational only.
90,Electric Overload,ThermoKing,Green,ok,"If unit is shut down repair immediately. Otherwise, report alarm at end of day.","Truck, trailer, CR, DAS, DSR",0,0,0,,Not observed in 2025. Per TK manual: informational only.
91,Check Electric Ready Input,ThermoKing,Green,ok,"If unit is shut down repair immediately. Otherwise, report alarm at end of day.","Truck, trailer, CR, DAS, DSR",0,0,0,,Not observed in 2025. Per TK manual: informational only.
92,Sensor Grades Not Set (Zone),ThermoKing,Green,ok,Report alarm at end of day.,"Truck, trailer, CR, DAS, DSR",0,0,0,,Not observed in 2025. Per TK manual: informational only.
93,Low Compressor Suction Pressure,ThermoKing,Green,ok,"If unit is shut down repair immediately. Otherwise, report alarm at end of day.","Truck, trailer, CR, DAS, DSR",0,0,0,,Not observed in 2025. Per TK manual: informational only.
99,High Compressor Pressure Ratio,ThermoKing,Red,take action,"If unit/zone is shut down repair immediately. Otherwise, report alarm at end of day.","Truck, trailer, CR, DAS, DSR",0,0,0,,Not observed in 2025. Per TK manual: immediate service required.
100,Heater Fan Failure (CR),ThermoKing,Yellow,check,"If unit/zone is shut down repair immediately. Otherwise, report alarm at end of day.","Truck, trailer, CR, DAS, DSR",0,0,0,,Not observed in 2025. Per TK manual: monitor and report.
101,Controlling on Evap Coil Outlet Temp (CR),ThermoKing,Red,take action,Manually monitor temperature. Report alarm at end of day.,"Truck, trailer, CR, DAS, DSR",0,0,0,,Not observed in 2025. Per TK manual: immediate service required.
102,Low Evaporator Coil Temperature (CR),ThermoKing,Yellow,check,"If unit/zone is shut down repair immediately. Otherwise, report alarm at end of day.","Truck, trailer, CR, DAS, DSR",0,0,0,,Not observed in 2025. Per TK manual: monitor and report.
103,Low Heater Fuel Level (CR),ThermoKing,Yellow,check,Manually monitor temperature. Report alarm at end of day.,"Truck, trailer, CR, DAS, DSR",0,0,0,,Not observed in 2025. Per TK manual: monitor and report.
104,Check Remote Fan Speed (Zone),ThermoKing,Yellow,check,Manually monitor temperature. Report alarm at end of day.,"Truck, trailer, CR, DAS, DSR",0,0,0,,Not observed in 2025. Per TK manual: monitor and report.
105,Check Receiver Tank Press Sol Circuit,ThermoKing,Yellow,check,"If unit is shut down repair immediately. Otherwise, report alarm at end of day.","Truck, trailer, CR, DAS, DSR",0,0,0,,Not observed in 2025. Per TK manual: monitor and report.
106,Check Purge Valve Circuit,ThermoKing,Yellow,check,"If unit is shut down repair immediately. Otherwise, report alarm at end of day.","Truck, trailer, CR, DAS, DSR",0,0,0,,Not observed in 2025. Per TK manual: monitor and report.
107,Check Condenser Inlet Sol Circuit,ThermoKing,Yellow,check,"If unit is shut down repair immediately. Otherwise, report alarm at end of day.","Truck, trailer, CR, DAS, DSR",0,0,0,,Not observed in 2025. Per TK manual: monitor and report.
109,Check High Discharge Pressure Sensor,ThermoKing,Unknown,na,Replaced by Alarm Code 86,"Truck, trailer, CR, DAS, DSR",0,0,0,,Not observed in 2025. Per TK manual: informational only.
110,Check Suction Line Sol Circuit (Zone),ThermoKing,Yellow,check,"If unit/zone is shut down repair immediately. Otherwise, report alarm at end of day.","Truck, trailer, CR, DAS, DSR",0,0,0,,Not observed in 2025. Per TK manual: monitor and report.
112,Check Remote Fans (Zone),ThermoKing,Yellow,check,"If unit/zone is shut down repair immediately. Otherwise, report alarm at end of day.","Truck, trailer, CR, DAS, DSR",0,0,0,,Not observed in 2025. Per TK manual: monitor and report.
113,Check Electric Heat Circuit (Zone),ThermoKing,Yellow,check,Manually monitor temperature. Report alarm at end of day.,"Truck, trailer, CR, DAS, DSR",0,0,0,,Not observed in 2025. Per TK manual: monitor and report.
114,Multiple Alarms - Can Not Run (Zone),ThermoKing,Red,take action,Unit/zone cannot operate and is shut down. Repair immediately.,"Truck, trailer, CR, DAS, DSR",0,0,0,,Not observed in 2025. Per TK manual: immediate service required.
115,Check High Pressure Cut Out Switch,ThermoKing,Yellow,check,"If unit is shut down repair immediately. Otherwise, report alarm at end of day.","Truck, trailer, CR, DAS, DSR",0,0,0,,Not observed in 2025. Per TK manual: monitor and report.
116,Check High Pressure Cut In Switch,ThermoKing,Green,ok,Report alarm at end of day.,"Truck, trailer, CR, DAS, DSR",0,0,0,,Not observed in 2025. Per TK manual: informational only.
117,Auto Switch from Diesel to Electric,ThermoKing,Green,ok,Normal operation – does not affect performance.,"Truck, trailer, CR, DAS, DSR",0,0,0,,Not observed in 2025. Per TK manual: informational only.
118,Auto Switch from Electric to Diesel,ThermoKing,Green,ok,Normal operation – does not affect performance.,"Truck, trailer, CR, DAS, DSR",0,0,0,,Not observed in 2025. Per TK manual: informational only.
119,Reserved for CR,ThermoKing,Unknown,na,nan,"Truck, trailer, CR, DAS, DSR",0,0,0,,Not observed in 2025. Per TK manual: informational only.
120,Check Alternator Excite Circuit,ThermoKing,Yellow,check,"If unit is shut down repair immediately. Otherwise, report alarm at end of day.","Truck, trailer, CR, DAS, DSR",0,0,0,,Not observed in 2025. Per TK manual: monitor and report.
125,Check Tank Level Sensor (CR),ThermoKing,Yellow,check,"If unit is shut down repair immediately. Otherwise, report alarm at end of day.","Truck, trailer, CR, DAS, DSR",0,0,0,,Not observed in 2025. Per TK manual: monitor and report.
130,Electric Run Time Maint Reminder #1,ThermoKing,Green,ok,Report alarm at end of day.,"Truck, trailer, CR, DAS, DSR",0,0,0,,Not observed in 2025. Per TK manual: informational only.
131,Electric Run Time Maint Reminder #2,ThermoKing,Green,ok,Report alarm at end of day.,"Truck, trailer, CR, DAS, DSR",0,0,0,,Not observed in 2025. Per TK manual: informational only.
133,Total Unit Run Time Maint Reminder #2,ThermoKing,Green,ok,Report alarm at end of day.,"Truck, trailer, CR, DAS, DSR",0,0,0,,Not observed in 2025. Per TK manual: informational only.
134,Controller Power On Hours,ThermoKing,Green,ok,Report alarm at end of day.,"Truck, trailer, CR, DAS, DSR",0,0,0,,Not observed in 2025. Per TK manual: informational only.
135,Check Spare Digital Inputs,ThermoKing,Green,ok,Report alarm at end of day.,"Truck, trailer, CR, DAS, DSR",0,0,0,,Not observed in 2025. Per TK manual: informational only.
136,Check Spare Digital Outputs,ThermoKing,Green,ok,Report alarm at end of day.,"Truck, trailer, CR, DAS, DSR",0,0,0,,Not observed in 2025. Per TK manual: informational only.
138,Log DAS Real Time Clock Battery Failure (DAS),ThermoKing,Green,ok,Report alarm at end of day.,"Truck, trailer, CR, DAS, DSR",0,0,0,,Not observed in 2025. Per TK manual: informational only.
139,Abort Evacuation Mode,ThermoKing,Green,ok,Report alarm at end of day.,"Truck, trailer, CR, DAS, DSR",0,0,0,,Not observed in 2025. Per TK manual: informational only.
140,Not currently used,ThermoKing,Unknown,na,nan,"Truck, trailer, CR, DAS, DSR",0,0,0,,Not observed in 2025. Per TK manual: informational only.
141,Auto Switch Diesel to Electric Disabled,ThermoKing,Yellow,check,Report alarm at end of day.,"Truck, trailer, CR, DAS, DSR",0,0,0,,Not observed in 2025. Per TK manual: monitor and report.
142,Check Thermax Valve,ThermoKing,Yellow,check,"If unit is shut down repair immediately. Otherwise, report alarm at end of day.","Truck, trailer, CR, DAS, DSR",0,0,0,,Not observed in 2025. Per TK manual: monitor and report.
143,Check Remote Drain Hose Heater Output (Zone),ThermoKing,Green,ok,Report alarm at end of day.,"Truck, trailer, CR, DAS, DSR",0,0,0,,Not observed in 2025. Per TK manual: informational only.
144,Lost CAN Communications to Expansion Module,ThermoKing,Red,take action,Unit cannot operate and is shut down. Repair immediately.,"Truck, trailer, CR, DAS, DSR",0,0,0,,Not observed in 2025. Per TK manual: immediate service required.
145,Lost Controller ON Feedback Signal,ThermoKing,Yellow,check,"If unit is shut down repair immediately. Otherwise, report alarm at end of day.","Truck, trailer, CR, DAS, DSR",0,0,0,,Not observed in 2025. Per TK manual: monitor and report.
146,Software Version Mismatch,ThermoKing,Green,ok,Report alarm at end of day.,"Truck, trailer, CR, DAS, DSR",0,0,0,,Not observed in 2025. Per TK manual: informational only.
147,Check Multi-Temp Fan Speed Control Output (Zone),ThermoKing,Yellow,check,Manually monitor load temperature. Report this alarm at the end of the day.,"Truck, trailer, CR, DAS, DSR",0,0,0,,Not observed in 2025. Per TK manual: monitor and report.
148,Auto Switch Electric to Diesel Disabled,ThermoKing,Yellow,check,Report alarm at end of day.,"Truck, trailer, CR, DAS, DSR",0,0,0,,Not observed in 2025. Per TK manual: monitor and report.
149,Alarm Not Identified,ThermoKing,Yellow,check,"If unit/zone is shut down repair immediately. Otherwise, report alarm at end of day.","Truck, trailer, CR, DAS, DSR",0,0,0,,Not observed in 2025. Per TK manual: monitor and report.
150,Sensor Out of Range Low (DAS and HMI) (Zone),ThermoKing,Green,ok,Report alarm at end of day.,"Truck, trailer, CR, DAS, DSR",0,0,0,,Not observed in 2025. Per TK manual: informational only.
151,Sensor Out of Range High (DAS and HMI) (Zone),ThermoKing,Green,ok,Report alarm at end of day.,"Truck, trailer, CR, DAS, DSR",0,0,0,,Not observed in 2025. Per TK manual: informational only.
152,DAS Failed Sensor (DAS),ThermoKing,Green,ok,Report alarm at end of day.,"Truck, trailer, CR, DAS, DSR",0,0,0,,Not observed in 2025. Per TK manual: informational only.
153,Expansion Module Flash Load Failure,ThermoKing,Green,ok,Report alarm at end of day.,"Truck, trailer, CR, DAS, DSR",0,0,0,,Not observed in 2025. Per TK manual: informational only.
154,Low Suction Pressure Switch Failure,ThermoKing,Yellow,check,"If unit is shut down repair immediately. Otherwise, report alarm at end of day.","Truck, trailer, CR, DAS, DSR",0,0,0,,Not observed in 2025. Per TK manual: monitor and report.
155,Lost CAN Communications to HMI,ThermoKing,Red,take action,Unit cannot operate and is shut down. Repair immediately.,"Truck, trailer, CR, DAS, DSR",0,0,0,,Not observed in 2025. Per TK manual: immediate service required.
156,Check Suction/Liquid Heat Exchanger Bypass Valve,ThermoKing,Yellow,check,"If unit is shut down repair immediately. Otherwise, report alarm at end of day.","Truck, trailer, CR, DAS, DSR",0,0,0,,Not observed in 2025. Per TK manual: monitor and report.
157,OptiSet Plus Profile Mismatch,ThermoKing,Green,ok,Report alarm at end of day.,"Truck, trailer, CR, DAS, DSR",0,0,0,,Not observed in 2025. Per TK manual: informational only.
158,Primary Software Failed to Load,ThermoKing,Green,ok,Report alarm at end of day.,"Truck, trailer, CR, DAS, DSR",0,0,0,,Not observed in 2025. Per TK manual: informational only.
160,Lost CAN Communications to Radio Expansion Board,ThermoKing,Green,ok,Report alarm at end of day.,"Truck, trailer, CR, DAS, DSR",0,0,0,,Not observed in 2025. Per TK manual: informational only.
161,Log DAS Real Time Clock Invalid (DAS),ThermoKing,Green,ok,Report alarm at end of day.,"Truck, trailer, CR, DAS, DSR",0,0,0,,Not observed in 2025. Per TK manual: informational only.
163,Emission Control Failure,ThermoKing,Yellow,check,"If unit is shut down repair immediately. Otherwise, report alarm at end of day.","Truck, trailer, CR, DAS, DSR",0,0,0,,Not observed in 2025. Per TK manual: monitor and report.
175,Check Electronic Expansion Valve (CR),ThermoKing,Yellow,check,"If unit is shut down repair immediately. Otherwise, report alarm at end of day.","Truck, trailer, CR, DAS, DSR",0,0,0,,Not observed in 2025. Per TK manual: monitor and report.
176,Check Evaporator Pressure Sensor (CR),ThermoKing,Yellow,check,"If unit is shut down repair immediately. Otherwise, report alarm at end of day.","Truck, trailer, CR, DAS, DSR",0,0,0,,Not observed in 2025. Per TK manual: monitor and report.
177,Check CO 2 Tank Pressure Sensor (CR),ThermoKing,Yellow,check,"If unit is shut down repair immediately. Otherwise, report alarm at end of day.","Truck, trailer, CR, DAS, DSR",0,0,0,,Not observed in 2025. Per TK manual: monitor and report.
178,Low CO 2 Fuel Level (CR),ThermoKing,Yellow,check,"If unit is shut down repair immediately. Otherwise, report alarm at end of day.","Truck, trailer, CR, DAS, DSR",0,0,0,,Not observed in 2025. Per TK manual: monitor and report.
180,TriPac Compressor Alarm,ThermoKing,Yellow,check,"If unit is shut down repair immediately. Otherwise, report alarm at end of day.","Truck, trailer, CR, DAS, DSR",0,0,0,,Not observed in 2025. Per TK manual: monitor and report.
188,Log DAS Microprocessor Fault (DAS),ThermoKing,Yellow,check,Report alarm at end of day.,"Truck, trailer, CR, DAS, DSR",0,0,0,,Not observed in 2025. Per TK manual: monitor and report.
216,Check DAS Digital Inputs (DAS),ThermoKing,Green,ok,Report alarm at end of day.,"Truck, trailer, CR, DAS, DSR",0,0,0,,Not observed in 2025. Per TK manual: informational only.
233,"REB Switching Off, Conservative to Full Null",ThermoKing,Green,ok,Report alarm at end of day.,"Truck, trailer, CR, DAS, DSR",0,0,0,,Not observed in 2025. Per TK manual: informational only.
234,Check Relative Humidity Sensor Circuit,ThermoKing,Green,ok,Report alarm at end of day.,"Truck, trailer, CR, DAS, DSR",0,0,0,,Not observed in 2025. Per TK manual: informational only.
235,High Engine Coolant Temperature Check,ThermoKing,Green,ok,Report alarm at end of day.,"Truck, trailer, CR, DAS, DSR",0,0,0,,Not observed in 2025. Per TK manual: informational only.
250,DAS Clock Time Reset (DAS),ThermoKing,Green,ok,Report alarm at end of day.,"Truck, trailer, CR, DAS, DSR",0,0,0,,Not observed in 2025. Per TK manual: informational only.
251,Check Radio Expansion Board Configuration,ThermoKing,Green,ok,Report alarm at end of day.,"Truck, trailer, CR, DAS, DSR",0,0,0,,Not observed in 2025. Per TK manual: informational only.
252,Check Auto Fresh Air Exchange Circuit,ThermoKing,Green,ok,Report alarm at end of day.,"Truck, trailer, CR, DAS, DSR",0,0,0,,Not observed in 2025. Per TK manual: informational only.
253,"REB On Back Up Battery, Alarms Disabled",ThermoKing,Green,ok,Report alarm at end of day.,"Truck, trailer, CR, DAS, DSR",0,0,0,,Not observed in 2025. Per TK manual: informational only.
254,Check Auxiliary Coolant Temp Sensor,ThermoKing,Green,ok,Report alarm at end of day.,"Truck, trailer, CR, DAS, DSR",0,0,0,,Not observed in 2025. Per TK manual: informational only.
500,Check Host Evaporator Blower Low Speed,ThermoKing,Yellow,check,Not implemented,Precedent 500 Series,0,0,0,,Not observed in 2025. Per TK manual: monitor and report.
501,Check Host Evaporator Blower High Speed,ThermoKing,Yellow,check,Not implemented,Precedent 500 Series,0,0,0,,Not observed in 2025. Per TK manual: monitor and report.
505,Check Roadside Condenser Fan Motor Speed Circuit,ThermoKing,Yellow,check,"If unit is shut down repair immediately. Otherwise, report alarm at end of day.",Precedent 500 Series,0,0,0,,Not observed in 2025. Per TK manual: monitor and report.
506,Check Curbside Condenser Fan Motor Speed Circuit,ThermoKing,Yellow,check,"If unit is shut down repair immediately. Otherwise, report alarm at end of day.",Precedent 500 Series,0,0,0,,Not observed in 2025. Per TK manual: monitor and report.
507,Check Digital Scroll Output Circuit (Scroll Only),ThermoKing,Green,ok,"If unit is shut down repair immediately. Otherwise, report alarm at end of day.",Precedent 500 Series,0,0,0,,Not observed in 2025. Per TK manual: informational only.
508,Speed Request Communication Error,ThermoKing,Green,ok,Report alarm at end of day.,Precedent 500 Series,0,0,0,,Not observed in 2025. Per TK manual: informational only.
509,ECU Failed to Enable,ThermoKing,Yellow,check,"If unit is shut down repair immediately. Otherwise, report alarm at end of day.",Precedent 500 Series,0,0,0,,Not observed in 2025. Per TK manual: monitor and report.
510,ECU Run Signal Failed,ThermoKing,Yellow,check,"If unit is shut down repair immediately. Otherwise, report alarm at end of day.",Precedent 500 Series,0,0,0,,Not observed in 2025. Per TK manual: monitor and report.
511,Engine Wait to Start Time Delay Expired,ThermoKing,Green,ok,Report alarm at end of day.,Precedent 500 Series,0,0,0,,Not observed in 2025. Per TK manual: informational only.
512,High Compressor Suction Pressure (Scroll Only),ThermoKing,Yellow,check,"If unit is shut down repair immediately. Otherwise, report alarm at end of day.",Precedent 500 Series,0,0,0,,Not observed in 2025. Per TK manual: monitor and report.
513,Low Compressor Suction Ratio (Scroll Only),ThermoKing,Yellow,check,"If unit is shut down repair immediately. Otherwise, report alarm at end of day.",Precedent 500 Series,0,0,0,,Not observed in 2025. Per TK manual: monitor and report.
514,Low Compressor Discharge Pressure (Scroll Only),ThermoKing,Yellow,check,"If unit is shut down repair immediately. Otherwise, report alarm at end of day.",Precedent 500 Series,0,0,0,,Not observed in 2025. Per TK manual: monitor and report.
515,Minimum ETV Discharge Superheat Temp (Scroll),ThermoKing,Yellow,check,"If unit is shut down repair immediately. Otherwise, report alarm at end of day.",Precedent 500 Series,0,0,0,,Not observed in 2025. Per TK manual: monitor and report.
516,I/O Controller to Application Controller Com Failure,ThermoKing,Red,take action,The unit is no longer able to operate and has been shut down. Repair immediately.,Precedent 500 Series,0,0,0,,Not observed in 2025. Per TK manual: immediate service required.
521,Battery Charger External/Environmental Fault,ThermoKing,Yellow,check,"If unit is shut down repair immediately. Otherwise, report alarm at end of day.",Precedent 500 Series,0,0,0,,Not observed in 2025. Per TK manual: monitor and report.
523,Battery Charger Indicated Conditions,ThermoKing,Yellow,check,"If unit is shut down repair immediately. Otherwise, report alarm at end of day.",Precedent 500 Series,0,0,0,,Not observed in 2025. Per TK manual: monitor and report.
524,Generator Op Limit V out to Frequency Ration,ThermoKing,Yellow,check,"If unit is shut down repair immediately. Otherwise, report alarm at end of day.",Precedent 500 Series,0,0,0,,Not observed in 2025. Per TK manual: monitor and report.
525,Generator Frequency Range Fault,ThermoKing,Yellow,check,"If unit is shut down repair immediately. Otherwise, report alarm at end of day.",Precedent 500 Series,0,0,0,,Not observed in 2025. Per TK manual: monitor and report.
526,Generator Operational Limit Output Current,ThermoKing,Yellow,check,"If unit is shut down repair immediately. Otherwise, report alarm at end of day.",Precedent 500 Series,0,0,0,,Not observed in 2025. Per TK manual: monitor and report.
530,Low Pressure Differential (Scroll only),ThermoKing,Yellow,check,"If unit is shut down repair immediately. Otherwise, report alarm at end of day.",Precedent 500 Series,0,0,0,,Not observed in 2025. Per TK manual: monitor and report.
531,Check Economizer Pressure Sensor (Scroll only),ThermoKing,Yellow,check,"If unit is shut down repair immediately. Otherwise, report alarm at end of day.",Precedent 500 Series,0,0,0,,Not observed in 2025. Per TK manual: monitor and report.
538,Engine J1939 CAN Data Link Degraded,ThermoKing,Yellow,check,"If unit is shut down repair immediately. Otherwise, report alarm at end of day.",Precedent 500 Series,0,0,0,,Not observed in 2025. Per TK manual: monitor and report.
539,Engine J1939 CAN Data Link Failed,ThermoKing,Yellow,check,"If unit is shut down repair immediately. Otherwise, report alarm at end of day.",Precedent 500 Series,0,0,0,,Not observed in 2025. Per TK manual: monitor and report.
540,Illegal Engine Operating State,ThermoKing,Yellow,check,"If unit is shut down repair immediately. Otherwise, report alarm at end of day.",Precedent 500 Series,0,0,0,,Not observed in 2025. Per TK manual: monitor and report.
542,Battery Charger Fault – Unit Forced to Low Speed,ThermoKing,Green,ok,Maintenance information only. Report alarm at end of day.,Precedent 500 Series,0,0,0,,Not observed in 2025. Per TK manual: informational only.
543,Battery Charger Internal Short,ThermoKing,Green,ok,Maintenance information only. Report alarm at end of day.,Precedent 500 Series,0,0,0,,Not observed in 2025. Per TK manual: informational only.
544,Battery Charger External Short,ThermoKing,Green,ok,Maintenance information only. Report alarm at end of day.,Precedent 500 Series,0,0,0,,Not observed in 2025. Per TK manual: informational only.
545,Battery Charger Output Voltage Exceeded Limit,ThermoKing,Green,ok,Maintenance information only. Report alarm at end of day.,Precedent 500 Series,0,0,0,,Not observed in 2025. Per TK manual: informational only.
546,Battery Charger Operating Bulk Voltage Out of Range,ThermoKing,Green,ok,Maintenance information only. Report alarm at end of day.,Precedent 500 Series,0,0,0,,Not observed in 2025. Per TK manual: informational only.
547,AC Bus Phase Loss,ThermoKing,Yellow,check,"If unit is shut down repair immediately. Otherwise, report alarm at end of day.",Precedent 500 Series,0,0,0,,Not observed in 2025. Per TK manual: monitor and report.
548,Battery Charger Temperature Below Operating Range,ThermoKing,Green,ok,Maintenance information only. Report alarm at end of day.,Precedent 500 Series,0,0,0,,Not observed in 2025. Per TK manual: informational only.
549,Battery Charger AC Input Overvoltage,ThermoKing,Green,ok,Maintenance information only. Report alarm at end of day.,Precedent 500 Series,0,0,0,,Not observed in 2025. Per TK manual: informational only.
550,Battery Charger Internal Overvoltage Fault,ThermoKing,Yellow,check,"If unit is shut down repair immediately. Otherwise, report alarm at end of day.",Precedent 500 Series,0,0,0,,Not observed in 2025. Per TK manual: monitor and report.
551,Battery Charger Internal Temp Sensor Fault,ThermoKing,Green,ok,nan,Precedent 500 Series,0,0,0,,Not observed in 2025. Per TK manual: informational only.
553,Battery Charger Operating Derated Due to High temp,ThermoKing,Green,ok,nan,Precedent 500 Series,0,0,0,,Not observed in 2025. Per TK manual: informational only.
599,Engine Service Tool Connected,ThermoKing,Green,ok,Report alarm at end of day.,Precedent 500 Series,0,0,0,,Not observed in 2025. Per TK manual: informational only.
600,Check Crankshaft Speed Sensor,ThermoKing,Green,ok,Report alarm at end of day.,"Precedent 600 Series, DTC",0,0,0,,Not observed in 2025. Per TK manual: informational only.
605,Check Fresh Air Temp Sensor,ThermoKing,Green,ok,Report alarm at end of day.,"Precedent 600 Series, DTC",0,0,0,,Not observed in 2025. Per TK manual: informational only.
608,Check Rail Pressure Sensor,ThermoKing,Green,ok,Report alarm at end of day.,"Precedent 600 Series, DTC",0,0,0,,Not observed in 2025. Per TK manual: informational only.
611,Check Glow Plug Circuit,ThermoKing,Green,ok,Report alarm at end of day.,"Precedent 600 Series, DTC",0,0,0,,Not observed in 2025. Per TK manual: informational only.
613,Check Injectors,ThermoKing,Green,ok,Report alarm at end of day.,"Precedent 600 Series, DTC",0,0,0,,Not observed in 2025. Per TK manual: informational only.
614,Check High Pressure Fuel Pump,ThermoKing,Green,ok,Report alarm at end of day.,"Precedent 600 Series, DTC",0,0,0,,Not observed in 2025. Per TK manual: informational only.
616,Engine Overspeed,ThermoKing,Yellow,check,"If unit is shut down repair immediately. Otherwise, report alarm at end of day.","Precedent 600 Series, DTC",0,0,0,,Not observed in 2025. Per TK manual: monitor and report.
617,Internal ECU Fault,ThermoKing,Yellow,check,"If unit is shut down repair immediately. Otherwise, report alarm at end of day.","Precedent 600 Series, DTC",0,0,0,,Not observed in 2025. Per TK manual: monitor and report.
618,Check EGR System,ThermoKing,Green,ok,Report alarm at end of day.,"Precedent 600 Series, DTC",0,0,0,,Not observed in 2025. Per TK manual: informational only.
620,No RPM Detected During Start Attempt,ThermoKing,Yellow,check,"If unit is shut down repair immediately. Otherwise, report alarm at end of day.","Precedent 600 Series, DTC",0,0,0,,Not observed in 2025. Per TK manual: monitor and report.
623,TRUCAN Message Timeout,ThermoKing,Green,ok,Report alarm at end of day.,"Precedent 600 Series, DTC",0,0,0,,Not observed in 2025. Per TK manual: informational only.
624,Check EGR Temperature Sensor,ThermoKing,Green,ok,Report alarm at end of day.,"Precedent 600 Series, DTC",0,0,0,,Not observed in 2025. Per TK manual: informational only.
625,Check Intake Air Temperature Sensor,ThermoKing,Green,ok,Report alarm at end of day.,"Precedent 600 Series, DTC",0,0,0,,Not observed in 2025. Per TK manual: informational only.
626,Check Exhaust Temperature Sensor,ThermoKing,Green,ok,Report alarm at end of day.,"Precedent 600 Series, DTC",0,0,0,,Not observed in 2025. Per TK manual: informational only.
642,ECU Forced Low Speed,ThermoKing,Green,ok,Report alarm at end of day.,"Precedent 600 Series, DTC",0,0,0,,Not observed in 2025. Per TK manual: informational only.
699,Unknown ECU Fault,ThermoKing,Yellow,check,"If unit is shut down repair immediately. Otherwise, report alarm at end of day.","Precedent 600 Series, DTC",0,0,0,,Not observed in 2025. Per TK manual: monitor and report.
800,Crankshaft Position Sensor Error,ThermoKing,Green,ok,Report alarm at end of day.,"Precedent 800 Series, DTC",0,0,0,,Not observed in 2025. Per TK manual: informational only.
801,Camshaft Position Sensor Error,ThermoKing,Green,ok,Report alarm at end of day.,"Precedent 800 Series, DTC",0,0,0,,Not observed in 2025. Per TK manual: informational only.
804,Engine Coolant Temperature Sensor Error,ThermoKing,Green,ok,Report alarm at end of day.,"Precedent 800 Series, DTC",0,0,0,,Not observed in 2025. Per TK manual: informational only.
807,Fuel Temperature Sensor Error,ThermoKing,Green,ok,Report alarm at end of day.,"Precedent 800 Series, DTC",0,0,0,,Not observed in 2025. Per TK manual: informational only.
808,Rail Pressure Sensor Error,ThermoKing,Green,ok,Report alarm at end of day.,"Precedent 800 Series, DTC",0,0,0,,Not observed in 2025. Per TK manual: informational only.
809,Intake Air Pressure Sensor Error,ThermoKing,Green,ok,Report alarm at end of day.,"Precedent 800 Series, DTC",0,0,0,,Not observed in 2025. Per TK manual: informational only.
810,Atmospheric Pressure Sensor Error,ThermoKing,Green,ok,Report alarm at end of day.,"Precedent 800 Series, DTC",0,0,0,,Not observed in 2025. Per TK manual: informational only.
811,Glow Plug Circuit Error,ThermoKing,Green,ok,Report alarm at end of day.,"Precedent 800 Series, DTC",0,0,0,,Not observed in 2025. Per TK manual: informational only.
813,General Injector Error,ThermoKing,Green,ok,Report alarm at end of day.,"Precedent 800 Series, DTC",0,0,0,,Not observed in 2025. Per TK manual: informational only.
815,Fuel Pressure Regulator Error,ThermoKing,Yellow,check,"If unit is shut down repair immediately. Otherwise, report alarm at end of day.","Precedent 800 Series, DTC",0,0,0,,Not observed in 2025. Per TK manual: monitor and report.
818,EGR Valve Actuator Error,ThermoKing,Green,ok,Report alarm at end of day.,"Precedent 800 Series, DTC",0,0,0,,Not observed in 2025. Per TK manual: informational only.
819,ECU Power Relay Error,ThermoKing,Green,ok,Report alarm at end of day.,"Precedent 800 Series, DTC",0,0,0,,Not observed in 2025. Per TK manual: informational only.
820,Main ECU Relay Error,ThermoKing,Green,ok,Report alarm at end of day.,"Precedent 800 Series, DTC",0,0,0,,Not observed in 2025. Per TK manual: informational only.
825,T1 Air Intake Temperature Sensor Error,ThermoKing,Green,ok,Report alarm at end of day.,"Precedent 800 Series, DTC",0,0,0,,Not observed in 2025. Per TK manual: informational only.
826,T2 Air Intake Temperature Sensor Error,ThermoKing,Green,ok,Report alarm at end of day.,"Precedent 800 Series, DTC",0,0,0,,Not observed in 2025. Per TK manual: informational only.
827,EGR Valve Position Sensor Error,ThermoKing,Green,ok,Report alarm at end of day.,"Precedent 800 Series, DTC",0,0,0,,Not observed in 2025. Per TK manual: informational only.
828,Lambda System Error,ThermoKing,Green,ok,Report alarm at end of day.,"Precedent 800 Series, DTC",0,0,0,,Not observed in 2025. Per TK manual: informational only.
829,Engine Communication Error,ThermoKing,Green,ok,Report alarm at end of day.,"Precedent 800 Series, DTC",0,0,0,,Not observed in 2025. Per TK manual: informational only.
830,Air Flow Meter Error,ThermoKing,Green,ok,Report alarm at end of day.,"Precedent 800 Series, DTC",0,0,0,,Not observed in 2025. Per TK manual: informational only.
832,Engine Power Supply Error,ThermoKing,Green,ok,Report alarm at end of day.,"Precedent 800 Series, DTC",0,0,0,,Not observed in 2025. Per TK manual: informational only.
833,High Pressure Pump Fuel Metering Unit Error,ThermoKing,Green,ok,Report alarm at end of day.,"Precedent 800 Series, DTC",0,0,0,,Not observed in 2025. Per TK manual: informational only.
834,Water in Fuel Sensor Error,ThermoKing,Green,ok,Report alarm at end of day.,"Precedent 800 Series, DTC",0,0,0,,Not observed in 2025. Per TK manual: informational only.
836,Major ECU Failures,ThermoKing,Green,ok,Report alarm at end of day.,"Precedent 800 Series, DTC",0,0,0,,Not observed in 2025. Per TK manual: informational only.
838,Intake Air System Error,ThermoKing,Green,ok,Report alarm at end of day.,"Precedent 800 Series, DTC",0,0,0,,Not observed in 2025. Per TK manual: informational only.
839,Engine Speed Error,ThermoKing,Green,ok,Report alarm at end of day.,"Precedent 800 Series, DTC",0,0,0,,Not observed in 2025. Per TK manual: informational only.
840,Fuel Injection Energizing Error,ThermoKing,Green,ok,Report alarm at end of day.,"Precedent 800 Series, DTC",0,0,0,,Not observed in 2025. Per TK manual: informational only.
841,High Pressure Pump Wear,ThermoKing,Green,ok,Report alarm at end of day.,"Precedent 800 Series, DTC",0,0,0,,Not observed in 2025. Per TK manual: informational only.
842,Engine Running in Safe Mode – Low Speed,ThermoKing,Green,ok,Report alarm at end of day.,"Precedent 800 Series, DTC",0,0,0,,Not observed in 2025. Per TK manual: informational only.
843,Fuel Injection System Error,ThermoKing,Green,ok,Report alarm at end of day.,"Precedent 800 Series, DTC",0,0,0,,Not observed in 2025. Per TK manual: informational only.
844,Engine Failed to Crank,ThermoKing,Green,ok,Report alarm at end of day.,"Precedent 800 Series, DTC",0,0,0,,Not observed in 2025. Per TK manual: informational only.
845,Starter Relay Error,ThermoKing,Green,ok,Report alarm at end of day.,"Precedent 800 Series, DTC",0,0,0,,Not observed in 2025. Per TK manual: informational only.
846,T50 Switch Error,ThermoKing,Green,ok,Report alarm at end of day.,"Precedent 800 Series, DTC",0,0,0,,Not observed in 2025. Per TK manual: informational only.
847,Variant Coding Error,ThermoKing,Green,ok,Report alarm at end of day.,"Precedent 800 Series, DTC",0,0,0,,Not observed in 2025. Per TK manual: informational only.
853,Engine Overspeed (No DTC),ThermoKing,Yellow,check,"If unit is shut down repair immediately. Otherwise, report alarm at end of day.","Precedent 800 Series, DTC",0,0,0,,Not observed in 2025. Per TK manual: monitor and report.
854,Engine Protection Self Shutdown,ThermoKing,Yellow,check,"If unit is shut down repair immediately. Otherwise, report alarm at end of day.","Precedent 800 Series, DTC",0,0,0,,Not observed in 2025. Per TK manual: monitor and report.
899,Unknown ECU Fault,ThermoKing,Yellow,check,"If unit is shut down repair immediately. Otherwise, report alarm at end of day.","Precedent 800 Series, DTC",0,0,0,,Not observed in 2025. Per TK manual: monitor and report.
P1E,Return Air Temperature Sensor Fault,ThermoKing,Yellow,check,Report alarm at end of day.,DSR,0,0,0,,Not observed in 2025. Per TK manual: monitor and report.
P2E,Remote Return Air Temperature Sensor Fault,ThermoKing,Yellow,check,Report alarm at end of day.,DSR,0,0,0,,Not observed in 2025. Per TK manual: monitor and report.
OL,Electric Standby Overload,ThermoKing,Red,take action,"If unit is shut down repair immediately. Otherwise, report alarm at end of day.",DSR,0,0,0,,Not observed in 2025. Per TK manual: immediate service required.
bAt,Low Battery Voltage,ThermoKing,Red,take action,"If unit is shut down repair immediately. Otherwise, report alarm at end of day.",DSR,0,0,0,,Not observed in 2025. Per TK manual: immediate service required.
HP,High Discharge Pressure,ThermoKing,Red,take action,"If unit is shut down repair immediately. Otherwise, report alarm at end of day.",DSR,0,0,0,,Not observed in 2025. Per TK manual: immediate service required.
LP,Low Suction Pressure,ThermoKing,Red,take action,"If unit is shut down repair immediately. Otherwise, report alarm at end of day.",DSR,0,0,0,,Not observed in 2025. Per TK manual: immediate service required.
PSE,High Pressure Sensor Fault,ThermoKing,Red,take action,"If unit is shut down repair immediately. Otherwise, report alarm at end of day.",DSR,0,0,0,,Not observed in 2025. Per TK manual: immediate service required.
tEP,Electric Standby Motor Thermal Protection Alarm,ThermoKing,Red,take action,"If unit is shut down repair immediately. Otherwise, report alarm at end of day.",DSR,0,0,0,,Not observed in 2025. Per TK manual: immediate service required.
tP4,Power Supply Thermal Protection Alarm,ThermoKing,Red,take action,"If unit is shut down repair immediately. Otherwise, report alarm at end of day.",DSR,0,0,0,,Not observed in 2025. Per TK manual: immediate service required.
dr1,Door 1 Open/Door Switch 1 Failure,ThermoKing,Yellow,check,Close door. Report alarm at end of day.,DSR,0,0,0,,Not observed in 2025. Per TK manual: monitor and report.
dr2,Door 2 Open/Door Switch 2 Failure,ThermoKing,Yellow,check,Close door. Report alarm at end of day.,DSR,0,0,0,,Not observed in 2025. Per TK manual: monitor and report.
tCO,Electronic Control Module Internal Temperature Exceeds Limit,ThermoKing,Red,take action,"If unit is shut down repair immediately. Otherwise, report alarm at end of day.",DSR,0,0,0,,Not observed in 2025. Per TK manual: immediate service required.
SOF,Microprocessor Software Failure,ThermoKing,Red,take action,"If unit is shut down repair immediately. Otherwise, report alarm at end of day.",DSR,0,0,0,,Not observed in 2025. Per TK manual: immediate service required.
- C -,"Communications Failure, Microprocessor to In-Cab",ThermoKing,Red,take action,"If unit is shut down repair immediately. Otherwise, report alarm at end of day.",DSR,0,0,0,,Not observed in 2025. Per TK manual: immediate service required.
CRR_001,Low Fuel Level Warning,Carrier,Green,ok,"Add fuel, alarm will clear.",Carrier APX,0,0,0,,Not observed in 2025. Per Carrier manual: informational only.
CRR_002,Low Engine Oil Level Warning,Carrier,Green,ok,"Add oil, alarm will clear.",Carrier APX,0,0,0,,Not observed in 2025. Per Carrier manual: informational only.
CRR_003,Low Coolant Level,Carrier,Yellow,check,Check and repair at end of trip.,Carrier APX,0,0,0,,Not observed in 2025. Per Carrier manual: monitor and report.
38,Check High Speed RPM,Carrier,Yellow,check,Check and repair at end of trip.,Carrier APX,0,0,0,,Not observed in 2025. Per Carrier manual: monitor and report.
CRR_004,Low Refrigerant Level,Carrier,Red,take action,Report and repair immediately.,Carrier APX,0,0,0,,Not observed in 2025. Per Carrier manual: immediate service required.
39,Check Engine RPM,Carrier,Yellow,check,"Unit will restart*, report reactivation.",Carrier APX,0,0,0,,Not observed in 2025. Per Carrier manual: monitor and report.
CRR_005,Damper Requires Newer Micro,Carrier,Red,take action,Report and repair immediately.,Carrier APX,0,0,0,,Not observed in 2025. Per Carrier manual: immediate service required.
CRR_006,EES Regen Failure,Carrier,Yellow,check,"Reset*, report reactivation.",Carrier APX,0,0,0,,Not observed in 2025. Per Carrier manual: monitor and report.
CRR_007,Check/Low Engine Oil Pressure,Carrier,Yellow,check,"Unit will restart*, report reactivation.",Carrier APX,0,0,0,,Not observed in 2025. Per Carrier manual: monitor and report.
CRR_008,High Coolant Temp,Carrier,Yellow,check,"Unit will restart*, report reactivation.",Carrier APX,0,0,0,,Not observed in 2025. Per Carrier manual: monitor and report.
CRR_009,High Discharge Pressure,Carrier,Yellow,check,"Unit will restart*, report reactivation.",Carrier APX,0,0,0,,Not observed in 2025. Per Carrier manual: monitor and report.
55,Check Defrost Air Switch,Carrier,Yellow,check,Check and repair at end of trip.,Carrier APX,0,0,0,,Not observed in 2025. Per Carrier manual: monitor and report.
CRR_010,High A/C Amps,Carrier,Yellow,check,"Unit will restart*, report reactivation.",Carrier APX,0,0,0,,Not observed in 2025. Per Carrier manual: monitor and report.
56,Check Evaporator Air Flow,Carrier,Yellow,check,"Unit will restart*, report reactivation.",Carrier APX,0,0,0,,Not observed in 2025. Per Carrier manual: monitor and report.
CRR_011,Battery Voltage Too High,Carrier,Red,take action,Report and repair immediately.,Carrier APX,0,0,0,,Not observed in 2025. Per Carrier manual: immediate service required.
57,Check Remote Switch 1,Carrier,Red,take action,"Close all compartment doors, unit should restart. If unit is shutdown, repair immediately",Carrier APX,0,0,0,,Not observed in 2025. Per Carrier manual: immediate service required.
CRR_012,Battery Voltage Too Low,Carrier,Red,take action,Report and repair immediately.,Carrier APX,0,0,0,,Not observed in 2025. Per Carrier manual: immediate service required.
58,Check Remote Switch 2,Carrier,Unknown,,,Carrier APX,0,0,0,,Not observed in 2025. Per Carrier manual: informational only.
CRR_013,High Comp Disch Temp,Carrier,Yellow,check,"Unit will restart*, report reactivation.",Carrier APX,0,0,0,,Not observed in 2025. Per Carrier manual: monitor and report.
59,Datalogger Not Recording,Carrier,Yellow,check,Check and repair at end of trip.,Carrier APX,0,0,0,,Not observed in 2025. Per Carrier manual: monitor and report.
CRR_014,Low Refrigerant Press,Carrier,Yellow,check,"Unit will restart*, report reactivation.",Carrier APX,0,0,0,,Not observed in 2025. Per Carrier manual: monitor and report.
60,Datalogger Time Wrong,Carrier,Yellow,check,Check and repair at end of trip.,Carrier APX,0,0,0,,Not observed in 2025. Per Carrier manual: monitor and report.
61,Door Open,Carrier,Red,take action,"Close all compartment doors, unit should restart. If unit is shutdown, repair immediately.",Carrier APX,0,0,0,,Not observed in 2025. Per Carrier manual: immediate service required.
CRR_015,Low Fuel Shutdown,Carrier,Yellow,check,"Add fuel, unit will restart*.",Carrier APX,0,0,0,,Not observed in 2025. Per Carrier manual: monitor and report.
CRR_016,"Technician Reset
Required",Carrier,Red,take action,Report and repair immediately.,Carrier APX,0,0,0,,Not observed in 2025. Per Carrier manual: immediate service required.
62,"C2 Box Temp Out of
Range",Carrier,Yellow,check,"Reset*, report reactivation.",Carrier APX,0,0,0,,Not observed in 2025. Per Carrier manual: monitor and report.
CRR_017,Low Suction Superheat,Carrier,Yellow,check,"Unit will restart*, report reactivation.",Carrier APX,0,0,0,,Not observed in 2025. Per Carrier manual: monitor and report.
64,Damper Positioning Failure (Small Motor),Carrier,Yellow,check,"Reset, report reactivation.",Carrier APX,0,0,0,,Not observed in 2025. Per Carrier manual: monitor and report.
CRR_018,A/C Current Over Limit,Carrier,Yellow,check,"Unit will restart*, report reactivation.",Carrier APX,0,0,0,,Not observed in 2025. Per Carrier manual: monitor and report.
65,Check Damper Not Closing (Small Motor),Carrier,Yellow,check,"Reset, report reactivation.",Carrier APX,0,0,0,,Not observed in 2025. Per Carrier manual: monitor and report.
CRR_019,Compression Ratio Exceeded,Carrier,Yellow,check,"Unit will restart*, report reactivation.",Carrier APX,0,0,0,,Not observed in 2025. Per Carrier manual: monitor and report.
66,Check EVAP Sensor Group,Carrier,Yellow,check,"Reset, report reactivation.",Carrier APX,0,0,0,,Not observed in 2025. Per Carrier manual: monitor and report.
CRR_020,Check Damper System,Carrier,Yellow,check,"Reset*, report reactivation.",Carrier APX,0,0,0,,Not observed in 2025. Per Carrier manual: monitor and report.
CRR_021,High Suction Pressure,Carrier,Yellow,check,"Unit will restart*, report reactivation.",Carrier APX,0,0,0,,Not observed in 2025. Per Carrier manual: monitor and report.
71,Bad F2 or F3 Fuse,Carrier,Red,take action,Report and repair immediately.,Carrier APX,0,0,0,,Not observed in 2025. Per Carrier manual: immediate service required.
CRR_022,Check Refrig System,Carrier,Yellow,check,"Unit will restart*, report reactivation.",Carrier APX,0,0,0,,Not observed in 2025. Per Carrier manual: monitor and report.
72,Bad F4 or F6 Fuse,Carrier,Red,take action,Report and repair immediately.,Carrier APX,0,0,0,,Not observed in 2025. Per Carrier manual: immediate service required.
CRR_023,Check Heat Cycle,Carrier,Yellow,check,"Reset, report reactivation",Carrier APX,0,0,0,,Not observed in 2025. Per Carrier manual: monitor and report.
73,No A/C Power – Check Cord,Carrier,Yellow,check,Switch to Diesel Operation & Repair,Carrier APX,0,0,0,,Not observed in 2025. Per Carrier manual: monitor and report.
74,AC Phase Reversed,Carrier,Yellow,check,"Unit will restart*, report reactivation.",Carrier APX,0,0,0,,Not observed in 2025. Per Carrier manual: monitor and report.
CRR_024,Failed To Run Min Time,Carrier,Red,take action,Report and repair immediately.,Carrier APX,0,0,0,,Not observed in 2025. Per Carrier manual: immediate service required.
CRR_025,Failed To Start – Auto Mode,Carrier,Red,take action,Report and repair immediately.,Carrier APX,0,0,0,,Not observed in 2025. Per Carrier manual: immediate service required.
75,Compressor Motor Overload,Carrier,Yellow,check,"Unit will restart*, report reactivation.",Carrier APX,0,0,0,,Not observed in 2025. Per Carrier manual: monitor and report.
CRR_026,Failed To Start – Manual,Carrier,Yellow,check,"Turn switch off then back on, unit will start automatically.",Carrier APX,0,0,0,,Not observed in 2025. Per Carrier manual: monitor and report.
76,Condenser Motor Overheated,Carrier,Yellow,check,"Unit will restart*, report reactivation.",Carrier APX,0,0,0,,Not observed in 2025. Per Carrier manual: monitor and report.
CRR_027,Engine Failed to Stop,Carrier,Red,take action,Move fuel arm to stop position (if equipped) or report & repair immediately.,Carrier APX,0,0,0,,Not observed in 2025. Per Carrier manual: immediate service required.
77,Evap Motor Overheated,Carrier,Yellow,check,"Unit will restart*, report reactivation.",Carrier APX,0,0,0,,Not observed in 2025. Per Carrier manual: monitor and report.
CRR_028,Check SV1 Circuit,Carrier,Yellow,check,"Reset*, report reactivation.",Carrier APX,0,0,0,,Not observed in 2025. Per Carrier manual: monitor and report.
CRR_029,Check SV4 Circuit,Carrier,Yellow,check,"Reset*, report reactivation.",Carrier APX,0,0,0,,Not observed in 2025. Per Carrier manual: monitor and report.
CRR_030,Check SV3 Circuit,Carrier,Yellow,check,"Reset*, report reactivation.",Carrier APX,0,0,0,,Not observed in 2025. Per Carrier manual: monitor and report.
CRR_031,Check FHR Circuit,Carrier,Yellow,check,Check and repair at end of trip.,Carrier APX,0,0,0,,Not observed in 2025. Per Carrier manual: monitor and report.
CRR_032,Check Remote Out of Range Light,Carrier,Yellow,check,Check and repair at end of trip.,Carrier APX,0,0,0,,Not observed in 2025. Per Carrier manual: monitor and report.
125,Check Comp Discharge Sensor,Carrier,Yellow,check,Check and repair at end of trip.,Carrier APX,0,0,0,,Not observed in 2025. Per Carrier manual: monitor and report.
CRR_033,Check Remote Defrost Light,Carrier,Yellow,check,Check and repair at end of trip.,Carrier APX,0,0,0,,Not observed in 2025. Per Carrier manual: monitor and report.
CRR_034,Check UL1 Circuit,Carrier,Yellow,check,Check and repair at end of trip.,Carrier APX,0,0,0,,Not observed in 2025. Per Carrier manual: monitor and report.
CRR_035,Check UL2 Circuit,Carrier,Yellow,check,Check and repair at end of trip.,Carrier APX,0,0,0,,Not observed in 2025. Per Carrier manual: monitor and report.
CRR_036,Check Remote Heat Light,Carrier,Yellow,check,Check and repair at end of trip.,Carrier APX,0,0,0,,Not observed in 2025. Per Carrier manual: monitor and report.
CRR_037,Check Remote Cool Light,Carrier,Yellow,check,Check and repair at end of trip.,Carrier APX,0,0,0,,Not observed in 2025. Per Carrier manual: monitor and report.
130,Check Engine RPM Sensor,Carrier,Yellow,check,"If shut down, repair immediately. Otherwise, report and repair at end of trip.",Carrier APX,0,0,0,,Not observed in 2025. Per Carrier manual: monitor and report.
CRR_038,Check Remote Auto Light,Carrier,Yellow,check,Check and repair at end of trip.,Carrier APX,0,0,0,,Not observed in 2025. Per Carrier manual: monitor and report.
CRR_039,Check AFA Solenoid Circuit,Carrier,Yellow,check,Check and repair at end of trip.,Carrier APX,0,0,0,,Not observed in 2025. Per Carrier manual: monitor and report.
131,Check Evap Temp Sensor,Carrier,Yellow,check,Check and repair at end of trip.,Carrier APX,0,0,0,,Not observed in 2025. Per Carrier manual: monitor and report.
CRR_040,Check 1HTCON1 Relay Coil,Carrier,Yellow,check,"Reset*, report reactivation.",Carrier APX,0,0,0,,Not observed in 2025. Per Carrier manual: monitor and report.
CRR_041,Check 1HTCON2 Relay Coil,Carrier,Yellow,check,"Reset*, report reactivation.",Carrier APX,0,0,0,,Not observed in 2025. Per Carrier manual: monitor and report.
133,Check Remote Temp Sensor 1,Carrier,Yellow,check,Check and repair at end of trip.,Carrier APX,0,0,0,,Not observed in 2025. Per Carrier manual: monitor and report.
CRR_042,Check Start Up Buzzer,Carrier,Red,take action,Report and repair immediately.,Carrier APX,0,0,0,,Not observed in 2025. Per Carrier manual: immediate service required.
134,Check Remote Temp Sensor 2,Carrier,Yellow,check,Check and repair at end of trip.,Carrier APX,0,0,0,,Not observed in 2025. Per Carrier manual: monitor and report.
CRR_043,Check Comp Contactor 1,Carrier,Yellow,check,"Reset*, report reactivation.",Carrier APX,0,0,0,,Not observed in 2025. Per Carrier manual: monitor and report.
CRR_044,Check CDCON Relay Coil,Carrier,Yellow,check,"Reset*, report reactivation.",Carrier APX,0,0,0,,Not observed in 2025. Per Carrier manual: monitor and report.
135,Check Remote Temp Sensor 3,Carrier,Yellow,check,Check and repair at end of trip.,Carrier APX,0,0,0,,Not observed in 2025. Per Carrier manual: monitor and report.
CRR_045,Check GENCONR Relay Coil,Carrier,Yellow,check,"Reset*, report reactivation.",Carrier APX,0,0,0,,Not observed in 2025. Per Carrier manual: monitor and report.
136,C2 Check Supply Air Sensor,Carrier,Yellow,check,Check and repair at end of trip.,Carrier APX,0,0,0,,Not observed in 2025. Per Carrier manual: monitor and report.
CRR_046,Check SV2 Circuit,Carrier,Yellow,check,"Reset*, report reactivation.",Carrier APX,0,0,0,,Not observed in 2025. Per Carrier manual: monitor and report.
CRR_047,Check High Temperature Thermostat,Carrier,Yellow,check,"Reset*, report reactivation.",Carrier APX,0,0,0,,Not observed in 2025. Per Carrier manual: monitor and report.
CRR_048,Check Standby Contactor,Carrier,Yellow,check,"Reset*, report reactivation.",Carrier APX,0,0,0,,Not observed in 2025. Per Carrier manual: monitor and report.
138,C3 Check Return Air Sensor,Carrier,Yellow,check,"Reset*, report reactivation.",Carrier APX,0,0,0,,Not observed in 2025. Per Carrier manual: monitor and report.
CRR_049,Overload/Ground Fault,Carrier,Red,take action,Report and repair immediately.,Carrier APX,0,0,0,,Not observed in 2025. Per Carrier manual: immediate service required.
CRR_050,C2 Evap Motor Overheated,Carrier,Red,take action,Report and repair immediately.,Carrier APX,0,0,0,,Not observed in 2025. Per Carrier manual: immediate service required.
139,C2 Check Defrost Sensor,Carrier,Yellow,check,Check and repair at end of trip.,Carrier APX,0,0,0,,Not observed in 2025. Per Carrier manual: monitor and report.
140,C3 Check Defrost Sensor,Carrier,Yellow,check,Check and repair at end of trip.,Carrier APX,0,0,0,,Not observed in 2025. Per Carrier manual: monitor and report.
CRR_051,C3 Evap Motor Overheated,Carrier,Red,take action,Report and repair immediately.,Carrier APX,0,0,0,,Not observed in 2025. Per Carrier manual: immediate service required.
P00141,Pretrip Stopped By User,Carrier,Red,take action,Report and repair immediately.,Carrier APX,0,0,0,,Not observed in 2025. Per Carrier manual: immediate service required.
CRR_052,Check 2HTCON1 Relay Coil,Carrier,Yellow,check,"Reset*, report reactivation.",Carrier APX,0,0,0,,Not observed in 2025. Per Carrier manual: monitor and report.
P00143,Check Clutch Circuit,Carrier,Red,take action,Report and repair immediately.,Carrier APX,0,0,0,,Not observed in 2025. Per Carrier manual: immediate service required.
P00144,Check UL1 Circuit,Carrier,Red,take action,Report and repair immediately.,Carrier APX,0,0,0,,Not observed in 2025. Per Carrier manual: immediate service required.
CRR_053,Check 2HTCON2 Relay Coil,Carrier,Yellow,check,"Reset*, report reactivation.",Carrier APX,0,0,0,,Not observed in 2025. Per Carrier manual: monitor and report.
P00145,Check Speed Sol Circ,Carrier,Red,take action,Report and repair immediately.,Carrier APX,0,0,0,,Not observed in 2025. Per Carrier manual: immediate service required.
P00146,C2 Check Heater 1 Circuit,Carrier,Red,take action,Report and repair immediately.,Carrier APX,0,0,0,,Not observed in 2025. Per Carrier manual: immediate service required.
CRR_054,Check 3HTCON1 Relay Coil,Carrier,Yellow,check,"Reset*, report reactivation.",Carrier APX,0,0,0,,Not observed in 2025. Per Carrier manual: monitor and report.
P00147,C2 Check Heater 2 Circuit,Carrier,Red,take action,Report and repair immediately.,Carrier APX,0,0,0,,Not observed in 2025. Per Carrier manual: immediate service required.
CRR_055,Check 3HTCON2 Relay Coil,Carrier,Yellow,check,"Reset*, report reactivation.",Carrier APX,0,0,0,,Not observed in 2025. Per Carrier manual: monitor and report.
P00148,Check SV1 Circuit,Carrier,Red,take action,Report and repair immediately.,Carrier APX,0,0,0,,Not observed in 2025. Per Carrier manual: immediate service required.
P00149,Check SV3 Circuit,Carrier,Red,take action,Report and repair immediately.,Carrier APX,0,0,0,,Not observed in 2025. Per Carrier manual: immediate service required.
CRR_056,Check 2LSV Circuit,Carrier,Yellow,check,"Reset*, report reactivation.",Carrier APX,0,0,0,,Not observed in 2025. Per Carrier manual: monitor and report.
P00150,Check SV4 Circuit,Carrier,Red,take action,Report and repair immediately.,Carrier APX,0,0,0,,Not observed in 2025. Per Carrier manual: immediate service required.
CRR_057,Check 3LSV Circuit,Carrier,Yellow,check,"Reset*, report reactivation.",Carrier APX,0,0,0,,Not observed in 2025. Per Carrier manual: monitor and report.
P00151,Check Eng Preheat Enable Circuit,Carrier,Red,take action,Report and repair immediately.,Carrier APX,0,0,0,,Not observed in 2025. Per Carrier manual: immediate service required.
CRR_058,Check 1EVCON Relay Coil,Carrier,Yellow,check,"Reset*, report reactivation.",Carrier APX,0,0,0,,Not observed in 2025. Per Carrier manual: monitor and report.
P00152,Check Fuel Solenoid Circuit,Carrier,Red,take action,Report and repair immediately.,Carrier APX,0,0,0,,Not observed in 2025. Per Carrier manual: immediate service required.
CRR_059,Check 2EVCON Relay Coil,Carrier,Yellow,check,"Reset*, report reactivation.",Carrier APX,0,0,0,,Not observed in 2025. Per Carrier manual: monitor and report.
P00153,Check Return Air Sensor,Carrier,Red,take action,Report and repair immediately.,Carrier APX,0,0,0,,Not observed in 2025. Per Carrier manual: immediate service required.
CRR_060,Check 3EVCON Relay Coil,Carrier,Yellow,check,"Reset*, report reactivation.",Carrier APX,0,0,0,,Not observed in 2025. Per Carrier manual: monitor and report.
P00154,Check Supply Air Sensor,Carrier,Red,take action,Report and repair immediately.,Carrier APX,0,0,0,,Not observed in 2025. Per Carrier manual: immediate service required.
P00155,Check Coolant Temp Sensor,Carrier,Red,take action,Report and repair immediately.,Carrier APX,0,0,0,,Not observed in 2025. Per Carrier manual: immediate service required.
CRR_061,Check Bypass Circuit,Carrier,Yellow,check,"Reset, report reactivation.",Carrier APX,0,0,0,,Not observed in 2025. Per Carrier manual: monitor and report.
CRR_062,Check Economizer Circuit,Carrier,Yellow,check,"Reset, report reactivation.",Carrier APX,0,0,0,,Not observed in 2025. Per Carrier manual: monitor and report.
P00156,Check Bypass Circuit,Carrier,Red,take action,Report and repair immediately.,Carrier APX,0,0,0,,Not observed in 2025. Per Carrier manual: immediate service required.
CRR_063,Check LIV Circuit,Carrier,Yellow,check,"Reset, report reactivation.",Carrier APX,0,0,0,,Not observed in 2025. Per Carrier manual: monitor and report.
P00157,Check Battery Current,Carrier,Red,take action,Report and repair immediately.,Carrier APX,0,0,0,,Not observed in 2025. Per Carrier manual: immediate service required.
CRR_064,Check DCR2 Circuit,Carrier,Yellow,check,"Reset, report reactivation.",Carrier APX,0,0,0,,Not observed in 2025. Per Carrier manual: monitor and report.
P00158,Check Ambient Air Sensor,Carrier,Red,take action,Report and repair immediately.,Carrier APX,0,0,0,,Not observed in 2025. Per Carrier manual: immediate service required.
CRR_065,Check Damper Motor Circuit,Carrier,Yellow,check,"Reset, report reactivation.",Carrier APX,0,0,0,,Not observed in 2025. Per Carrier manual: monitor and report.
P00159,Check Defrost Term 1 Sensor,Carrier,Red,take action,Report and repair immediately.,Carrier APX,0,0,0,,Not observed in 2025. Per Carrier manual: immediate service required.
P00160,Check Disch Temp Sensor,Carrier,Red,take action,Report and repair immediately.,Carrier APX,0,0,0,,Not observed in 2025. Per Carrier manual: immediate service required.
CRR_066,Check Damper Motor Sensor (Small Motor),Carrier,Yellow,check,"Reset, report reactivation.",Carrier APX,0,0,0,,Not observed in 2025. Per Carrier manual: monitor and report.
P00161,Check Suction Temp Sensor,Carrier,Red,take action,Report and repair immediately.,Carrier APX,0,0,0,,Not observed in 2025. Per Carrier manual: immediate service required.
CRR_067,Check Ambient Air Sensor,Carrier,Yellow,check,Check and repair at end of trip.,Carrier APX,0,0,0,,Not observed in 2025. Per Carrier manual: monitor and report.
P00162,Check AFA Solenoid Circuit,Carrier,Red,take action,Report and repair immediately.,Carrier APX,0,0,0,,Not observed in 2025. Per Carrier manual: immediate service required.
P00163,C3 Check Heater 1 Circuit,Carrier,Red,take action,Report and repair immediately.,Carrier APX,0,0,0,,Not observed in 2025. Per Carrier manual: immediate service required.
P00213,Check Damper CR2 Circuit,Carrier,Red,take action,Report and repair immediately.,Carrier APX,0,0,0,,Not observed in 2025. Per Carrier manual: immediate service required.
P00164,Check UL2 Circuit,Carrier,Red,take action,Report and repair immediately.,Carrier APX,0,0,0,,Not observed in 2025. Per Carrier manual: immediate service required.
P00214,Check Damper CR1 Circuit,Carrier,Red,take action,Report and repair immediately.,Carrier APX,0,0,0,,Not observed in 2025. Per Carrier manual: immediate service required.
P00165,Can Not Pump Down,Carrier,Red,take action,Report and repair immediately.,Carrier APX,0,0,0,,Not observed in 2025. Per Carrier manual: immediate service required.
P00215,Check Damper – Not Open,Carrier,Red,take action,Report and repair immediately.,Carrier APX,0,0,0,,Not observed in 2025. Per Carrier manual: immediate service required.
P00166,C2 Chk Supply Air Sensor,Carrier,Red,take action,Report and repair immediately.,Carrier APX,0,0,0,,Not observed in 2025. Per Carrier manual: immediate service required.
P00216,Check Damper Not Closing,Carrier,Red,take action,Report and repair immediately.,Carrier APX,0,0,0,,Not observed in 2025. Per Carrier manual: immediate service required.
P00167,C3 Check Heater 2 Circuit,Carrier,Red,take action,Report and repair immediately.,Carrier APX,0,0,0,,Not observed in 2025. Per Carrier manual: immediate service required.
P00168,C2 Check LSV Valve,Carrier,Red,take action,Report and repair immediately.,Carrier APX,0,0,0,,Not observed in 2025. Per Carrier manual: immediate service required.
223,Engine Maintenance Due,Carrier,Yellow,check,Check and repair at end of trip.,Carrier APX,0,0,0,,Not observed in 2025. Per Carrier manual: monitor and report.
P00169,Check Economizer Circuit,Carrier,Red,take action,Report and repair immediately.,Carrier APX,0,0,0,,Not observed in 2025. Per Carrier manual: immediate service required.
224,Standby Maintenance Due,Carrier,Yellow,check,Check and repair at end of trip.,Carrier APX,0,0,0,,Not observed in 2025. Per Carrier manual: monitor and report.
P00170,Check LIV Circuit,Carrier,Red,take action,Report and repair immediately.,Carrier APX,0,0,0,,Not observed in 2025. Per Carrier manual: immediate service required.
225,General Maintenance Due,Carrier,Yellow,check,Check and repair at end of trip.,Carrier APX,0,0,0,,Not observed in 2025. Per Carrier manual: monitor and report.
P00171,System Not Equalized,Carrier,Red,take action,Report and repair immediately.,Carrier APX,0,0,0,,Not observed in 2025. Per Carrier manual: immediate service required.
226,Service Soon PM 1 Due,Carrier,Yellow,check,Check and repair at end of trip.,Carrier APX,0,0,0,,Not observed in 2025. Per Carrier manual: monitor and report.
P00172,Check Bypass,Carrier,Red,take action,Report and repair immediately.,Carrier APX,0,0,0,,Not observed in 2025. Per Carrier manual: immediate service required.
227,Service Soon PM 2 Due,Carrier,Yellow,check,Check and repair at end of trip.,Carrier APX,0,0,0,,Not observed in 2025. Per Carrier manual: monitor and report.
P00173,Check Economizer,Carrier,Red,take action,Report and repair immediately.,Carrier APX,0,0,0,,Not observed in 2025. Per Carrier manual: immediate service required.
228,Service Soon PM 3 Due,Carrier,Yellow,check,Check and repair at end of trip.,Carrier APX,0,0,0,,Not observed in 2025. Per Carrier manual: monitor and report.
P00174,Check Low Speed RPM,Carrier,Red,take action,Report and repair immediately.,Carrier APX,0,0,0,,Not observed in 2025. Per Carrier manual: immediate service required.
P00175,Check High Speed RPM,Carrier,Red,take action,Report and repair immediately.,Carrier APX,0,0,0,,Not observed in 2025. Per Carrier manual: immediate service required.
230,Service Soon PM 5 Due,Carrier,Yellow,check,Check and repair at end of trip.,Carrier APX,0,0,0,,Not observed in 2025. Per Carrier manual: monitor and report.
P00176,C3 Check LSV Valve,Carrier,Red,take action,Report and repair immediately.,Carrier APX,0,0,0,,Not observed in 2025. Per Carrier manual: immediate service required.
P00177,Check Evap Superheat,Carrier,Red,take action,Report and repair immediately.,Carrier APX,0,0,0,,Not observed in 2025. Per Carrier manual: immediate service required.
232,Setpoint Error,Carrier,Yellow,check,"Reset*, report reactivation.",Carrier APX,0,0,0,,Not observed in 2025. Per Carrier manual: monitor and report.
P00178,Check UL1,Carrier,Red,take action,Report and repair immediately.,Carrier APX,0,0,0,,Not observed in 2025. Per Carrier manual: immediate service required.
233,Model # Error,Carrier,Yellow,check,"Reset*, report reactivation.",Carrier APX,0,0,0,,Not observed in 2025. Per Carrier manual: monitor and report.
P00179,Check LIV,Carrier,Red,take action,Report and repair immediately.,Carrier APX,0,0,0,,Not observed in 2025. Per Carrier manual: immediate service required.
237,Function Parameter Error,Carrier,Yellow,check,"Reset*, report reactivation.",Carrier APX,0,0,0,,Not observed in 2025. Per Carrier manual: monitor and report.
P00180,Check Suction Mod Valve,Carrier,Red,take action,Report and repair immediately.,Carrier APX,0,0,0,,Not observed in 2025. Per Carrier manual: immediate service required.
238,Configurations Error,Carrier,Yellow,check,"Reset*, report reactivation.",Carrier APX,0,0,0,,Not observed in 2025. Per Carrier manual: monitor and report.
P00181,Check SV4 Valve,Carrier,Red,take action,Report and repair immediately.,Carrier APX,0,0,0,,Not observed in 2025. Per Carrier manual: immediate service required.
242,Dis Press Calibrate Error,Carrier,Yellow,check,"Reset*, report reactivation.",Carrier APX,0,0,0,,Not observed in 2025. Per Carrier manual: monitor and report.
P00182,Check SV1 Valve,Carrier,Red,take action,Report and repair immediately.,Carrier APX,0,0,0,,Not observed in 2025. Per Carrier manual: immediate service required.
243,Suct/Evap Calibrate Error,Carrier,Yellow,check,"Reset*, report reactivation.",Carrier APX,0,0,0,,Not observed in 2025. Per Carrier manual: monitor and report.
P00183,Check SV3 Valve,Carrier,Red,take action,Report and repair immediately.,Carrier APX,0,0,0,,Not observed in 2025. Per Carrier manual: immediate service required.
244,Econo Calibrate Error,Carrier,Yellow,check,"Reset*, report reactivation.",Carrier APX,0,0,0,,Not observed in 2025. Per Carrier manual: monitor and report.
P00184,C2 Check Evap Fan Motor,Carrier,Red,take action,Report and repair immediately.,Carrier APX,0,0,0,,Not observed in 2025. Per Carrier manual: immediate service required.
245,Can Not Save Setting,Carrier,Yellow,check,"Reset*, report reactivation.",Carrier APX,0,0,0,,Not observed in 2025. Per Carrier manual: monitor and report.
P00185,C3 Check Evap Fan Motor,Carrier,Red,take action,Report and repair immediately.,Carrier APX,0,0,0,,Not observed in 2025. Per Carrier manual: immediate service required.
246,EEPROM Write Failure,Carrier,Yellow,check,"Reset*, report reactivation.",Carrier APX,0,0,0,,Not observed in 2025. Per Carrier manual: monitor and report.
P00186,Check Evap Outlet Temp,Carrier,Red,take action,Report and repair immediately.,Carrier APX,0,0,0,,Not observed in 2025. Per Carrier manual: immediate service required.
248,Config Mode / HP2 Error,Carrier,Yellow,check,"Reset*, report reactivation.",Carrier APX,0,0,0,,Not observed in 2025. Per Carrier manual: monitor and report.
P00187,Check Heater 1 Circuit,Carrier,Red,take action,Report and repair immediately.,Carrier APX,0,0,0,,Not observed in 2025. Per Carrier manual: immediate service required.
255,Microprocessor Error,Carrier,Yellow,check,"Reset*, report reactivation.",Carrier APX,0,0,0,,Not observed in 2025. Per Carrier manual: monitor and report.
P00188,Check Heater 2 Circuit,Carrier,Red,take action,Report and repair immediately.,Carrier APX,0,0,0,,Not observed in 2025. Per Carrier manual: immediate service required.
P00189,Check Evap Fan Motor,Carrier,Red,take action,Report and repair immediately.,Carrier APX,0,0,0,,Not observed in 2025. Per Carrier manual: immediate service required.
P00190,Check Condenser Fan Motor,Carrier,Red,take action,Report and repair immediately.,Carrier APX,0,0,0,,Not observed in 2025. Per Carrier manual: immediate service required.
2000,Update Software,Carrier,Red,take action,Report and repair immediately.,Carrier APX,0,0,0,,Not observed in 2025. Per Carrier manual: immediate service required.
2001,Rear Panel Shutdown Requested,Carrier,Yellow,check,"Reset, report reactivation.",Carrier APX,0,0,0,,Not observed in 2025. Per Carrier manual: monitor and report.
P00191,Check UL2,Carrier,Red,take action,Report and repair immediately.,Carrier APX,0,0,0,,Not observed in 2025. Per Carrier manual: immediate service required.
P00192,Check SV2 Circuit,Carrier,Red,take action,Report and repair immediately.,Carrier APX,0,0,0,,Not observed in 2025. Per Carrier manual: immediate service required.
2002,Low Discharge Superheat,Carrier,Yellow,check,"Reset, report reactivation.",Carrier APX,0,0,0,,Not observed in 2025. Per Carrier manual: monitor and report.
P00194,High Suction Pressure,Carrier,Red,take action,Report and repair immediately.,Carrier APX,0,0,0,,Not observed in 2025. Per Carrier manual: immediate service required.
2003,Display Module Error,Carrier,Red,take action,Report and repair immediately.,Carrier APX,0,0,0,,Not observed in 2025. Per Carrier manual: immediate service required.
P00195,Low Suction Pressure,Carrier,Red,take action,Report and repair immediately,Carrier APX,0,0,0,,Not observed in 2025. Per Carrier manual: immediate service required.
2004,Out of Range High,Carrier,Red,take action,Report and repair immediately.,Carrier APX,0,0,0,,Not observed in 2025. Per Carrier manual: immediate service required.
P00196,High Discharge Pressure,Carrier,Red,take action,Report and repair immediately.,Carrier APX,0,0,0,,Not observed in 2025. Per Carrier manual: immediate service required.
2005,Coil Over Temp,Carrier,Red,take action,Report and repair immediately.,Carrier APX,0,0,0,,Not observed in 2025. Per Carrier manual: immediate service required.
P00197,Check Clutch,Carrier,Red,take action,Report and repair immediately.,Carrier APX,0,0,0,,Not observed in 2025. Per Carrier manual: immediate service required.
P00198,Low Discharge Pressure,Carrier,Red,take action,Report and repair immediately.,Carrier APX,0,0,0,,Not observed in 2025. Per Carrier manual: immediate service required.
3000,Motor Overload 1,Carrier,Red,take action,Report and repair immediately.,Carrier APX,0,0,0,,Not observed in 2025. Per Carrier manual: immediate service required.
P00199,C2 Chk Return Air Sensor,Carrier,Red,take action,Report and repair immediately.,Carrier APX,0,0,0,,Not observed in 2025. Per Carrier manual: immediate service required.
P00200,Check UL1 Cylinders,Carrier,Red,take action,Report and repair immediately.,Carrier APX,0,0,0,,Not observed in 2025. Per Carrier manual: immediate service required.
3002,Check Clutch Slip,Carrier,Red,take action,Report and repair immediately.,Carrier APX,0,0,0,,Not observed in 2025. Per Carrier manual: immediate service required.
P00201,Check UL2 Cylinders,Carrier,Red,take action,Report and repair immediately.,Carrier APX,0,0,0,,Not observed in 2025. Per Carrier manual: immediate service required.
P00202,High Side Leak,Carrier,Red,take action,Report and repair immediately.,Carrier APX,0,0,0,,Not observed in 2025. Per Carrier manual: immediate service required.
4000,Check Remote Switch 3,Carrier,Yellow,check,"Reset, report reactivation.",Carrier APX,0,0,0,,Not observed in 2025. Per Carrier manual: monitor and report.
P00203,Check Discharge Check Valve,Carrier,Red,take action,Report and repair immediately.,Carrier APX,0,0,0,,Not observed in 2025. Per Carrier manual: immediate service required.
4001,Check Remote Switch 4,Carrier,Yellow,check,"Reset, report reactivation.",Carrier APX,0,0,0,,Not observed in 2025. Per Carrier manual: monitor and report.
P00204,Low Suction Pressure,Carrier,Red,take action,Report and repair immediately.,Carrier APX,0,0,0,,Not observed in 2025. Per Carrier manual: immediate service required.
P00205,Check Defrost Term 2 Sensor,Carrier,Red,take action,Report and repair immediately.,Carrier APX,0,0,0,,Not observed in 2025. Per Carrier manual: immediate service required.
4003,DC Battery Over Current,Carrier,Yellow,check,"Reset, report reactivation.",Carrier APX,0,0,0,,Not observed in 2025. Per Carrier manual: monitor and report.
4004,No Setpoint Change,Carrier,Yellow,check,"Reset, report reactivation.",Carrier APX,0,0,0,,Not observed in 2025. Per Carrier manual: monitor and report.
P00206,Check Condenser Fan Circuit,Carrier,Red,take action,Report and repair immediately.,Carrier APX,0,0,0,,Not observed in 2025. Per Carrier manual: immediate service required.
4005,No Setpoint Change C2,Carrier,Yellow,check,"Reset, report reactivation.",Carrier APX,0,0,0,,Not observed in 2025. Per Carrier manual: monitor and report.
4006,No Setpoint Change C3,Carrier,Yellow,check,"Reset, report reactivation.",Carrier APX,0,0,0,,Not observed in 2025. Per Carrier manual: monitor and report.
P00207,Check Comp Contact Circuit,Carrier,Red,take action,Report and repair immediately.,Carrier APX,0,0,0,,Not observed in 2025. Per Carrier manual: immediate service required.
4007,Not Configured for C2,Carrier,Red,take action,Report and repair immediately.,Carrier APX,0,0,0,,Not observed in 2025. Per Carrier manual: immediate service required.
4008,Not Configured for C3,Carrier,Red,take action,Report and repair immediately.,Carrier APX,0,0,0,,Not observed in 2025. Per Carrier manual: immediate service required.
P00208,Check Generator Cont Circ,Carrier,Red,take action,Report and repair immediately.,Carrier APX,0,0,0,,Not observed in 2025. Per Carrier manual: immediate service required.
4016,Check EES Configuration,Carrier,Yellow,check,"Reset, report reactivation.",Carrier APX,0,0,0,,Not observed in 2025. Per Carrier manual: monitor and report.
P00209,Check Standby Cont Circuit,Carrier,Red,take action,Report and repair immediately.,Carrier APX,0,0,0,,Not observed in 2025. Per Carrier manual: immediate service required.
5002,Fuel Pump Relay,Carrier,Red,take action,Report and repair immediately.,Carrier APX,0,0,0,,Not observed in 2025. Per Carrier manual: immediate service required.
P00210,C3 Chk Return Air Sensor,Carrier,Red,take action,Report and repair immediately.,Carrier APX,0,0,0,,Not observed in 2025. Per Carrier manual: immediate service required.
5003,Diesel / Electric Relay,Carrier,Red,take action,Report and repair immediately.,Carrier APX,0,0,0,,Not observed in 2025. Per Carrier manual: immediate service required.
P00211,C2 Check Defrost Sensor,Carrier,Red,take action,Report and repair immediately.,Carrier APX,0,0,0,,Not observed in 2025. Per Carrier manual: immediate service required.
5004,Bad F13 Fuse,Carrier,Yellow,check,"Reset, report reactivation.",Carrier APX,0,0,0,,Not observed in 2025. Per Carrier manual: monitor and report.
P00212,C3 Check Defrost Sensor,Carrier,Red,take action,Report and repair immediately.,Carrier APX,0,0,0,,Not observed in 2025. Per Carrier manual: immediate service required.
5005,Bad F9 Fuse,Carrier,Yellow,check,"Reset, report reactivation.",Carrier APX,0,0,0,,Not observed in 2025. Per Carrier manual: monitor and report.
P14001,C2 Chk Evap2 Superheat,Carrier,Yellow,check,"Reset, report reactivation.",Carrier APX,0,0,0,,Not observed in 2025. Per Carrier manual: monitor and report.
5006,Bad F5 Fuse,Carrier,Red,take action,Report and repair immediately.,Carrier APX,0,0,0,,Not observed in 2025. Per Carrier manual: immediate service required.
P14002,C3 Chk Evap1 Superheat,Carrier,Yellow,check,"Reset, report reactivation.",Carrier APX,0,0,0,,Not observed in 2025. Per Carrier manual: monitor and report.
5007,Bad F3 Fuse,Carrier,Red,take action,Report and repair immediately.,Carrier APX,0,0,0,,Not observed in 2025. Per Carrier manual: immediate service required.
P14003,C3 Chk Evap2 Superheat,Carrier,Yellow,check,"Reset, report reactivation.",Carrier APX,0,0,0,,Not observed in 2025. Per Carrier manual: monitor and report.
5008,Bad F10 Fuse,Carrier,Red,take action,Report and repair immediately.,Carrier APX,0,0,0,,Not observed in 2025. Per Carrier manual: immediate service required.
P17000,Check EES Air Control Valve,Carrier,Yellow,check,"Reset, report reactivation.",Carrier APX,0,0,0,,Not observed in 2025. Per Carrier manual: monitor and report.
P17001,Check EES Fueling System,Carrier,Yellow,check,"Reset, report reactivation.",Carrier APX,0,0,0,,Not observed in 2025. Per Carrier manual: monitor and report.
5011,Check High Speed Control Circuit,Carrier,Red,take action,Report and repair immediately.,Carrier APX,0,0,0,,Not observed in 2025. Per Carrier manual: immediate service required.
5012,Check ENSCU Power Circuit,Carrier,Red,take action,Report and repair immediately.,Carrier APX,0,0,0,,Not observed in 2025. Per Carrier manual: immediate service required.
20100,No Comm From Micro to Display,Carrier,Red,take action,Report and repair immediately.,Carrier APX,0,0,0,,Not observed in 2025. Per Carrier manual: immediate service required.
5013,Check Clutch Circuit,Carrier,Red,take action,Report and repair immediately.,Carrier APX,0,0,0,,Not observed in 2025. Per Carrier manual: immediate service required.
20101,No Comm From Micro to Remote Display,Carrier,Yellow,check,Report and repair immeditely.,Carrier APX,0,0,0,,Not observed in 2025. Per Carrier manual: monitor and report.
5015,Check Hot Gas Valve Circuit,Carrier,Red,take action,Report and repair immediately.,Carrier APX,0,0,0,,Not observed in 2025. Per Carrier manual: immediate service required.
21100,No Comm From Any Board to Main Micro,Carrier,Red,take action,Report and repair immediately.,Carrier APX,0,0,0,,Not observed in 2025. Per Carrier manual: immediate service required.
5016,Check Remote Amber Light,Carrier,Yellow,check,"Reset, report reactivation.",Carrier APX,0,0,0,,Not observed in 2025. Per Carrier manual: monitor and report.
22100,No Comm From Micro to INPBD1,Carrier,Red,take action,Report and repair immediately.,Carrier APX,0,0,0,,Not observed in 2025. Per Carrier manual: immediate service required.
5017,Check Eng Preheat Enable Circuit,Carrier,Yellow,check,"Reset, report reactivation.",Carrier APX,0,0,0,,Not observed in 2025. Per Carrier manual: monitor and report.
5018,Check Power Enable Control,Carrier,Yellow,check,"Reset, report reactivation.",Carrier APX,0,0,0,,Not observed in 2025. Per Carrier manual: monitor and report.
22102,Sensor Input Voltage High INP1,Carrier,Yellow,check,Check and repair at end of trip.,Carrier APX,0,0,0,,Not observed in 2025. Per Carrier manual: monitor and report.
5019,Check CDCON Relay Coil Two,Carrier,Yellow,check,"Reset, report reactivation.",Carrier APX,0,0,0,,Not observed in 2025. Per Carrier manual: monitor and report.
22103,Input Lost Configuration,Carrier,Red,take action,Report and repair immediately.,Carrier APX,0,0,0,,Not observed in 2025. Per Carrier manual: immediate service required.
5020,Check Htr Cntr One,Carrier,Yellow,check,"Reset, report reactivation.",Carrier APX,0,0,0,,Not observed in 2025. Per Carrier manual: monitor and report.
23100,No Comm From Micro to Outbd1,Carrier,Red,take action,Report and repair immediately.,Carrier APX,0,0,0,,Not observed in 2025. Per Carrier manual: immediate service required.
5022,C2 Check High Temp Thermostat,Carrier,Yellow,check,"Reset, report reactivation.",Carrier APX,0,0,0,,Not observed in 2025. Per Carrier manual: monitor and report.
5023,C3 Check High Temp Thermostat,Carrier,Yellow,check,"Reset, report reactivation.",Carrier APX,0,0,0,,Not observed in 2025. Per Carrier manual: monitor and report.
24100,No Comm From Micro to CCB1,Carrier,Red,take action,Report and repair immediately.,Carrier APX,0,0,0,,Not observed in 2025. Per Carrier manual: immediate service required.
5024,Check Standby Contactor,Carrier,Red,take action,Report and repair immediately.,Carrier APX,0,0,0,,Not observed in 2025. Per Carrier manual: immediate service required.
5025,Check Standby Contactor,Carrier,Red,take action,Report and repair immediately.,Carrier APX,0,0,0,,Not observed in 2025. Per Carrier manual: immediate service required.
24101,Sensor Input Voltage Low CCB1,Carrier,Yellow,check,Check and repair at end of trip.,Carrier APX,0,0,0,,Not observed in 2025. Per Carrier manual: monitor and report.
5026,Check AC and Phase,Carrier,Red,take action,Report and repair immediately.,Carrier APX,0,0,0,,Not observed in 2025. Per Carrier manual: immediate service required.
5027,Generator Overheat,Carrier,Red,take action,Report and repair immediately.,Carrier APX,0,0,0,,Not observed in 2025. Per Carrier manual: immediate service required.
24102,Sensor Input Voltage High CCB1,Carrier,Yellow,check,Check and repair at end of trip.,Carrier APX,0,0,0,,Not observed in 2025. Per Carrier manual: monitor and report.
24200,No Comm From Micro to CCB2,Carrier,Red,take action,Report and repair immediately.,Carrier APX,0,0,0,,Not observed in 2025. Per Carrier manual: immediate service required.
6000,Cond. Motor 2 Overheated,Carrier,Red,take action,Report and repair immediately.,Carrier APX,0,0,0,,Not observed in 2025. Per Carrier manual: immediate service required.
6001,Check Light Bar,Carrier,Yellow,check,"Reset, report reactivation.",Carrier APX,0,0,0,,Not observed in 2025. Per Carrier manual: monitor and report.
24201,Sensor Input Voltage Low CCB2,Carrier,Yellow,check,Check and repair at end of trip.,Carrier APX,0,0,0,,Not observed in 2025. Per Carrier manual: monitor and report.
6002,Compressor Protect Mode,Carrier,Red,take action,Report and repair immediately.,Carrier APX,0,0,0,,Not observed in 2025. Per Carrier manual: immediate service required.
24202,Sensor Input Voltage High CCB2,Carrier,Yellow,check,Check and repair at end of trip.,Carrier APX,0,0,0,,Not observed in 2025. Per Carrier manual: monitor and report.
7000,Economizer Temp Sensor,Carrier,Yellow,check,"Reset, report reactivation.",Carrier APX,0,0,0,,Not observed in 2025. Per Carrier manual: monitor and report.
7001,Economizer Press Sensor,Carrier,Yellow,check,"Reset, report reactivation.",Carrier APX,0,0,0,,Not observed in 2025. Per Carrier manual: monitor and report.
24300,No Comm From Micro to CCB3,Carrier,Red,take action,Report and repair immediately.,Carrier APX,0,0,0,,Not observed in 2025. Per Carrier manual: immediate service required.
7002,C3 Chk Supply Air Sensor,Carrier,Yellow,check,"Reset, report reactivation.",Carrier APX,0,0,0,,Not observed in 2025. Per Carrier manual: monitor and report.
24301,Sensor Input Voltage Low CCB3,Carrier,Yellow,check,Check and repair at end of trip.,Carrier APX,0,0,0,,Not observed in 2025. Per Carrier manual: monitor and report.
7003,C2 Chk Evap Temp Sensor,Carrier,Yellow,check,"Reset, report reactivation.",Carrier APX,0,0,0,,Not observed in 2025. Per Carrier manual: monitor and report.
7004,C3 Chk Supply Air Sensor,Carrier,Yellow,check,"Reset, report reactivation.",Carrier APX,0,0,0,,Not observed in 2025. Per Carrier manual: monitor and report.
24302,Sensor Input Voltage High CCB3,Carrier,Yellow,check,Check and repair at end of trip.,Carrier APX,0,0,0,,Not observed in 2025. Per Carrier manual: monitor and report.
7006,Suction Pressure Sensor,Carrier,Yellow,check,"Reset, report reactivation.",Carrier APX,0,0,0,,Not observed in 2025. Per Carrier manual: monitor and report.
7007,Compressor AC Current,Carrier,Yellow,check,"Reset, report reactivation.",Carrier APX,0,0,0,,Not observed in 2025. Per Carrier manual: monitor and report.
24400,No Comm From Micro to CCB4,Carrier,Red,take action,Report and repair immediately.,Carrier APX,0,0,0,,Not observed in 2025. Per Carrier manual: immediate service required.
7008,Check Redundant RAT Sensor,Carrier,Yellow,check,"Reset, report reactivation.",Carrier APX,0,0,0,,Not observed in 2025. Per Carrier manual: monitor and report.
24401,Sensor Input Voltage Low CCB4,Carrier,Yellow,check,Check and repair at end of trip.,Carrier APX,0,0,0,,Not observed in 2025. Per Carrier manual: monitor and report.
7009,RAT Temp Sensor Out of Range,Carrier,Yellow,check,"Reset, report reactivation.",Carrier APX,0,0,0,,Not observed in 2025. Per Carrier manual: monitor and report.
24402,Sensor Input Voltage High CCB4,Carrier,Yellow,check,Check and repair at end of trip.,Carrier APX,0,0,0,,Not observed in 2025. Per Carrier manual: monitor and report.
P11000,Check Condenser Fan Motor 2,Carrier,Yellow,check,"Reset, report reactivation.",Carrier APX,0,0,0,,Not observed in 2025. Per Carrier manual: monitor and report.
25100,No Comm From Micro to STP1,Carrier,Red,take action,Report and repair immediately.,Carrier APX,0,0,0,,Not observed in 2025. Per Carrier manual: immediate service required.
P11001,Check Standby Contactor 2 Circuit,Carrier,Yellow,check,"Reset, report reactivation.",Carrier APX,0,0,0,,Not observed in 2025. Per Carrier manual: monitor and report.
25101,Over Current STP1,Carrier,Yellow,check,"Reset, report reactivation.",Carrier APX,0,0,0,,Not observed in 2025. Per Carrier manual: monitor and report.
P12000,C3 Chk Supply Air Sensor,Carrier,Yellow,check,"Reset, report reactivation.",Carrier APX,0,0,0,,Not observed in 2025. Per Carrier manual: monitor and report.
P12001,C2 Chk Evap Outlet Temp,Carrier,Yellow,check,"Reset, report reactivation.",Carrier APX,0,0,0,,Not observed in 2025. Per Carrier manual: monitor and report.
25200,No Comm From Micro to STP2,Carrier,Red,take action,Report and repair immediately.,Carrier APX,0,0,0,,Not observed in 2025. Per Carrier manual: immediate service required.
P12002,C3 Chk Evap Outlet Temp,Carrier,Yellow,check,"Reset, report reactivation.",Carrier APX,0,0,0,,Not observed in 2025. Per Carrier manual: monitor and report.
P13000,Check Condenser Fan 2 Circuit,Carrier,Red,take action,Report and repair immediately.,Carrier APX,0,0,0,,Not observed in 2025. Per Carrier manual: immediate service required.
25201,Over Current STP2,Carrier,Yellow,check,"Reset, report reactivation.",Carrier APX,0,0,0,,Not observed in 2025. Per Carrier manual: monitor and report.
25202,Check Input Voltage STP2,Carrier,Yellow,check,"Reset, report reactivation.",Carrier APX,0,0,0,,Not observed in 2025. Per Carrier manual: monitor and report.
P14000,C2 Chk Evap1 Superheat,Carrier,Yellow,check,"Reset, report reactivation.",Carrier APX,0,0,0,,Not observed in 2025. Per Carrier manual: monitor and report.
25300,No Comm From Micro to STP3,Carrier,Red,take action,Report and repair immediately.,Carrier APX,0,0,0,,Not observed in 2025. Per Carrier manual: immediate service required.
26209,EES Filter Outlet Temp,Carrier,Yellow,check,"Reset, report reactivation.",Carrier APX,0,0,0,,Not observed in 2025. Per Carrier manual: monitor and report.
26210,EES Exhaust Inlet Temp,Carrier,Yellow,check,"Reset, report reactivation.",Carrier APX,0,0,0,,Not observed in 2025. Per Carrier manual: monitor and report.
25301,Over Current STP3,Carrier,Yellow,check,"Reset, report reactivation.",Carrier APX,0,0,0,,Not observed in 2025. Per Carrier manual: monitor and report.
26211,EES ECU Output Failure,Carrier,Yellow,check,"Reset, report reactivation.",Carrier APX,0,0,0,,Not observed in 2025. Per Carrier manual: monitor and report.
25302,Check Input Voltage STP3,Carrier,Yellow,check,"Reset, report reactivation.",Carrier APX,0,0,0,,Not observed in 2025. Per Carrier manual: monitor and report.
26212,EES ECU Log Failure,Carrier,Yellow,check,Check and repair at end of trip.,Carrier APX,0,0,0,,Not observed in 2025. Per Carrier manual: monitor and report.
25400,No Comm From Micro to STP4,Carrier,Red,take action,Report and repair immediately.,Carrier APX,0,0,0,,Not observed in 2025. Per Carrier manual: immediate service required.
26213,EES ECU Clock Failure,Carrier,Yellow,check,"Reset, report reactivation.",Carrier APX,0,0,0,,Not observed in 2025. Per Carrier manual: monitor and report.
26214,EES ECU Temp Low,Carrier,Yellow,check,Check and repair at end of trip.,Carrier APX,0,0,0,,Not observed in 2025. Per Carrier manual: monitor and report.
25401,Over Current STP4,Carrier,Yellow,check,"Reset, report reactivation.",Carrier APX,0,0,0,,Not observed in 2025. Per Carrier manual: monitor and report.
26215,EES ECU Temp High,Carrier,Yellow,check,Check and repair at end of trip.,Carrier APX,0,0,0,,Not observed in 2025. Per Carrier manual: monitor and report.
25402,Check Input Voltage STP4,Carrier,Yellow,check,"Reset, report reactivation.",Carrier APX,0,0,0,,Not observed in 2025. Per Carrier manual: monitor and report.
26216,EES No Temperature Rise,Carrier,Yellow,check,"Reset, report reactivation.",Carrier APX,0,0,0,,Not observed in 2025. Per Carrier manual: monitor and report.
26100,No Comm From Micro to ENCU,Carrier,Red,take action,Report and repair immediately.,Carrier APX,0,0,0,,Not observed in 2025. Per Carrier manual: immediate service required.
26217,EES System Failure,Carrier,Red,take action,Report and repair immediately.,Carrier APX,0,0,0,,Not observed in 2025. Per Carrier manual: immediate service required.
26218,EES System Overtemp,Carrier,Red,take action,Report and repair immediately.,Carrier APX,0,0,0,,Not observed in 2025. Per Carrier manual: immediate service required.
26101,Engine Over Heat ENCU,Carrier,Yellow,check,"Reset, report reactivation.",Carrier APX,0,0,0,,Not observed in 2025. Per Carrier manual: monitor and report.
26219,Temp Sensor Drift,Carrier,Red,take action,Report and repair immediately.,Carrier APX,0,0,0,,Not observed in 2025. Per Carrier manual: immediate service required.
26102,Water Temp Low ENCU,Carrier,Yellow,check,"Reset, report reactivation.",Carrier APX,0,0,0,,Not observed in 2025. Per Carrier manual: monitor and report.
26220,EES Back Pressure Exceeded,Carrier,Red,take action,Report and repair immediately.,Carrier APX,0,0,0,,Not observed in 2025. Per Carrier manual: immediate service required.
26103,Water Temp High ENCU,Carrier,Yellow,check,"Reset, report reactivation.",Carrier APX,0,0,0,,Not observed in 2025. Per Carrier manual: monitor and report.
26104,Battery Voltage High ENCU,Carrier,Red,take action,Report and repair immediately.,Carrier APX,0,0,0,,Not observed in 2025. Per Carrier manual: immediate service required.
26221,EES Frequent Regenerations,Carrier,Red,take action,Report and repair immediately.,Carrier APX,0,0,0,,Not observed in 2025. Per Carrier manual: immediate service required.
26105,Engine Overrun ENCU,Carrier,Red,take action,Report and repair immediately.,Carrier APX,0,0,0,,Not observed in 2025. Per Carrier manual: immediate service required.
26222,EES Back Pressure Offset Exceeded,Carrier,Red,take action,Report and repair immediately.,Carrier APX,0,0,0,,Not observed in 2025. Per Carrier manual: immediate service required.
26106,Sensor Supply Voltage 1 Low ENCU,Carrier,Red,take action,Report and repair immediately.,Carrier APX,0,0,0,,Not observed in 2025. Per Carrier manual: immediate service required.
26107,Oil Pressure Error ENCU,Carrier,Yellow,check,"Reset, report reactivation.",Carrier APX,0,0,0,,Not observed in 2025. Per Carrier manual: monitor and report.
26300,ENCU CAN Comm Failure,Carrier,Red,take action,Report and repair immediately.,Carrier APX,0,0,0,,Not observed in 2025. Per Carrier manual: immediate service required.
26108,Rack Position Abnormal ENCU,Carrier,Yellow,check,"Reset, report reactivation.",Carrier APX,0,0,0,,Not observed in 2025. Per Carrier manual: monitor and report.
26301,Engine Shutdown Alarm,Carrier,Red,take action,Report and repair immediately.,Carrier APX,0,0,0,,Not observed in 2025. Per Carrier manual: immediate service required.
26302,Engine Warning Alarm,Carrier,Yellow,check,"Reset, report reactivation.",Carrier APX,0,0,0,,Not observed in 2025. Per Carrier manual: monitor and report.
26109,Actuator Abnormal ENCU,Carrier,Red,take action,Report and repair immediately.,Carrier APX,0,0,0,,Not observed in 2025. Per Carrier manual: immediate service required.
26110,Engine Speed Sensor Abnormal ENCU,Carrier,Red,take action,Report and repair immediately.,Carrier APX,0,0,0,,Not observed in 2025. Per Carrier manual: immediate service required.
27100,No Comm from Micro to Comm Module,Carrier,Red,take action,Report and repair immediately.,Carrier APX,0,0,0,,Not observed in 2025. Per Carrier manual: immediate service required.
26111,Intake Air Pressure Low ENCU,Carrier,Red,take action,Report and repair immediately.,Carrier APX,0,0,0,,Not observed in 2025. Per Carrier manual: immediate service required.
27200,No Comm from Micro to Optional Comm Module,Carrier,Red,take action,Report and repair immediately.,Carrier APX,0,0,0,,Not observed in 2025. Per Carrier manual: immediate service required.
26112,Intake Air Pressure High ENCU,Carrier,Red,take action,Report and repair immediately.,Carrier APX,0,0,0,,Not observed in 2025. Per Carrier manual: immediate service required.
28001,No Comm from fuel sensor,Carrier,Yellow,check,"Reset, report reactivation.",Carrier APX,0,0,0,,Not observed in 2025. Per Carrier manual: monitor and report.
28002,No Comm from door switch,Carrier,Yellow,check,"Reset, report reactivation.",Carrier APX,0,0,0,,Not observed in 2025. Per Carrier manual: monitor and report.
28003,Invalid 3rd Party Door Switch,Carrier,Yellow,check,"Reset, report reactivation.",Carrier APX,0,0,0,,Not observed in 2025. Per Carrier manual: monitor and report.
26200,EES Loss of Communication to Controller,Carrier,Yellow,check,"Reset, report reactivation.",Carrier APX,0,0,0,,Not observed in 2025. Per Carrier manual: monitor and report.
28004,Invalid 3rd Party REMS1,Carrier,Yellow,check,"Reset, report reactivation.",Carrier APX,0,0,0,,Not observed in 2025. Per Carrier manual: monitor and report.
28005,Invalid 3rd Party REMS2,Carrier,Yellow,check,"Reset, report reactivation.",Carrier APX,0,0,0,,Not observed in 2025. Per Carrier manual: monitor and report.
26201,EES Service Required,Carrier,Yellow,check,"Reset, report reactivation.",Carrier APX,0,0,0,,Not observed in 2025. Per Carrier manual: monitor and report.
28006,Invalid 3rd Party REMS3,Carrier,Yellow,check,"Reset, report reactivation.",Carrier APX,0,0,0,,Not observed in 2025. Per Carrier manual: monitor and report.
26202,EES High Back Pressure,Carrier,Yellow,check,"Reset, report reactivation.",Carrier APX,0,0,0,,Not observed in 2025. Per Carrier manual: monitor and report.
26203,EES Low Back Pressure,Carrier,Yellow,check,"Reset, report reactivation.",Carrier APX,0,0,0,,Not observed in 2025. Per Carrier manual: monitor and report.
26204,EES ECU Voltage Low,Carrier,Yellow,check,Check and repair at end of trip.,Carrier APX,0,0,0,,Not observed in 2025. Per Carrier manual: monitor and report.
26205,EES Filter Inlet Temp,Carrier,Yellow,check,"Reset, report reactivation.",Carrier APX,0,0,0,,Not observed in 2025. Per Carrier manual: monitor and report.
26206,EES Check Fuel Pump Circuit,Carrier,Yellow,check,"Reset, report reactivation.",Carrier APX,0,0,0,,Not observed in 2025. Per Carrier manual: monitor and report.
26207,EES Check Air Control Valve,Carrier,Yellow,check,"Reset, report reactivation.",Carrier APX,0,0,0,,Not observed in 2025. Per Carrier manual: monitor and report.
26208,EES Check Fuel Injector Circuit,Carrier,Yellow,check,"Reset, report reactivation.",Carrier APX,0,0,0,,Not observed in 2025. Per Carrier manual: monitor and report.
