container,container_num,reefer_unit,container_make,container_model,container_year,container_serial,shop_id,ownership,trailer_kind,in_service_date,install_date,container_age_years,reefer_install_days,reefer_make,reefer_model,reefer_year,reefer_serial,reefer_status,reefer_age_years,is_slxi,is_thermoking,is_carrier,total_events,shutdown_count,low_fuel_count,alarm_count,restarted_count,not_reporting_count,has_shutdown,total_rail_legs,total_rail_miles,unique_routes,shutdown_rate
FLI900001,900001,AST-1035,CIMCX,UNITMODEL,2014,530416,SHP-10,COM,RFRCNT,2013-10-23,2013-11-07 11:29:00,11,4436.0,Vendor-A,SB230,2013.0,6001132214,ACTIVE,12.0,0,1,0,7,2,2,1,0,2,1,57,136987.0,16,0.0350877192982456
FLI900002,900002,AST-1036,CIMCX,UNITMODEL,2014,530417,SHP-10,COM,RFRCNT,2013-10-23,2013-11-20 12:23:00,11,4423.0,Vendor-A,SB230,2013.0,6001132119,ACTIVE,12.0,0,1,0,3,2,1,0,0,0,1,58,122896.0,23,0.0344827586206896
FLI900003,900003,AST-1037,CIMCX,UNITMODEL,2014,530418,SHP-10,COM,RFRCNT,2013-10-23,2013-11-20 15:31:00,11,4423.0,Vendor-A,SB230,2013.0,6001132176,ACTIVE,12.0,0,1,0,3,2,0,0,1,0,1,62,118244.0,21,0.032258064516129
FLI900004,900004,AST-1481,CIMCX,UNITMODEL,2014,530419,SHP-10,COM,RFRCNT,2013-10-23,2020-02-25 16:08:00,11,2135.0,Vendor-A,S600,2013.0,6001149665,ACTIVE,12.0,0,1,0,13,2,3,7,0,1,1,62,116758.0,22,0.032258064516129
FLI900005,900005,AST-1038,CIMCX,UNITMODEL,2014,530420,SHP-10,COM,RFRCNT,2013-10-23,2013-11-20 15:35:00,11,4423.0,Vendor-A,SB230,2013.0,6001132142,ACTIVE,12.0,0,1,0,5,1,2,1,1,0,1,62,129285.0,23,0.0161290322580645
FLI900006,900006,AST-1039,CIMCX,UNITMODEL,2014,530421,SHP-10,COM,RFRCNT,2013-10-23,2013-11-20 15:39:00,11,4423.0,Vendor-A,SB230,2013.0,6001132123,ACTIVE,12.0,0,1,0,7,1,2,3,1,0,1,54,122719.0,18,0.0185185185185185
FLI900007,900007,AST-1040,CIMCX,UNITMODEL,2014,530422,SHP-10,COM,RFRCNT,2013-10-23,2014-01-03 10:30:00,11,4379.0,Vendor-A,SB230,2013.0,6001132108,ACTIVE,12.0,0,1,0,4,2,2,0,0,0,1,60,130976.0,25,0.0333333333333333
FLI900008,900008,AST-1041,CIMCX,UNITMODEL,2014,530423,SHP-10,COM,RFRCNT,2013-10-23,2013-11-20 12:25:00,11,4423.0,Vendor-A,SB230,2013.0,6001132187,ACTIVE,12.0,0,1,0,6,3,3,0,0,0,1,57,121170.0,22,0.0526315789473684
FLI900009,900009,AST-1042,CIMCX,UNITMODEL,2014,530424,SHP-10,COM,RFRCNT,2013-10-23,2013-11-20 15:41:00,11,4423.0,Vendor-A,SB230,2013.0,6001132106,ACTIVE,12.0,0,1,0,11,4,2,3,1,1,1,53,122994.0,15,0.0754716981132075
FLI900010,900010,AST-1043,CIMCX,UNITMODEL,2014,530425,SHP-10,COM,RFRCNT,2013-10-23,2013-11-20 14:02:00,11,4423.0,Vendor-A,SB230,2013.0,6001132145,ACTIVE,12.0,0,1,0,7,3,2,1,1,0,1,54,119068.0,21,0.0555555555555555
FLI900011,900011,AST-1044,CIMCX,UNITMODEL,2014,530426,SHP-10,COM,RFRCNT,2013-10-23,2013-11-07 11:49:00,11,4436.0,Vendor-A,SB230,2013.0,6001132131,ACTIVE,12.0,0,1,0,2,1,1,0,0,0,1,56,122445.0,24,0.0178571428571428
FLI900012,900012,AST-1045,CIMCX,UNITMODEL,2014,530427,SHP-10,COM,RFRCNT,2013-10-23,2013-11-07 12:09:00,11,4436.0,Vendor-A,SB230,2013.0,6001132179,ACTIVE,12.0,0,1,0,5,0,1,0,4,0,0,57,122889.0,22,0.0
FLI900013,900013,AST-1046,CIMCX,UNITMODEL,2014,530428,SHP-10,COM,RFRCNT,2013-10-23,2013-11-11 09:40:00,11,4432.0,Vendor-A,SB230,2013.0,6001132130,ACTIVE,12.0,0,1,0,5,3,0,0,2,0,1,56,119257.0,22,0.0535714285714285
FLI900014,900014,AST-1043,CIMCX,UNITMODEL,2014,530429,SHP-10,COM,RFRCNT,2013-10-23,2013-11-20 14:02:00,11,4423.0,Vendor-A,SB230,2013.0,6001132145,ACTIVE,12.0,0,1,0,9,2,3,1,2,0,1,58,129112.0,20,0.0344827586206896
FLI900015,900015,AST-1047,CIMCX,UNITMODEL,2014,530430,SHP-10,COM,RFRCNT,2013-10-23,2013-11-20 16:07:00,11,4423.0,Vendor-A,SB230,2013.0,6001132127,ACTIVE,12.0,0,1,0,5,0,1,4,0,0,0,55,116756.0,20,0.0
FLI900016,900016,AST-1048,CIMCX,UNITMODEL,2014,530431,SHP-10,COM,RFRCNT,2013-10-23,2013-11-20 14:03:00,11,4423.0,Vendor-A,SB230,2013.0,6001132182,ACTIVE,12.0,0,1,0,10,0,2,6,0,2,0,56,127580.0,19,0.0
FLI900017,900017,AST-1049,CIMCX,UNITMODEL,2014,530432,SHP-10,COM,RFRCNT,2013-10-23,2013-11-20 16:09:00,11,4423.0,Vendor-A,SB230,2013.0,6001132183,ACTIVE,12.0,0,1,0,4,2,2,0,0,0,1,58,135489.0,22,0.0344827586206896
FLI900018,900018,AST-1050,CIMCX,UNITMODEL,2014,530433,SHP-10,COM,RFRCNT,2013-10-23,2013-11-07 11:31:00,11,4436.0,Vendor-A,SB230,2013.0,6001132105,ACTIVE,12.0,0,1,0,4,2,2,0,0,0,1,48,111692.0,15,0.0416666666666666
FLI900019,900019,AST-1051,CIMCX,UNITMODEL,2014,530434,SHP-10,COM,RFRCNT,2013-10-23,2013-11-08 15:42:00,11,4435.0,Vendor-A,SB230,2013.0,6001132185,ACTIVE,12.0,0,1,0,4,1,3,0,0,0,1,54,119468.0,20,0.0185185185185185
FLI900020,900020,AST-1052,CIMCX,UNITMODEL,2014,530435,SHP-10,COM,RFRCNT,2013-10-23,2013-11-20 14:15:00,11,4423.0,Vendor-A,SB230,2013.0,6001132175,ACTIVE,12.0,0,1,0,10,2,8,0,0,0,1,61,130038.0,19,0.0327868852459016
FLI900021,900021,AST-1053,CIMCX,UNITMODEL,2014,530436,SHP-10,COM,RFRCNT,2013-10-23,2013-11-20 16:10:00,11,4423.0,Vendor-A,SB230,2013.0,6001132129,ACTIVE,12.0,0,1,0,9,4,3,0,0,2,1,60,133513.0,21,0.0666666666666666
FLI900022,900022,AST-1054,CIMCX,UNITMODEL,2014,530437,SHP-10,COM,RFRCNT,2013-10-23,2013-11-20 14:14:00,11,4423.0,Vendor-A,SB230,2013.0,6001132181,ACTIVE,12.0,0,1,0,12,4,0,4,2,2,1,55,114968.0,16,0.0727272727272727
FLI900023,900023,AST-1055,CIMCX,UNITMODEL,2014,530438,SHP-10,COM,RFRCNT,2013-10-23,2013-11-20 16:12:00,11,4423.0,Vendor-A,SB230,2013.0,6001131651,ACTIVE,12.0,0,1,0,7,3,0,1,3,0,1,51,111831.0,18,0.0588235294117647
FLI900024,900024,AST-1056,CIMCX,UNITMODEL,2014,530439,SHP-10,COM,RFRCNT,2013-10-23,2013-11-20 16:13:00,11,4423.0,Vendor-A,SB230,2013.0,6001132117,ACTIVE,12.0,0,1,0,8,4,2,1,1,0,1,57,118057.0,23,0.0701754385964912
FLI900025,900025,AST-1057,CIMCX,UNITMODEL,2014,530440,SHP-10,COM,RFRCNT,2013-10-23,2013-11-20 16:22:00,11,4423.0,Vendor-A,SB230,2013.0,6001132109,ACTIVE,12.0,0,1,0,18,1,16,0,1,0,1,54,112091.0,22,0.0185185185185185
FLI900026,900026,AST-1058,CIMCX,UNITMODEL,2014,530441,SHP-10,COM,RFRCNT,2013-10-23,2013-11-20 16:23:00,11,4423.0,Vendor-A,SB230,2013.0,6001132111,ACTIVE,12.0,0,1,0,9,5,2,1,1,0,1,50,113037.0,15,0.1
FLI900027,900027,AST-1059,CIMCX,UNITMODEL,2014,530442,SHP-10,COM,RFRCNT,2013-10-23,2014-01-03 11:25:00,11,4379.0,Vendor-A,SB230,2013.0,6001132146,ACTIVE,12.0,0,1,0,14,4,10,0,0,0,1,57,122878.0,21,0.0701754385964912
FLI900028,900028,AST-1060,CIMCX,UNITMODEL,2014,530443,SHP-10,COM,RFRCNT,2013-10-23,2013-11-12 14:04:00,11,4431.0,Vendor-A,SB230,2013.0,6001132184,ACTIVE,12.0,0,1,0,12,5,1,1,2,3,1,52,114670.0,22,0.0961538461538461
FLI900029,900029,AST-1061,CIMCX,UNITMODEL,2014,530444,SHP-10,COM,RFRCNT,2013-10-23,2013-11-07 11:45:00,11,4436.0,Vendor-A,SB230,2013.0,6001132121,ACTIVE,12.0,0,1,0,6,0,0,0,4,2,0,58,124000.0,20,0.0
FLI900030,900030,AST-1062,CIMCX,UNITMODEL,2014,530445,SHP-10,COM,RFRCNT,2013-10-23,2013-11-20 16:25:00,11,4423.0,Vendor-A,SB230,2013.0,6001132112,ACTIVE,12.0,0,1,0,7,0,5,2,0,0,0,56,118996.0,21,0.0
FLI900031,900031,AST-1063,CIMCX,UNITMODEL,2014,530446,SHP-10,COM,RFRCNT,2013-10-23,2014-01-03 11:22:00,11,4379.0,Vendor-A,SB230,2013.0,6001132139,ACTIVE,12.0,0,1,0,5,1,1,2,1,0,1,60,133218.0,20,0.0166666666666666
FLI900032,900032,AST-1064,CIMCX,UNITMODEL,2014,530447,SHP-10,COM,RFRCNT,2013-10-23,2013-11-07 11:36:00,11,4436.0,Vendor-A,SB230,2013.0,6001132115,ACTIVE,12.0,0,1,0,5,3,0,1,1,0,1,63,131275.0,17,0.0476190476190476
FLI900033,900033,AST-1065,CIMCX,UNITMODEL,2014,530448,SHP-10,COM,RFRCNT,2013-10-23,2013-11-20 16:27:00,11,4423.0,Vendor-A,SB230,2013.0,6001132180,ACTIVE,12.0,0,1,0,8,3,2,3,0,0,1,55,115734.0,25,0.0545454545454545
FLI900034,900034,AST-1066,CIMCX,UNITMODEL,2014,530449,SHP-10,COM,RFRCNT,2013-10-23,2013-11-07 11:38:00,11,4436.0,Vendor-A,SB230,2013.0,6001132118,ACTIVE,12.0,0,1,0,6,2,4,0,0,0,1,54,116139.0,22,0.037037037037037
FLI900035,900035,AST-1067,CIMCX,UNITMODEL,2014,530450,SHP-10,COM,RFRCNT,2013-10-23,2013-11-21 09:08:00,11,4422.0,Vendor-A,SB230,2013.0,6001132138,ACTIVE,12.0,0,1,0,9,1,3,1,4,0,1,61,126716.0,22,0.0163934426229508
FLI900036,900036,AST-1068,CIMCX,UNITMODEL,2014,530451,SHP-10,COM,RFRCNT,2013-10-23,2013-11-07 11:41:00,11,4436.0,Vendor-A,SB230,2013.0,6001132116,ACTIVE,12.0,0,1,0,7,0,5,1,1,0,0,55,118530.0,20,0.0
FLI900037,900037,AST-1069,CIMCX,UNITMODEL,2014,530452,SHP-10,COM,RFRCNT,2013-10-23,2013-11-11 09:38:00,11,4432.0,Vendor-A,SB230,2013.0,6001132128,ACTIVE,12.0,0,1,0,10,3,2,5,0,0,1,60,128979.0,23,0.05
FLI900038,900038,AST-1070,CIMCX,UNITMODEL,2014,530453,SHP-10,COM,RFRCNT,2013-10-23,2013-11-21 09:09:00,11,4422.0,Vendor-A,SB230,2013.0,6001132133,ACTIVE,12.0,0,1,0,5,4,0,1,0,0,1,49,108541.0,20,0.0816326530612244
FLI900039,900039,AST-1071,CIMCX,UNITMODEL,2014,530454,SHP-10,COM,RFRCNT,2013-10-23,2013-11-20 14:20:00,11,4423.0,Vendor-A,SB230,2013.0,6001132178,ACTIVE,12.0,0,1,0,5,3,2,0,0,0,1,60,125285.0,20,0.05
FLI900040,900040,AST-1005,CIMCX,UNITMODEL,2014,530455,SHP-10,COM,RFRCNT,2013-10-23,2013-02-17 05:18:00,11,4699.0,Vendor-A,SB230,2012.0,6001107912,ACTIVE,13.0,0,1,0,16,9,0,6,1,0,1,57,126447.0,17,0.1578947368421052
FLI900041,900041,AST-1072,CIMCX,UNITMODEL,2014,530456,SHP-10,COM,RFRCNT,2013-10-23,2013-11-21 09:12:00,11,4422.0,Vendor-A,SB230,2013.0,6001132107,ACTIVE,12.0,0,1,0,7,2,4,0,1,0,1,55,127039.0,15,0.0363636363636363
FLI900042,900042,AST-1073,CIMCX,UNITMODEL,2014,530457,SHP-10,COM,RFRCNT,2013-10-23,2013-11-21 09:14:00,11,4422.0,Vendor-A,SB230,2013.0,6001132125,ACTIVE,12.0,0,1,0,2,1,0,1,0,0,1,50,113705.0,14,0.02
FLI900043,900043,AST-1137,CIMCX,UNITMODEL,2014,530458,SHP-10,COM,RFRCNT,2013-10-23,2024-11-14 09:25:00,11,411.0,Vendor-A,C600,2015.0,6001189065,ACTIVE,10.0,0,1,0,1,1,0,0,0,0,1,55,117987.0,22,0.0181818181818181
FLI900044,900044,AST-1074,CIMCX,UNITMODEL,2014,530459,SHP-10,COM,RFRCNT,2013-10-23,2013-11-21 09:15:00,11,4422.0,Vendor-A,SB230,2013.0,6001132202,ACTIVE,12.0,0,1,0,2,1,0,0,1,0,1,54,115659.0,22,0.0185185185185185
FLI900045,900045,AST-1075,CIMCX,UNITMODEL,2014,530460,SHP-10,COM,RFRCNT,2013-10-23,2013-11-21 09:16:00,11,4422.0,Vendor-A,SB230,2013.0,6001132135,ACTIVE,12.0,0,1,0,3,3,0,0,0,0,1,57,122533.0,23,0.0526315789473684
FLI900046,900046,AST-1076,CIMCX,UNITMODEL,2014,530461,SHP-10,COM,RFRCNT,2013-10-23,2013-11-20 12:26:00,11,4423.0,Vendor-A,SB230,2013.0,6001132227,ACTIVE,12.0,0,1,0,8,4,0,2,2,0,1,56,112683.0,20,0.0714285714285714
FLI900047,900047,AST-1077,CIMCX,UNITMODEL,2014,530462,SHP-10,COM,RFRCNT,2013-10-23,2013-11-21 09:18:00,11,4422.0,Vendor-A,SB230,2013.0,6001132122,ACTIVE,12.0,0,1,0,5,0,2,2,0,1,0,61,130149.0,20,0.0
FLI900048,900048,AST-1078,CIMCX,UNITMODEL,2014,530463,SHP-10,COM,RFRCNT,2013-10-23,2013-11-07 11:48:00,11,4436.0,Vendor-A,SB230,2013.0,6001132104,ACTIVE,12.0,0,1,0,6,3,1,1,1,0,1,56,122069.0,21,0.0535714285714285
FLI900049,900049,AST-1079,CIMCX,UNITMODEL,2014,530464,SHP-10,COM,RFRCNT,2013-10-23,2013-11-21 09:19:00,11,4422.0,Vendor-A,SB230,2013.0,6001132120,ACTIVE,12.0,0,1,0,2,2,0,0,0,0,1,56,125614.0,21,0.0357142857142857
FLI900050,900050,AST-1080,CIMCX,UNITMODEL,2014,530465,SHP-10,COM,RFRCNT,2013-10-23,2014-01-03 11:21:00,11,4379.0,Vendor-A,SB230,2013.0,6001132126,ACTIVE,12.0,0,1,0,6,0,2,3,1,0,0,52,113852.0,25,0.0
FLI900051,900051,AST-1027,CIMCX,S-A53-05-179,2014,TNXU530500,SHP-10,COM,RFRCNT,2014-10-24,2014-11-27 12:22:00,11,4051.0,Vendor-A,SB230,2013.0,6001153141,ACTIVE,12.0,0,1,0,1,0,1,0,0,0,0,55,121002.0,18,0.0
FLI900052,900052,AST-1024,CIMCX,S-A53-05-179,2014,TNXU530501,SHP-10,COM,RFRCNT,2014-10-24,2014-11-27 12:27:00,11,4051.0,Vendor-A,SB230,2013.0,6001152540,ACTIVE,12.0,0,1,0,6,2,0,1,3,0,1,56,125709.0,20,0.0357142857142857
FLI900053,900053,AST-1029,CIMCX,S-A53-05-179,2014,TNXU530502,SHP-10,COM,RFRCNT,2014-10-24,2014-11-27 16:37:00,11,4051.0,Vendor-A,SB230,2013.0,6001152542,ACTIVE,12.0,0,1,0,3,1,1,0,1,0,1,55,119468.0,19,0.0181818181818181
FLI900054,900054,AST-1025,CIMCX,S-A53-05-179,2014,TNXU530503,SHP-10,COM,RFRCNT,2014-11-28,2014-04-15 13:05:00,11,4277.0,Vendor-A,SB230,2013.0,6001153129,ACTIVE,12.0,0,1,0,3,0,3,0,0,0,0,56,121865.0,18,0.0
FLI900055,900055,AST-1016,CIMCX,S-A53-05-179,2014,TNXU530504,SHP-10,COM,RFRCNT,2014-10-24,2014-11-27 12:28:00,11,4051.0,Vendor-A,SB230,2013.0,6001152557,ACTIVE,12.0,0,1,0,8,2,0,0,6,0,1,56,120769.0,18,0.0357142857142857
FLI900056,900056,AST-1018,CIMCX,S-A53-05-179,2014,TNXU530505,SHP-10,COM,RFRCNT,2015-01-06,2014-12-19 12:51:00,11,4029.0,Vendor-A,SB230,2013.0,6001152544,ACTIVE,12.0,0,1,0,3,0,0,3,0,0,0,55,124289.0,16,0.0
FLI900057,900057,AST-1011,CIMCX,S-A53-05-179,2014,TNXU530506,SHP-10,COM,RFRCNT,2014-12-10,2013-11-13 12:58:00,11,4430.0,Vendor-A,SB230,2013.0,6001151559,ACTIVE,12.0,0,1,0,3,3,0,0,0,0,1,59,123721.0,22,0.0508474576271186
FLI900058,900058,AST-1013,CIMCX,S-A53-05-179,2014,TNXU530507,SHP-10,COM,RFRCNT,2014-12-17,2014-12-19 11:07:00,11,4029.0,Vendor-A,SB230,2013.0,6001151557,ACTIVE,12.0,0,1,0,1,0,1,0,0,0,0,57,126950.0,19,0.0
FLI900059,900059,AST-1032,CIMCX,S-A53-05-179,2014,TNXU530508,SHP-10,COM,RFRCNT,2015-01-06,2014-01-03 13:46:00,11,4379.0,Vendor-A,SB230,2013.0,6001153164,ACTIVE,12.0,0,1,0,2,0,0,0,2,0,0,55,118839.0,21,0.0
FLI900060,900060,AST-1030,CIMCX,S-A53-05-179,2014,TNXU530509,SHP-10,COM,RFRCNT,2014-10-24,2014-11-27 12:30:00,11,4051.0,Vendor-A,SB230,2013.0,6001153166,ACTIVE,12.0,0,1,0,6,1,2,0,3,0,1,60,127626.0,22,0.0166666666666666
FLI900061,900061,AST-1015,CIMCX,S-A53-05-179,2014,TNXU530510,SHP-10,COM,RFRCNT,2014-10-24,2014-11-27 12:31:00,11,4051.0,Vendor-A,SB230,2013.0,6001152518,ACTIVE,12.0,0,1,0,2,0,0,0,2,0,0,56,114577.0,19,0.0
FLI900062,900062,AST-1014,CIMCX,S-A53-05-179,2014,TNXU530511,SHP-10,COM,RFRCNT,2014-12-16,2014-12-17 10:16:00,11,4031.0,Vendor-A,SB230,2013.0,6001151552,ACTIVE,12.0,0,1,0,1,0,1,0,0,0,0,60,131475.0,20,0.0
FLI900063,900063,AST-1031,CIMCX,S-A53-05-179,2014,TNXU530512,SHP-10,COM,RFRCNT,2014-12-05,2014-04-16 15:29:00,11,4276.0,Vendor-A,SB230,2013.0,6001153173,ACTIVE,12.0,0,1,0,2,0,0,2,0,0,0,61,129285.0,22,0.0
FLI900064,900064,AST-1026,CIMCX,S-A53-05-179,2014,TNXU530513,SHP-10,COM,RFRCNT,2014-12-13,2014-12-17 10:14:00,11,4031.0,Vendor-A,SB230,2013.0,6001153150,ACTIVE,12.0,0,1,0,6,1,2,3,0,0,1,60,141382.0,19,0.0166666666666666
FLI900065,900065,AST-1009,CIMCX,S-A53-05-179,2014,TNXU530514,SHP-10,COM,RFRCNT,2014-12-11,2014-12-11 09:14:00,11,4037.0,Vendor-A,SB230,2013.0,6001151550,ACTIVE,12.0,0,1,0,1,0,1,0,0,0,0,59,127753.0,20,0.0
FLI900066,900066,AST-1019,CIMCX,S-A53-05-179,2014,TNXU530515,SHP-10,COM,RFRCNT,2014-12-16,2014-12-17 10:17:00,11,4031.0,Vendor-A,SB230,2013.0,6001152511,ACTIVE,12.0,0,1,0,5,1,2,0,1,1,1,58,116512.0,23,0.0172413793103448
FLI900067,900067,AST-1028,CIMCX,S-A53-05-179,2014,TNXU530516,SHP-10,COM,RFRCNT,2014-11-28,2014-01-03 13:34:00,11,4379.0,Vendor-A,SB230,2013.0,6001153147,ACTIVE,12.0,0,1,0,2,0,0,0,2,0,0,59,115821.0,25,0.0
FLI900068,900068,AST-1006,CIMCX,S-A53-05-179,2014,TNXU530517,SHP-10,COM,RFRCNT,2014-12-16,2014-12-17 10:19:00,11,4031.0,Vendor-A,SB230,2013.0,6001151528,ACTIVE,12.0,0,1,0,5,1,2,2,0,0,1,52,114206.0,19,0.0192307692307692
FLI900069,900069,AST-1017,CIMCX,S-A53-05-179,2014,TNXU530518,SHP-10,COM,RFRCNT,2014-12-02,2014-12-11 09:15:00,11,4037.0,Vendor-A,SB230,2013.0,6001152558,ACTIVE,12.0,0,1,0,9,2,2,0,0,5,1,56,116750.0,19,0.0357142857142857
FLI900070,900070,AST-1021,CIMCX,S-A53-05-179,2014,TNXU530519,SHP-10,COM,RFRCNT,2014-12-23,2013-12-18 14:09:00,11,4395.0,Vendor-A,SB230,2013.0,6001152522,ACTIVE,12.0,0,1,0,1,1,0,0,0,0,1,56,117139.0,21,0.0178571428571428
FLI900071,900071,AST-1010,CIMCX,S-A53-05-179,2014,TNXU530520,SHP-10,COM,RFRCNT,2014-10-24,2014-11-27 12:32:00,11,4051.0,,,,,,,0,0,0,6,0,2,0,1,3,0,52,104131.0,25,0.0
FLI900072,900072,AST-1020,CIMCX,S-A53-05-179,2014,TNXU530521,SHP-10,COM,RFRCNT,2014-12-09,2014-12-11 09:15:00,11,4037.0,Vendor-A,SB230,2013.0,6001152513,ACTIVE,12.0,0,1,0,1,0,0,1,0,0,0,55,115043.0,21,0.0
FLI900073,900073,AST-1023,CIMCX,S-A53-05-179,2014,TNXU530522,SHP-10,COM,RFRCNT,2014-11-28,2013-12-18 14:54:00,11,4395.0,Vendor-A,SB230,2013.0,6001152537,ACTIVE,12.0,0,1,0,4,3,0,1,0,0,1,58,124014.0,23,0.0517241379310344
FLI900074,900074,AST-1022,CIMCX,S-A53-05-179,2014,TNXU530523,SHP-10,COM,RFRCNT,2014-11-27,2013-12-18 14:41:00,11,4395.0,,,,,,,0,0,0,12,0,0,0,2,10,0,51,105046.0,23,0.0
FLI900075,900075,AST-1033,CIMCX,S-A53-05-179,2014,TNXU530524,SHP-10,COM,RFRCNT,2014-12-08,2014-01-03 13:55:00,11,4379.0,Vendor-A,SB230,2013.0,6001153157,ACTIVE,12.0,0,1,0,13,2,0,3,3,5,1,65,129655.0,20,0.0307692307692307
FLI900076,900076,AST-1008,CIMCX,S-A53-05-179,2014,TNXU530525,SHP-10,COM,RFRCNT,2014-12-17,2014-12-19 11:09:00,11,4029.0,Vendor-A,SB230,2013.0,6001151522,ACTIVE,12.0,0,1,0,3,0,0,2,0,1,0,58,128775.0,20,0.0
FLI900077,900077,AST-1034,CIMCX,S-A53-05-179,2014,TNXU530526,SHP-10,COM,RFRCNT,2014-12-23,2014-04-16 15:33:00,11,4276.0,Vendor-A,SB230,2013.0,6001153148,ACTIVE,12.0,0,1,0,4,1,1,2,0,0,1,56,120705.0,21,0.0178571428571428
FLI900078,900078,AST-1012,CIMCX,S-A53-05-179,2014,TNXU530527,SHP-10,COM,RFRCNT,2015-01-06,2014-12-19 12:51:00,11,4029.0,Vendor-A,SB230,2013.0,6001151560,ACTIVE,12.0,0,1,0,5,1,2,0,2,0,1,61,125798.0,18,0.0163934426229508
FLI900079,900079,AST-1007,CIMCX,S-A53-05-179,2014,TNXU530528,SHP-10,COM,RFRCNT,2015-01-06,2013-11-13 12:33:00,11,4430.0,Vendor-A,SB230,2013.0,6001151518,ACTIVE,12.0,0,1,0,2,1,1,0,0,0,1,56,127052.0,18,0.0178571428571428
FLI900080,900080,AST-1001,CIMCX,S-A53-05-179,2014,TNXU530529,SHP-10,COM,RFRCNT,2014-12-11,2016-08-25 08:35:00,11,3414.0,,,,,,,0,0,0,20,1,0,1,0,18,1,56,128870.0,18,0.0178571428571428
FLI900081,900081,AST-1136,CIMCX,S-A53-05-179,2015,TNXU530530,SHP-10,COM,RFRCNT,2015-06-01,2015-07-06 13:24:00,10,3830.0,Vendor-A,C600,2015.0,6001189064,ACTIVE,10.0,0,1,0,9,1,1,0,5,2,1,56,119625.0,15,0.0178571428571428
FLI900082,900082,AST-1118,CIMCX,S-A53-05-179,2015,TNXU530531,SHP-10,COM,RFRCNT,2015-06-01,2015-07-03 10:31:00,10,3833.0,Vendor-A,C600,2015.0,6001189549,ACTIVE,10.0,0,1,0,9,2,3,4,0,0,1,57,121973.0,18,0.0350877192982456
FLI900083,900083,AST-1131,CIMCX,S-A53-05-179,2015,TNXU530532,SHP-10,COM,RFRCNT,2015-06-01,2015-06-30 12:19:00,10,3836.0,Vendor-A,C600,2015.0,6001189559,ACTIVE,10.0,0,1,0,5,0,2,0,3,0,0,60,126139.0,21,0.0
FLI900084,900084,AST-1087,CIMCX,S-A53-05-179,2015,TNXU530533,SHP-10,COM,RFRCNT,2015-06-01,2015-07-15 14:45:00,10,3821.0,Vendor-A,C600,2015.0,6001189573,ACTIVE,10.0,0,1,0,1,1,0,0,0,0,1,53,118808.0,19,0.0188679245283018
FLI900085,900085,AST-1086,CIMCX,S-A53-05-179,2015,TNXU530534,SHP-10,COM,RFRCNT,2015-06-01,2015-07-08 10:41:00,10,3828.0,Vendor-A,C600,2015.0,6001189572,ACTIVE,10.0,0,1,0,4,2,1,1,0,0,1,58,127394.0,14,0.0344827586206896
FLI900086,900086,AST-1112,CIMCX,S-A53-05-179,2015,TNXU530535,SHP-10,COM,RFRCNT,2015-06-01,2015-07-10 14:28:00,10,3826.0,Vendor-A,C600,2015.0,6001189568,ACTIVE,10.0,0,1,0,5,1,0,0,4,0,1,56,118496.0,20,0.0178571428571428
FLI900087,900087,AST-1119,CIMCX,S-A53-05-179,2015,TNXU530536,SHP-10,COM,RFRCNT,2015-06-01,2015-06-29 13:15:00,10,3837.0,Vendor-A,C600,2015.0,6001189554,ACTIVE,10.0,0,1,0,3,1,1,1,0,0,1,51,113363.0,22,0.0196078431372549
FLI900088,900088,AST-1100,CIMCX,S-A53-05-179,2015,TNXU530537,SHP-10,COM,RFRCNT,2015-06-01,2015-06-23 16:08:00,10,3843.0,Vendor-A,C600,2015.0,6001189063,ACTIVE,10.0,0,1,0,5,1,0,3,1,0,1,51,108991.0,19,0.0196078431372549
FLI900089,900089,AST-1094,CIMCX,S-A53-05-179,2015,TNXU530538,SHP-10,COM,RFRCNT,2015-06-01,2015-06-25 16:42:00,10,3841.0,Vendor-A,C600,2015.0,6001189052,ACTIVE,10.0,0,1,0,4,1,0,0,3,0,1,37,89864.0,14,0.027027027027027
FLI900090,900090,AST-1145,CIMCX,S-A53-05-179,2015,TNXU530539,SHP-10,COM,RFRCNT,2015-06-01,2015-07-15 14:47:00,10,3821.0,Vendor-A,C600,2015.0,6001189080,ACTIVE,10.0,0,1,0,6,3,2,0,1,0,1,45,93109.0,19,0.0666666666666666
FLI900091,900091,AST-1081,CIMCX,S-A53-05-179,2015,TNXU530540,SHP-10,COM,RFRCNT,2015-06-01,2015-07-14 11:16:00,10,3822.0,Vendor-A,C600,2015.0,6001189062,ACTIVE,10.0,0,1,0,2,0,0,2,0,0,0,56,122084.0,19,0.0
FLI900092,900092,AST-1158,CIMCX,S-A53-05-179,2015,TNXU530541,SHP-10,COM,RFRCNT,2015-06-01,2015-06-29 13:26:00,10,3837.0,Vendor-A,C600,2015.0,6001189583,ACTIVE,10.0,0,1,0,2,1,0,0,1,0,1,55,113288.0,18,0.0181818181818181
FLI900093,900093,AST-1107,CIMCX,S-A53-05-179,2015,TNXU530542,SHP-10,COM,RFRCNT,2015-06-01,2015-07-06 13:25:00,10,3830.0,Vendor-A,C600,2015.0,6001189551,ACTIVE,10.0,0,1,0,3,1,0,0,2,0,1,56,121896.0,23,0.0178571428571428
FLI900094,900094,AST-1149,CIMCX,S-A53-05-179,2015,TNXU530543,SHP-10,COM,RFRCNT,2015-06-01,2015-07-07 13:55:00,10,3829.0,Vendor-A,C600,2015.0,6001189587,ACTIVE,10.0,0,1,0,6,0,4,0,2,0,0,63,136605.0,19,0.0
FLI900095,900095,AST-1109,CIMCX,S-A53-05-179,2015,TNXU530544,SHP-10,COM,RFRCNT,2015-06-01,2015-07-09 10:12:00,10,3827.0,Vendor-A,C600,2015.0,6001189564,ACTIVE,10.0,0,1,0,11,3,8,0,0,0,1,58,120633.0,20,0.0517241379310344
FLI900096,900096,AST-1105,CIMCX,S-A53-05-179,2015,TNXU530545,SHP-10,COM,RFRCNT,2015-06-01,2015-07-15 14:50:00,10,3821.0,Vendor-A,C600,2015.0,6001189083,ACTIVE,10.0,0,1,0,1,0,0,0,1,0,0,64,139471.0,18,0.0
FLI900097,900097,AST-1117,CIMCX,S-A53-05-179,2015,TNXU530546,SHP-10,COM,RFRCNT,2015-06-01,2015-06-29 13:16:00,10,3837.0,Vendor-A,C600,2015.0,6001189546,ACTIVE,10.0,0,1,0,6,3,1,2,0,0,1,57,112007.0,23,0.0526315789473684
FLI900098,900098,AST-1170,CIMCX,S-A53-05-179,2015,TNXU530547,SHP-10,COM,RFRCNT,2015-06-01,2015-06-22 13:51:00,10,3844.0,Vendor-A,C600,2015.0,6001189099,ACTIVE,10.0,0,1,0,6,4,0,1,1,0,1,53,125415.0,13,0.0754716981132075
FLI900099,900099,AST-1091,CIMCX,S-A53-05-179,2015,TNXU530548,SHP-10,COM,RFRCNT,2015-06-01,2015-07-06 13:26:00,10,3830.0,Vendor-A,C600,2015.0,6001189586,ACTIVE,10.0,0,1,0,4,2,0,2,0,0,1,58,122388.0,21,0.0344827586206896
FLI900100,900100,AST-1161,CIMCX,S-A53-05-179,2015,TNXU530549,SHP-10,COM,RFRCNT,2015-06-01,2015-06-29 13:22:00,10,3837.0,Vendor-A,C600,2015.0,6001189591,ACTIVE,10.0,0,1,0,5,1,3,1,0,0,1,46,98124.0,19,0.0217391304347826
FLI900101,900101,AST-1120,CIMCX,S-A53-05-179,2015,TNXU530550,SHP-10,COM,RFRCNT,2015-06-01,2015-07-03 10:32:00,10,3833.0,Vendor-A,C600,2015.0,6001189556,ACTIVE,10.0,0,1,0,9,3,2,2,2,0,1,57,127834.0,17,0.0526315789473684
FLI900102,900102,AST-1103,CIMCX,S-A53-05-179,2015,TNXU530551,SHP-10,COM,RFRCNT,2015-06-01,2015-06-25 10:02:00,10,3841.0,Vendor-A,C600,2015.0,6001189070,ACTIVE,10.0,0,1,0,8,1,4,0,3,0,1,58,128678.0,22,0.0172413793103448
FLI900103,900103,AST-1088,CIMCX,S-A53-05-179,2015,TNXU530552,SHP-10,COM,RFRCNT,2015-06-01,2015-07-10 14:29:00,10,3826.0,Vendor-A,C600,2015.0,6001189576,ACTIVE,10.0,0,1,0,4,2,1,0,1,0,1,56,124300.0,22,0.0357142857142857
FLI900104,900104,AST-1154,CIMCX,S-A53-05-179,2015,TNXU530553,SHP-10,COM,RFRCNT,2015-06-01,2015-06-29 13:25:00,10,3837.0,Vendor-A,C600,2015.0,6001189575,ACTIVE,10.0,0,1,0,2,0,2,0,0,0,0,60,124791.0,27,0.0
FLI900105,900105,AST-1175,CIMCX,S-A53-05-179,2015,TNXU530554,SHP-10,COM,RFRCNT,2015-06-01,2015-06-22 13:53:00,10,3844.0,Vendor-A,C600,2015.0,6001189552,ACTIVE,10.0,0,1,0,1,0,1,0,0,0,0,61,135301.0,21,0.0
FLI900106,900106,AST-1142,CIMCX,S-A53-05-179,2015,TNXU530555,SHP-10,COM,RFRCNT,2015-06-01,2015-07-06 13:27:00,10,3830.0,Vendor-A,C600,2015.0,6001189075,ACTIVE,10.0,0,1,0,5,3,1,0,1,0,1,57,123873.0,18,0.0526315789473684
FLI900107,900107,AST-1092,CIMCX,S-A53-05-179,2015,TNXU530556,SHP-10,COM,RFRCNT,2015-06-01,2015-06-23 08:52:00,10,3843.0,Vendor-A,C600,2015.0,6001189050,ACTIVE,10.0,0,1,0,9,2,0,4,3,0,1,51,110849.0,20,0.0392156862745098
FLI900108,900108,AST-1153,CIMCX,S-A53-05-179,2015,TNXU530557,SHP-10,COM,RFRCNT,2015-06-01,2015-07-07 13:56:00,10,3829.0,Vendor-A,C600,2015.0,6001189574,ACTIVE,10.0,0,1,0,7,1,3,0,3,0,1,53,112943.0,22,0.0188679245283018
FLI900109,900109,AST-1155,CIMCX,S-A53-05-179,2015,TNXU530558,SHP-10,COM,RFRCNT,2015-06-01,2015-07-07 13:57:00,10,3829.0,Vendor-A,C600,2015.0,6001189577,ACTIVE,10.0,0,1,0,3,0,2,1,0,0,0,62,124368.0,20,0.0
FLI900110,900110,AST-1101,CIMCX,S-A53-05-179,2015,TNXU530559,SHP-10,COM,RFRCNT,2015-06-01,2015-06-25 10:00:00,10,3841.0,Vendor-A,C600,2015.0,6001189068,ACTIVE,10.0,0,1,0,12,5,3,4,0,0,1,50,114994.0,15,0.1
FLI900111,900111,AST-1108,CIMCX,S-A53-05-179,2015,TNXU530561,SHP-10,COM,RFRCNT,2015-06-01,2015-06-24 13:48:00,10,3842.0,Vendor-A,C600,2015.0,6001189558,ACTIVE,10.0,0,1,0,5,2,2,0,1,0,1,57,120287.0,25,0.0350877192982456
FLI900112,900112,AST-1159,CIMCX,S-A53-05-179,2015,TNXU530562,SHP-10,COM,RFRCNT,2015-06-01,2015-07-07 13:54:00,10,3829.0,Vendor-A,C600,2015.0,6001189584,ACTIVE,10.0,0,1,0,1,0,1,0,0,0,0,64,144865.0,24,0.0
FLI900113,900113,AST-1115,CIMCX,S-A53-05-179,2015,TNXU530563,SHP-10,COM,RFRCNT,2015-06-01,2015-06-29 13:17:00,10,3837.0,Vendor-A,C600,2015.0,6001189072,ACTIVE,10.0,0,1,0,2,1,0,1,0,0,1,67,137642.0,22,0.0149253731343283
FLI900114,900114,AST-1095,CIMCX,S-A53-05-179,2015,TNXU530564,SHP-10,COM,RFRCNT,2015-06-01,2015-06-23 16:03:00,10,3843.0,Vendor-A,C600,2015.0,6001189055,ACTIVE,10.0,0,1,0,8,1,0,2,5,0,1,50,110151.0,21,0.02
FLI900115,900115,AST-1163,CIMCX,S-A53-05-179,2015,TNXU530565,SHP-10,COM,RFRCNT,2015-06-01,2015-06-23 13:07:00,10,3843.0,Vendor-A,C600,2015.0,6001189054,ACTIVE,10.0,0,1,0,2,0,0,0,2,0,0,55,113154.0,22,0.0
FLI900116,900116,AST-1092,CIMCX,S-A53-05-179,2015,TNXU530566,SHP-10,COM,RFRCNT,2015-06-01,2015-07-03 10:23:00,10,3833.0,Vendor-A,C600,2015.0,6001189050,ACTIVE,10.0,0,1,0,3,1,1,0,0,1,1,54,117320.0,20,0.0185185185185185
FLI900117,900117,AST-1132,CIMCX,S-A53-05-179,2015,TNXU530567,SHP-10,COM,RFRCNT,2015-06-01,2015-06-30 12:20:00,10,3836.0,Vendor-A,C600,2015.0,6001189561,ACTIVE,10.0,0,1,0,3,0,0,1,2,0,0,55,121108.0,20,0.0
FLI900118,900118,AST-1165,CIMCX,S-A53-05-179,2015,TNXU530568,SHP-10,COM,RFRCNT,2015-06-01,2015-06-23 13:28:00,10,3843.0,Vendor-A,C600,2015.0,6001189082,ACTIVE,10.0,0,1,0,6,1,1,2,2,0,1,59,129989.0,20,0.0169491525423728
FLI900119,900119,AST-1169,CIMCX,S-A53-05-179,2015,TNXU530569,SHP-10,COM,RFRCNT,2015-06-01,2015-06-22 13:45:00,10,3844.0,Vendor-A,C600,2015.0,6001189098,ACTIVE,10.0,0,1,0,3,0,2,0,1,0,0,56,131388.0,16,0.0
FLI900120,900120,AST-1130,CIMCX,S-A53-05-179,2015,TNXU530570,SHP-10,COM,RFRCNT,2015-06-01,2015-06-30 12:22:00,10,3836.0,Vendor-A,C600,2015.0,6001189553,ACTIVE,10.0,0,1,0,3,0,0,0,3,0,0,57,126180.0,20,0.0
FLI900121,900121,AST-1140,CIMCX,S-A53-05-179,2015,TNXU530571,SHP-10,COM,RFRCNT,2015-06-01,2015-07-14 11:19:00,10,3822.0,Vendor-A,C600,2015.0,6001189073,ACTIVE,10.0,0,1,0,5,4,0,0,1,0,1,58,130717.0,22,0.0689655172413793
FLI900122,900122,AST-1167,CIMCX,S-A53-05-179,2015,TNXU530572,SHP-10,COM,RFRCNT,2015-06-01,2015-06-22 15:17:00,10,3844.0,Vendor-A,C600,2015.0,6001189092,ACTIVE,10.0,0,1,0,2,0,1,1,0,0,0,60,126390.0,24,0.0
FLI900123,900123,AST-1082,CIMCX,S-A53-05-179,2015,TNXU530573,SHP-10,COM,RFRCNT,2015-06-01,2015-07-15 14:52:00,10,3821.0,Vendor-A,C600,2015.0,6001189093,ACTIVE,10.0,0,1,0,2,0,0,0,2,0,0,59,132801.0,19,0.0
FLI900124,900124,AST-1123,CIMCX,S-A53-05-179,2015,TNXU530574,SHP-10,COM,RFRCNT,2015-06-01,2015-06-30 12:24:00,10,3836.0,Vendor-A,C600,2015.0,6001189563,ACTIVE,10.0,0,1,0,14,2,1,2,2,7,1,47,101785.0,23,0.0425531914893617
FLI900125,900125,AST-1104,CIMCX,S-A53-05-179,2015,TNXU530575,SHP-10,COM,RFRCNT,2015-06-01,2015-07-15 14:53:00,10,3821.0,Vendor-A,C600,2015.0,6001189077,ACTIVE,10.0,0,1,0,4,1,3,0,0,0,1,64,140547.0,20,0.015625
FLI900126,900126,AST-1133,CIMCX,S-A53-05-179,2015,TNXU530576,SHP-10,COM,RFRCNT,2015-06-01,2015-06-30 12:17:00,10,3836.0,Vendor-A,C600,2015.0,6001189569,ACTIVE,10.0,0,1,0,1,0,1,0,0,0,0,63,138728.0,20,0.0
FLI900127,900127,AST-1090,CIMCX,S-A53-05-179,2015,TNXU530577,SHP-10,COM,RFRCNT,2015-06-01,2015-07-14 11:18:00,10,3822.0,Vendor-A,C600,2015.0,6001189582,ACTIVE,10.0,0,1,0,3,0,1,1,1,0,0,61,132255.0,23,0.0
FLI900128,900128,AST-1128,CIMCX,S-A53-05-179,2015,TNXU530579,SHP-10,COM,RFRCNT,2015-06-01,2015-06-17 15:15:00,10,3849.0,Vendor-A,C600,2015.0,6001189091,ACTIVE,10.0,0,1,0,6,3,2,0,1,0,1,57,126211.0,21,0.0526315789473684
FLI900129,900129,AST-1152,CIMCX,S-A53-05-179,2015,TNXU530580,SHP-10,COM,RFRCNT,2015-06-01,2015-06-29 13:30:00,10,3837.0,Vendor-A,C600,2015.0,6001189562,ACTIVE,10.0,0,1,0,10,4,3,0,1,2,1,59,124674.0,23,0.0677966101694915
FLI900130,900130,AST-1126,CIMCX,S-A53-05-179,2015,TNXU530581,SHP-10,COM,RFRCNT,2015-06-01,2015-06-22 13:48:00,10,3844.0,Vendor-A,C600,2015.0,6001189088,ACTIVE,10.0,0,1,0,2,1,1,0,0,0,1,59,132636.0,19,0.0169491525423728
FLI900131,900131,AST-1121,CIMCX,S-A53-05-179,2015,TNXU530582,SHP-10,COM,RFRCNT,2015-06-01,2015-07-16 12:00:00,10,3820.0,Vendor-A,C600,2015.0,6001189557,ACTIVE,10.0,0,1,0,8,5,2,0,1,0,1,54,111393.0,26,0.0925925925925925
FLI900132,900132,AST-1138,CIMCX,S-A53-05-179,2015,TNXU530583,SHP-10,COM,RFRCNT,2015-06-01,2015-06-17 08:54:00,10,3849.0,Vendor-A,C600,2015.0,6001189067,ACTIVE,10.0,0,1,0,3,3,0,0,0,0,1,56,128885.0,19,0.0535714285714285
FLI900133,900133,AST-1141,CIMCX,S-A53-05-179,2015,TNXU530584,SHP-10,COM,RFRCNT,2015-06-01,2015-06-25 16:41:00,10,3841.0,Vendor-A,C600,2015.0,6001189074,ACTIVE,10.0,0,1,0,9,2,2,1,4,0,1,61,144023.0,20,0.0327868852459016
FLI900134,900134,AST-1083,CIMCX,S-A53-05-179,2015,TNXU530585,SHP-10,COM,RFRCNT,2015-06-01,2015-06-16 14:48:00,10,3850.0,Vendor-A,C600,2015.0,6001189090,ACTIVE,10.0,0,1,0,3,1,2,0,0,0,1,52,113670.0,21,0.0192307692307692
FLI900135,900135,AST-1157,CIMCX,S-A53-05-179,2015,TNXU530586,SHP-10,COM,RFRCNT,2015-06-01,2015-06-25 16:46:00,10,3841.0,Vendor-A,C600,2015.0,6001189580,ACTIVE,10.0,0,1,0,4,1,2,0,1,0,1,49,104181.0,17,0.0204081632653061
FLI900136,900136,AST-1147,CIMCX,S-A53-05-179,2015,TNXU530587,SHP-10,COM,RFRCNT,2015-06-01,2015-06-23 13:27:00,10,3843.0,Vendor-A,C600,2015.0,6001189581,ACTIVE,10.0,0,1,0,5,2,0,3,0,0,1,57,119948.0,20,0.0350877192982456
FLI900137,900137,AST-1484,CIMCX,S-A53-05-179,2015,QCSC098185,SHP-10,COM,RFRCNT,2015-06-01,2020-02-25 16:09:00,10,2135.0,Vendor-A,S600,2015.0,6001203169,ACTIVE,10.0,0,1,0,19,0,0,0,0,19,0,57,119668.0,20,0.0
FLI900138,900138,AST-1174,CIMCX,S-A53-05-179,2015,TNXU530589,SHP-10,COM,RFRCNT,2015-06-01,2015-06-29 13:23:00,10,3837.0,Vendor-A,C600,2015.0,6001189550,ACTIVE,10.0,0,1,0,17,0,0,16,1,0,0,57,135355.0,21,0.0
FLI900139,900139,AST-1124,CIMCX,S-A53-05-179,2015,TNXU530590,SHP-10,COM,RFRCNT,2015-06-01,2015-06-25 16:40:00,10,3841.0,Vendor-A,C600,2015.0,6001189086,ACTIVE,10.0,0,1,0,5,1,1,0,3,0,1,60,117995.0,23,0.0166666666666666
FLI900140,900140,AST-1097,CIMCX,S-A53-05-179,2015,TNXU530591,SHP-10,COM,RFRCNT,2015-06-01,2015-06-23 08:50:00,10,3843.0,Vendor-A,C600,2015.0,6001189057,ACTIVE,10.0,0,1,0,12,0,0,7,5,0,0,53,116625.0,23,0.0
FLI900141,900141,AST-1122,CIMCX,S-A53-05-179,2015,TNXU530592,SHP-10,COM,RFRCNT,2015-06-01,2015-06-29 13:19:00,10,3837.0,Vendor-A,C600,2015.0,6001189560,ACTIVE,10.0,0,1,0,3,1,0,1,1,0,1,56,119687.0,20,0.0178571428571428
FLI900142,900142,AST-1093,CIMCX,S-A53-05-179,2015,TNXU530593,SHP-10,COM,RFRCNT,2015-06-01,2015-06-25 10:04:00,10,3841.0,Vendor-A,C600,2015.0,6001189051,ACTIVE,10.0,0,1,0,6,0,0,5,0,1,0,61,139502.0,21,0.0
FLI900143,900143,AST-1162,CIMCX,S-A53-05-179,2015,TNXU530594,SHP-10,COM,RFRCNT,2015-06-01,2015-06-22 13:54:00,10,3844.0,Vendor-A,C600,2015.0,6001189053,ACTIVE,10.0,0,1,0,3,3,0,0,0,0,1,57,118758.0,18,0.0526315789473684
FLI900144,900144,AST-1146,CIMCX,S-A53-05-179,2015,TNXU530595,SHP-10,COM,RFRCNT,2015-06-01,2015-07-06 13:28:00,10,3830.0,Vendor-A,C600,2015.0,6001189081,ACTIVE,10.0,0,1,0,1,0,0,1,0,0,0,61,134679.0,16,0.0
FLI900145,900145,AST-1129,CIMCX,S-A53-05-179,2015,TNXU530596,SHP-10,COM,RFRCNT,2015-06-01,2015-06-30 12:25:00,10,3836.0,Vendor-A,C600,2015.0,6001189547,ACTIVE,10.0,0,1,0,1,0,0,1,0,0,0,64,129753.0,24,0.0
FLI900146,900146,AST-1135,CIMCX,S-A53-05-179,2015,TNXU530597,SHP-10,COM,RFRCNT,2015-06-01,2015-07-06 13:29:00,10,3830.0,Vendor-A,C600,2015.0,6001189059,ACTIVE,10.0,0,1,0,2,0,1,0,1,0,0,55,126816.0,22,0.0
FLI900147,900147,AST-1116,CIMCX,S-A53-05-179,2015,TNXU530598,SHP-10,COM,RFRCNT,2015-06-01,2015-06-29 13:20:00,10,3837.0,Vendor-A,C600,2015.0,6001189085,ACTIVE,10.0,0,1,0,3,0,1,0,2,0,0,58,123975.0,21,0.0
FLI900148,900148,AST-1089,CIMCX,S-A53-05-179,2015,TNXU530599,SHP-10,COM,RFRCNT,2015-06-01,2015-07-03 10:33:00,10,3833.0,Vendor-A,C600,2015.0,6001189579,ACTIVE,10.0,0,1,0,3,0,2,1,0,0,0,59,121223.0,23,0.0
FLI900149,900149,AST-1139,CIMCX,S-A53-05-179,2015,TNXU530600,SHP-10,COM,RFRCNT,2015-06-01,2015-07-08 10:42:00,10,3828.0,Vendor-A,C600,2015.0,6001189071,ACTIVE,10.0,0,1,0,4,2,1,0,1,0,1,57,113421.0,26,0.0350877192982456
FLI900150,900150,AST-1127,CIMCX,S-A53-05-179,2015,TNXU530601,SHP-10,COM,RFRCNT,2015-06-01,2015-07-03 10:34:00,10,3833.0,Vendor-A,C600,2015.0,6001189094,ACTIVE,10.0,0,1,0,7,1,0,2,0,4,1,59,124257.0,18,0.0169491525423728
FLI900151,900151,AST-1173,CIMCX,S-A53-05-179,2015,TNXU530602,SHP-10,COM,RFRCNT,2015-06-01,2015-06-29 13:27:00,10,3837.0,Vendor-A,C600,2015.0,6001189548,ACTIVE,10.0,0,1,0,6,1,2,0,0,3,1,52,118083.0,21,0.0192307692307692
FLI900152,900152,AST-1160,CIMCX,S-A53-05-179,2015,TNXU530603,SHP-10,COM,RFRCNT,2015-06-01,2015-06-25 16:47:00,10,3841.0,Vendor-A,C600,2015.0,6001189588,ACTIVE,10.0,0,1,0,3,2,0,0,1,0,1,51,103542.0,19,0.0392156862745098
FLI900153,900153,AST-1110,CIMCX,S-A53-05-179,2015,TNXU530604,SHP-10,COM,RFRCNT,2015-06-01,2015-06-22 13:47:00,10,3844.0,Vendor-A,C600,2015.0,6001189565,ACTIVE,10.0,0,1,0,5,0,2,1,2,0,0,64,146564.0,17,0.0
FLI900154,900154,AST-1151,CIMCX,S-A53-05-179,2015,TNXU530605,SHP-10,COM,RFRCNT,2015-06-01,2015-07-06 13:31:00,10,3830.0,Vendor-A,C600,2015.0,6001189590,ACTIVE,10.0,0,1,0,4,1,0,2,1,0,1,57,129334.0,17,0.0175438596491228
FLI900155,900155,AST-1164,CIMCX,S-A53-05-179,2015,TNXU530606,SHP-10,COM,RFRCNT,2015-06-01,2015-06-25 16:43:00,10,3841.0,Vendor-A,C600,2015.0,6001189078,ACTIVE,10.0,0,1,0,5,4,0,0,0,1,1,55,114438.0,23,0.0727272727272727
FLI900156,900156,AST-1168,CIMCX,S-A53-05-179,2015,TNXU530607,SHP-10,COM,RFRCNT,2015-06-01,2015-06-22 15:21:00,10,3844.0,Vendor-A,C600,2015.0,6001189097,ACTIVE,10.0,0,1,0,1,0,0,1,0,0,0,52,117648.0,18,0.0
FLI900157,900157,AST-1156,CIMCX,S-A53-05-179,2015,TNXU530608,SHP-10,COM,RFRCNT,2015-06-01,2015-07-06 13:29:00,10,3830.0,Vendor-A,C600,2015.0,6001189578,ACTIVE,10.0,0,1,0,10,3,0,0,7,0,1,56,122184.0,19,0.0535714285714285
FLI900158,900158,AST-1114,CIMCX,S-A53-05-179,2015,TNXU530609,SHP-10,COM,RFRCNT,2015-06-01,2015-06-19 15:28:00,10,3847.0,Vendor-A,C600,2015.0,6001189571,ACTIVE,10.0,0,1,0,6,0,2,2,0,2,0,58,114760.0,22,0.0
FLI900159,900159,AST-1113,CIMCX,S-A53-05-179,2015,QCSC098207,SHP-10,COM,RFRCNT,2015-06-01,2015-07-03 10:36:00,10,3833.0,Vendor-A,C600,2015.0,6001189570,ACTIVE,10.0,0,1,0,8,0,4,4,0,0,0,64,142795.0,19,0.0
FLI900160,900160,AST-1111,CIMCX,S-A53-05-179,2015,TNXU530611,SHP-10,COM,RFRCNT,2015-06-01,2015-06-19 15:30:00,10,3847.0,Vendor-A,C600,2015.0,6001189567,ACTIVE,10.0,0,1,0,12,5,6,0,1,0,1,59,121211.0,21,0.0847457627118644
FLI900161,900161,AST-1085,CIMCX,S-A53-05-179,2015,TNXU530612,SHP-10,COM,RFRCNT,2015-06-01,2015-07-15 14:55:00,10,3821.0,Vendor-A,C600,2015.0,6001189543,ACTIVE,10.0,0,1,0,2,2,0,0,0,0,1,52,105293.0,20,0.0384615384615384
FLI900162,900162,AST-1098,CIMCX,S-A53-05-179,2015,TNXU530613,SHP-10,COM,RFRCNT,2015-06-01,2015-06-23 16:05:00,10,3843.0,Vendor-A,C600,2015.0,6001189060,ACTIVE,10.0,0,1,0,4,1,1,0,2,0,1,52,110082.0,19,0.0192307692307692
FLI900163,900163,AST-1166,CIMCX,S-A53-05-179,2015,TNXU530614,SHP-10,COM,RFRCNT,2015-06-01,2015-06-23 13:10:00,10,3843.0,Vendor-A,C600,2015.0,6001189084,ACTIVE,10.0,0,1,0,3,0,2,0,1,0,0,55,117876.0,19,0.0
FLI900164,900164,AST-1143,CIMCX,S-A53-05-179,2015,TNXU530615,SHP-10,COM,RFRCNT,2015-06-01,2015-07-08 10:43:00,10,3828.0,Vendor-A,C600,2015.0,6001189076,ACTIVE,10.0,0,1,0,6,5,0,0,1,0,1,60,120350.0,21,0.0833333333333333
FLI900165,900165,AST-1148,CIMCX,S-A53-05-179,2015,TNXU530616,SHP-10,COM,RFRCNT,2015-06-01,2015-06-23 13:26:00,10,3843.0,Vendor-A,C600,2015.0,6001189585,ACTIVE,10.0,0,1,0,2,0,1,0,1,0,0,58,125556.0,22,0.0
FLI900166,900166,AST-1096,CIMCX,S-A53-05-179,2015,TNXU530617,SHP-10,COM,RFRCNT,2015-06-01,2015-06-25 10:05:00,10,3841.0,Vendor-A,C600,2015.0,6001189056,ACTIVE,10.0,0,1,0,2,1,0,0,1,0,1,59,132391.0,22,0.0169491525423728
FLI900167,900167,AST-1144,CIMCX,S-A53-05-179,2015,TNXU530618,SHP-10,COM,RFRCNT,2015-06-01,2015-07-15 14:43:00,10,3821.0,Vendor-A,C600,2015.0,6001189079,ACTIVE,10.0,0,1,0,1,0,0,1,0,0,0,60,129359.0,22,0.0
FLI900168,900168,AST-1084,CIMCX,S-A53-05-179,2015,TNXU530619,SHP-10,COM,RFRCNT,2015-06-01,2015-07-15 14:44:00,10,3821.0,Vendor-A,C600,2015.0,6001189096,ACTIVE,10.0,0,1,0,5,1,0,0,1,3,1,58,119581.0,20,0.0172413793103448
FLI900169,900169,AST-1134,CIMCX,S-A53-05-179,2015,TNXU530620,SHP-10,COM,RFRCNT,2015-06-01,2015-06-23 16:02:00,10,3843.0,Vendor-A,C600,2015.0,6001189058,ACTIVE,10.0,0,1,0,3,0,0,0,3,0,0,56,118663.0,19,0.0
FLI900170,900170,AST-1172,CIMCX,S-A53-05-179,2015,TNXU530621,SHP-10,COM,RFRCNT,2015-06-01,2015-06-22 13:52:00,10,3844.0,Vendor-A,C600,2015.0,6001189545,ACTIVE,10.0,0,1,0,4,2,0,0,2,0,1,63,128758.0,23,0.0317460317460317
FLI900171,900171,AST-1102,CIMCX,S-A53-05-179,2015,TNXU530622,SHP-10,COM,RFRCNT,2015-06-01,2015-06-25 10:01:00,10,3841.0,Vendor-A,C600,2015.0,6001189069,ACTIVE,10.0,0,1,0,5,0,0,5,0,0,0,55,122045.0,23,0.0
FLI900172,900172,AST-1171,CIMCX,S-A53-05-179,2015,TNXU530623,SHP-10,COM,RFRCNT,2015-06-01,2015-07-27 14:24:00,10,3809.0,Vendor-A,C600,2015.0,6001189544,ACTIVE,10.0,0,1,0,8,2,2,4,0,0,1,58,133947.0,18,0.0344827586206896
FLI900173,900173,AST-1150,CIMCX,S-A53-05-179,2015,TNXU530624,SHP-10,COM,RFRCNT,2015-06-01,2015-06-23 13:08:00,10,3843.0,Vendor-A,C600,2015.0,6001189589,ACTIVE,10.0,0,1,0,1,0,0,1,0,0,0,61,127352.0,17,0.0
FLI900174,900174,AST-1125,CIMCX,S-A53-05-179,2015,TNXU530625,SHP-10,COM,RFRCNT,2015-06-01,2015-06-30 12:26:00,10,3836.0,Vendor-A,C600,2015.0,6001189087,ACTIVE,10.0,0,1,0,4,0,2,1,0,1,0,59,121670.0,23,0.0
FLI900175,900175,AST-1099,CIMCX,S-A53-05-179,2015,TNXU530626,SHP-10,COM,RFRCNT,2015-06-01,2015-06-23 16:06:00,10,3843.0,Vendor-A,C600,2015.0,6001189061,ACTIVE,10.0,0,1,0,6,3,0,3,0,0,1,52,109991.0,16,0.0576923076923076
FLI900176,900176,AST-1106,CIMCX,S-A53-05-179,2015,TNXU530628,SHP-10,COM,RFRCNT,2015-06-01,2015-06-29 13:21:00,10,3837.0,Vendor-A,C600,2015.0,6001189089,ACTIVE,10.0,0,1,0,5,4,0,0,1,0,1,67,130904.0,23,0.0597014925373134
FLI900177,900177,AST-1754,CIMCX,S-A53-05-179,2015,TNXU530629,SHP-10,COM,RFRCNT,2015-06-01,2022-01-26 16:28:00,10,1434.0,Vendor-A,SB230,2013.0,6001149667,ACTIVE,12.0,0,1,0,1,0,0,0,0,1,0,52,106963.0,21,0.0
FLI900178,900178,AST-1176,CIMCX,S-A53-05-179,2018,QCSC111203,SHP-10,COM,RFRCNT,2018-06-22,2018-07-19 10:08:00,7,2721.0,Vendor-A,SLXI-DRC,2018.0,GLW1158712,ACTIVE,7.0,1,1,0,12,2,6,3,0,1,1,56,123756.0,19,0.0357142857142857
FLI900179,900179,AST-1255,CIMCX,S-A53-05-179,2018,QCSC111204,SHP-10,COM,RFRCNT,2018-06-22,2018-08-01 09:16:00,7,2708.0,Vendor-A,SLXI-DRC,2018.0,GLW1158701,ACTIVE,7.0,1,1,0,4,1,2,0,1,0,1,58,119693.0,18,0.0172413793103448
FLI900180,900180,AST-1177,CIMCX,S-A53-05-179,2018,QCSC111205,SHP-10,COM,RFRCNT,2018-06-22,2018-07-31 11:11:00,7,2709.0,Vendor-A,SLXI-DRC,2018.0,GLW1158714,ACTIVE,7.0,1,1,0,8,0,1,7,0,0,0,62,132363.0,21,0.0
FLI900181,900181,AST-1250,CIMCX,S-A53-05-179,2018,QCSC111206,SHP-10,COM,RFRCNT,2018-06-22,2018-08-02 11:53:00,7,2707.0,Vendor-A,SLXI-DRC,2018.0,GLW1159408,ACTIVE,7.0,1,1,0,7,0,6,1,0,0,0,58,140798.0,16,0.0
FLI900182,900182,AST-1178,CIMCX,S-A53-05-179,2018,QCSC111207,SHP-10,COM,RFRCNT,2018-06-22,2018-07-19 10:03:00,7,2721.0,Vendor-A,SLXI-DRC,2018.0,GLW1159425,ACTIVE,7.0,1,1,0,15,2,8,2,3,0,1,54,119323.0,19,0.037037037037037
FLI900183,900183,AST-1179,CIMCX,S-A53-05-179,2018,QCSC111208,SHP-10,COM,RFRCNT,2018-06-22,2018-08-14 11:16:00,7,2695.0,Vendor-A,SLXI-DRC,2018.0,GLW1159427,ACTIVE,7.0,1,1,0,10,3,5,0,2,0,1,62,133373.0,19,0.0483870967741935
FLI900184,900184,AST-1246,CIMCX,S-A53-05-179,2018,QCSC111209,SHP-10,COM,RFRCNT,2018-06-22,2018-07-31 11:13:00,7,2709.0,Vendor-A,SLXI-DRC,2018.0,GLW1159407,ACTIVE,7.0,1,1,0,15,0,5,2,3,5,0,63,137582.0,20,0.0
FLI900185,900185,AST-1180,CIMCX,S-A53-05-179,2018,QCSC111210,SHP-10,COM,RFRCNT,2018-06-22,2018-08-14 11:19:00,7,2695.0,Vendor-A,SLXI-DRC,2018.0,GLW1159434,ACTIVE,7.0,1,1,0,8,0,3,4,1,0,0,62,129180.0,18,0.0
FLI900186,900186,AST-1181,CIMCX,S-A53-05-179,2018,QCSC111211,SHP-10,COM,RFRCNT,2018-06-22,2018-07-19 10:05:00,7,2721.0,Vendor-A,SLXI-DRC,2018.0,GLW1159435,ACTIVE,7.0,1,1,0,4,0,4,0,0,0,0,57,112472.0,24,0.0
FLI900187,900187,AST-1240,CIMCX,S-A53-05-179,2018,QCSC111212,SHP-10,COM,RFRCNT,2018-06-22,2018-07-31 11:14:00,7,2709.0,Vendor-A,SLXI-DRC,2018.0,GLW1159403,ACTIVE,7.0,1,1,0,12,3,7,0,2,0,1,58,128428.0,22,0.0517241379310344
FLI900188,900188,AST-1271,CIMCX,S-A53-05-179,2018,QCSC111213,SHP-10,COM,RFRCNT,2018-06-22,2018-08-02 11:53:00,7,2707.0,Vendor-A,SLXI-DRC,2018.0,GLW1158467,ACTIVE,7.0,1,1,0,20,3,11,0,5,1,1,62,138816.0,14,0.0483870967741935
FLI900189,900189,AST-1238,CIMCX,S-A53-05-179,2018,QCSC111214,SHP-10,COM,RFRCNT,2018-06-22,2018-07-27 12:22:00,7,2713.0,Vendor-A,SLXI-DRC,2018.0,GLW1159414,ACTIVE,7.0,1,1,0,9,4,3,1,0,1,1,56,124230.0,19,0.0714285714285714
FLI900190,900190,AST-1230,CIMCX,S-A53-05-179,2018,QCSC111215,SHP-10,COM,RFRCNT,2018-06-22,2018-07-26 09:01:00,7,2714.0,Vendor-A,SLXI-DRC,2018.0,GLW1159444,ACTIVE,7.0,1,1,0,11,3,4,4,0,0,1,54,125806.0,14,0.0555555555555555
FLI900191,900191,AST-1182,CIMCX,S-A53-05-179,2018,QCSC111216,SHP-10,COM,RFRCNT,2018-06-22,2018-07-19 10:08:00,7,2721.0,Vendor-A,SLXI-DRC,2018.0,GLW1158457,ACTIVE,7.0,1,1,0,5,0,5,0,0,0,0,60,130202.0,19,0.0
FLI900192,900192,AST-1183,CIMCX,S-A53-05-179,2018,QCSC111217,SHP-10,COM,RFRCNT,2018-06-22,2018-07-19 10:08:00,7,2721.0,Vendor-A,SLXI-DRC,2018.0,GLW1158463,ACTIVE,7.0,1,1,0,7,3,3,1,0,0,1,53,111792.0,21,0.0566037735849056
FLI900193,900193,AST-1184,CIMCX,S-A53-05-179,2018,QCSC111218,SHP-10,COM,RFRCNT,2018-06-22,2018-08-02 12:21:00,7,2707.0,Vendor-A,SLXI-DRC,2018.0,GLW1159422,ACTIVE,7.0,1,1,0,4,1,3,0,0,0,1,60,134061.0,18,0.0166666666666666
FLI900194,900194,AST-1247,CIMCX,S-A53-05-179,2018,QCSC111219,SHP-10,COM,RFRCNT,2018-06-22,2018-07-31 11:15:00,7,2709.0,Vendor-A,SLXI-DRC,2018.0,GLW1159189,ACTIVE,7.0,1,1,0,8,0,0,2,0,6,0,61,132499.0,19,0.0
FLI900195,900195,AST-1257,CIMCX,S-A53-05-179,2018,QCSC111220,SHP-10,COM,RFRCNT,2018-06-22,2018-08-01 09:16:00,7,2708.0,Vendor-A,SLXI-DRC,2018.0,GLW1159406,ACTIVE,7.0,1,1,0,3,0,2,1,0,0,0,63,134026.0,22,0.0
FLI900196,900196,AST-1185,CIMCX,S-A53-05-179,2018,QCSC111221,SHP-10,COM,RFRCNT,2018-06-22,2018-08-02 12:22:00,7,2707.0,Vendor-A,SLXI-DRC,2018.0,GLW1158708,ACTIVE,7.0,1,1,0,13,1,12,0,0,0,1,63,134168.0,23,0.0158730158730158
FLI900197,900197,AST-1233,CIMCX,S-A53-05-179,2018,QCSC111222,SHP-10,COM,RFRCNT,2018-06-22,2018-07-26 09:25:00,7,2714.0,Vendor-A,SLXI-DRC,2018.0,GLW1159713,ACTIVE,7.0,1,1,0,7,4,2,1,0,0,1,54,117749.0,19,0.074074074074074
FLI900198,900198,AST-1225,CIMCX,S-A53-05-179,2018,QCSC111223,SHP-10,COM,RFRCNT,2018-06-22,2018-07-26 09:26:00,7,2714.0,Vendor-A,SLXI-DRC,2018.0,GLW1159706,ACTIVE,7.0,1,1,0,5,0,4,0,0,1,0,62,131785.0,24,0.0
FLI900199,900199,AST-1236,CIMCX,S-A53-05-179,2018,QCSC111224,SHP-10,COM,RFRCNT,2018-06-22,2018-07-27 12:23:00,7,2713.0,Vendor-A,SLXI-DRC,2018.0,GLW1159711,ACTIVE,7.0,1,1,0,18,6,5,3,3,1,1,55,128165.0,17,0.109090909090909
FLI900200,900200,AST-1228,CIMCX,S-A53-05-179,2018,QCSC111225,SHP-10,COM,RFRCNT,2018-06-22,2018-07-24 09:36:00,7,2716.0,Vendor-A,SLXI-DRC,2018.0,GLW1159429,ACTIVE,7.0,1,1,0,5,1,4,0,0,0,1,55,119231.0,20,0.0181818181818181
FLI900201,900201,AST-1244,CIMCX,S-A53-05-179,2018,QCSC111226,SHP-10,COM,RFRCNT,2018-06-22,2018-07-31 11:17:00,7,2709.0,Vendor-A,SLXI-DRC,2018.0,GLW1159402,ACTIVE,7.0,1,1,0,7,3,2,0,2,0,1,63,132200.0,23,0.0476190476190476
FLI900202,900202,AST-1269,CIMCX,S-A53-05-179,2018,QCSC111227,SHP-10,COM,RFRCNT,2018-06-22,2018-08-03 10:51:00,7,2706.0,Vendor-A,SLXI-DRC,2018.0,GLW1158460,ACTIVE,7.0,1,1,0,14,1,11,0,1,1,1,55,117952.0,22,0.0181818181818181
FLI900203,900203,AST-1186,CIMCX,S-A53-05-179,2018,QCSC111228,SHP-10,COM,RFRCNT,2018-06-22,2018-07-19 10:04:00,7,2721.0,Vendor-A,SLXI-DRC,2018.0,GLW1158264,ACTIVE,7.0,1,1,0,5,1,2,2,0,0,1,55,115942.0,21,0.0181818181818181
FLI900204,900204,AST-1187,CIMCX,S-A53-05-179,2018,QCSC111229,SHP-10,COM,RFRCNT,2018-06-22,2018-08-14 11:22:00,7,2695.0,Vendor-A,SLXI-DRC,2018.0,GLW1159419,ACTIVE,7.0,1,1,0,15,0,2,12,0,1,0,63,131503.0,22,0.0
FLI900205,900205,AST-1188,CIMCX,S-A53-05-179,2018,QCSC111230,SHP-10,COM,RFRCNT,2018-06-22,2018-07-31 11:18:00,7,2709.0,Vendor-A,SLXI-DRC,2018.0,GLW1159443,ACTIVE,7.0,1,1,0,10,4,3,1,2,0,1,58,124803.0,19,0.0689655172413793
FLI900206,900206,AST-1189,CIMCX,S-A53-05-179,2018,QCSC111231,SHP-10,COM,RFRCNT,2018-06-22,2018-07-19 10:05:00,7,2721.0,Vendor-A,SLXI-DRC,2018.0,GLW1158936,ACTIVE,7.0,1,1,0,16,4,6,3,1,2,1,58,122233.0,15,0.0689655172413793
FLI900207,900207,AST-1190,CIMCX,S-A53-05-179,2018,QCSC111232,SHP-10,COM,RFRCNT,2018-06-22,2018-08-14 11:23:00,7,2695.0,Vendor-A,SLXI-DRC,2018.0,GLW1159421,ACTIVE,7.0,1,1,0,4,1,2,1,0,0,1,61,134249.0,20,0.0163934426229508
FLI900208,900208,AST-1263,CIMCX,S-A53-05-179,2018,QCSC111233,SHP-10,COM,RFRCNT,2018-06-22,2018-08-07 09:34:00,7,2702.0,Vendor-A,SLXI-DRC,2018.0,GLW1158466,ACTIVE,7.0,1,1,0,14,8,6,0,0,0,1,61,138986.0,14,0.1311475409836065
FLI900209,900209,AST-1191,CIMCX,S-A53-05-179,2018,QCSC111234,SHP-10,COM,RFRCNT,2018-06-22,2018-08-14 11:25:00,7,2695.0,Vendor-A,SLXI-DRC,2018.0,GLW1159430,ACTIVE,7.0,1,1,0,8,0,2,6,0,0,0,56,122392.0,19,0.0
FLI900210,900210,AST-1192,CIMCX,S-A53-05-179,2018,QCSC111235,SHP-10,COM,RFRCNT,2018-06-22,2018-07-19 10:05:00,7,2721.0,Vendor-A,SLXI-DRC,2018.0,GLW1159431,ACTIVE,7.0,1,1,0,7,1,4,1,0,1,1,59,124089.0,22,0.0169491525423728
FLI900211,900211,AST-1270,CIMCX,S-A53-05-179,2018,QCSC111236,SHP-10,COM,RFRCNT,2018-06-22,2018-08-07 09:42:00,7,2702.0,Vendor-A,SLXI-DRC,2018.0,GLW1158458,ACTIVE,7.0,1,1,0,12,5,3,1,3,0,1,58,121600.0,19,0.0862068965517241
FLI900212,900212,AST-1193,CIMCX,S-A53-05-179,2018,QCSC111237,SHP-10,COM,RFRCNT,2018-06-22,2018-07-19 10:03:00,7,2721.0,Vendor-A,SLXI-DRC,2018.0,GLW1159423,ACTIVE,7.0,1,1,0,13,0,4,8,1,0,0,61,139053.0,18,0.0
FLI900213,900213,AST-1194,CIMCX,S-A53-05-179,2018,QCSC111238,SHP-10,COM,RFRCNT,2018-06-22,2018-07-19 10:02:00,7,2721.0,Vendor-A,SLXI-DRC,2018.0,GLW1159420,ACTIVE,7.0,1,1,0,6,0,5,1,0,0,0,59,128118.0,20,0.0
FLI900214,900214,AST-1261,CIMCX,S-A53-05-179,2018,QCSC111239,SHP-10,COM,RFRCNT,2018-06-22,2018-08-03 10:52:00,7,2706.0,Vendor-A,SLXI-DRC,2018.0,GLW1158456,ACTIVE,7.0,1,1,0,22,5,11,0,6,0,1,61,133932.0,17,0.081967213114754
FLI900215,900215,AST-1229,CIMCX,S-A53-05-179,2018,QCSC111240,SHP-10,COM,RFRCNT,2018-06-22,2018-07-26 09:29:00,7,2714.0,Vendor-A,SLXI-DRC,2018.0,GLW1159445,ACTIVE,7.0,1,1,0,12,5,3,1,1,2,1,56,129280.0,17,0.0892857142857142
FLI900216,900216,AST-1195,CIMCX,S-A53-05-179,2018,QCSC111241,SHP-10,COM,RFRCNT,2018-06-22,2018-08-14 11:26:00,7,2695.0,Vendor-A,SLXI-DRC,2018.0,GLW1159410,ACTIVE,7.0,1,1,0,12,1,1,10,0,0,1,59,131259.0,18,0.0169491525423728
FLI900217,900217,AST-1196,CIMCX,S-A53-05-179,2018,QCSC111242,SHP-10,COM,RFRCNT,2018-06-22,2018-08-14 11:27:00,7,2695.0,Vendor-A,SLXI-DRC,2018.0,GLW1159432,ACTIVE,7.0,1,1,0,6,0,6,0,0,0,0,59,129892.0,19,0.0
FLI900218,900218,AST-1197,CIMCX,S-A53-05-179,2018,QCSC111243,SHP-10,COM,RFRCNT,2018-06-22,2018-08-02 12:24:00,7,2707.0,Vendor-A,SLXI-DRC,2018.0,GLW1158704,ACTIVE,7.0,1,1,0,10,0,8,1,1,0,0,61,136071.0,18,0.0
FLI900219,900219,AST-1198,CIMCX,S-A53-05-179,2018,QCSC111244,SHP-10,COM,RFRCNT,2018-06-22,2018-08-02 12:25:00,7,2707.0,Vendor-A,SLXI-DRC,2018.0,GLW1158707,ACTIVE,7.0,1,1,0,14,5,7,0,1,1,1,56,119007.0,18,0.0892857142857142
FLI900220,900220,AST-1264,CIMCX,S-A53-05-179,2018,QCSC111245,SHP-10,COM,RFRCNT,2018-06-22,2018-08-07 09:35:00,7,2702.0,Vendor-A,SLXI-DRC,2018.0,GLW1158464,ACTIVE,7.0,1,1,0,8,2,4,2,0,0,1,62,133230.0,18,0.032258064516129
FLI900221,900221,AST-1199,CIMCX,S-A53-05-179,2018,QCSC111246,SHP-10,COM,RFRCNT,2018-06-22,2018-07-19 10:04:00,7,2721.0,Vendor-A,SLXI-DRC,2018.0,GLW1159426,ACTIVE,7.0,1,1,0,9,3,6,0,0,0,1,57,123774.0,22,0.0526315789473684
FLI900222,900222,AST-1251,CIMCX,S-A53-05-179,2018,QCSC111247,SHP-10,COM,RFRCNT,2018-06-22,2018-09-10 14:43:00,7,2668.0,Vendor-A,SLXI-DRC,2018.0,GLW1159409,ACTIVE,7.0,1,1,0,7,0,7,0,0,0,0,62,125261.0,20,0.0
FLI900223,900223,AST-1200,CIMCX,S-A53-05-179,2018,QCSC111248,SHP-10,COM,RFRCNT,2018-06-22,2018-07-31 11:30:00,7,2709.0,Vendor-A,SLXI-DRC,2018.0,GLW1159442,ACTIVE,7.0,1,1,0,10,0,9,1,0,0,0,61,128894.0,18,0.0
FLI900224,900224,AST-1252,CIMCX,S-A53-05-179,2018,QCSC111249,SHP-10,COM,RFRCNT,2018-06-22,2018-07-31 11:33:00,7,2709.0,Vendor-A,SLXI-DRC,2018.0,GLW1159186,ACTIVE,7.0,1,1,0,8,1,5,1,0,1,1,61,134859.0,20,0.0163934426229508
FLI900225,900225,AST-1201,CIMCX,S-A53-05-179,2018,QCSC111250,SHP-10,COM,RFRCNT,2018-06-22,2018-07-31 11:34:00,7,2709.0,Vendor-A,SLXI-DRC,2018.0,GLW1159438,ACTIVE,7.0,1,1,0,8,2,3,0,3,0,1,54,121647.0,20,0.037037037037037
FLI900226,900226,AST-1265,CIMCX,S-A53-05-179,2018,QCSC111251,SHP-10,COM,RFRCNT,2018-06-22,2018-08-07 09:37:00,7,2702.0,Vendor-A,SLXI-DRC,2018.0,GLW1158465,ACTIVE,7.0,1,1,0,7,0,7,0,0,0,0,61,132753.0,18,0.0
FLI900227,900227,AST-1268,CIMCX,S-A53-05-179,2018,QCSC111252,SHP-10,COM,RFRCNT,2018-06-22,2018-08-03 10:52:00,7,2706.0,Vendor-A,SLXI-DRC,2018.0,GLW1158459,ACTIVE,7.0,1,1,0,4,2,2,0,0,0,1,58,120407.0,21,0.0344827586206896
FLI900228,900228,AST-1241,CIMCX,S-A53-05-179,2018,QCSC111253,SHP-10,COM,RFRCNT,2018-06-22,2018-07-27 12:23:00,7,2713.0,Vendor-A,SLXI-DRC,2018.0,GLW1159400,ACTIVE,7.0,1,1,0,15,1,5,9,0,0,1,56,123838.0,17,0.0178571428571428
FLI900229,900229,AST-1259,CIMCX,S-A53-05-179,2018,QCSC111254,SHP-10,COM,RFRCNT,2018-06-22,2018-08-02 11:54:00,7,2707.0,Vendor-A,SLXI-DRC,2018.0,GLW1158471,ACTIVE,7.0,1,1,0,13,7,2,0,3,1,1,55,129200.0,14,0.1272727272727272
FLI900230,900230,AST-1243,CIMCX,S-A53-05-179,2018,QCSC111255,SHP-10,COM,RFRCNT,2018-06-22,2018-07-31 11:35:00,7,2709.0,Vendor-A,SLXI-DRC,2018.0,GLW1159401,ACTIVE,7.0,1,1,0,11,1,8,2,0,0,1,51,115407.0,18,0.0196078431372549
FLI900231,900231,AST-1232,CIMCX,S-A53-05-179,2018,QCSC111256,SHP-10,COM,RFRCNT,2018-06-22,2018-07-27 12:24:00,7,2713.0,Vendor-A,SLXI-DRC,2018.0,GLW1159705,ACTIVE,7.0,1,1,0,8,1,6,1,0,0,1,57,121040.0,18,0.0175438596491228
FLI900232,900232,AST-1202,CIMCX,S-A53-05-179,2018,QCSC111257,SHP-10,COM,RFRCNT,2018-06-22,2018-07-31 11:37:00,7,2709.0,Vendor-A,SLXI-DRC,2018.0,GLW1158935,ACTIVE,7.0,1,1,0,3,2,0,1,0,0,1,62,127212.0,19,0.032258064516129
FLI900233,900233,AST-1203,CIMCX,S-A53-05-179,2018,QCSC111258,SHP-10,COM,RFRCNT,2018-06-22,2018-07-31 11:38:00,7,2709.0,Vendor-A,SLXI-DRC,2018.0,GLW1158705,ACTIVE,7.0,1,1,0,12,2,5,0,5,0,1,57,117484.0,17,0.0350877192982456
FLI900234,900234,AST-1204,CIMCX,S-A53-05-179,2018,QCSC111259,SHP-10,COM,RFRCNT,2018-06-22,2018-08-14 11:33:00,7,2695.0,Vendor-A,SLXI-DRC,2018.0,GLW1159415,ACTIVE,7.0,1,1,0,7,1,5,1,0,0,1,60,128904.0,20,0.0166666666666666
FLI900235,900235,AST-1248,CIMCX,S-A53-05-179,2018,QCSC111260,SHP-10,COM,RFRCNT,2018-06-22,2018-07-31 11:40:00,7,2709.0,Vendor-A,SLXI-DRC,2018.0,GLW1159190,ACTIVE,7.0,1,1,0,9,1,6,1,1,0,1,53,122725.0,18,0.0188679245283018
FLI900236,900236,AST-1205,CIMCX,S-A53-05-179,2018,QCSC111261,SHP-10,COM,RFRCNT,2018-06-22,2018-08-14 11:35:00,7,2695.0,Vendor-A,SLXI-DRC,2018.0,GLW1159417,ACTIVE,7.0,1,1,0,6,1,3,2,0,0,1,48,106849.0,17,0.0208333333333333
FLI900237,900237,AST-1206,CIMCX,S-A53-05-179,2018,QCSC111262,SHP-10,COM,RFRCNT,2018-06-22,2018-07-31 11:42:00,7,2709.0,Vendor-A,SLXI-DRC,2018.0,GLW1158699,ACTIVE,7.0,1,1,0,11,1,4,5,1,0,1,57,120075.0,19,0.0175438596491228
FLI900238,900238,AST-1207,CIMCX,S-A53-05-179,2018,QCSC111263,SHP-10,COM,RFRCNT,2018-06-22,2018-09-19 16:24:00,7,2659.0,Vendor-A,SLXI-DRC,2018.0,GLW1159411,ACTIVE,7.0,1,1,0,3,0,3,0,0,0,0,58,127733.0,20,0.0
FLI900239,900239,AST-1208,CIMCX,S-A53-05-179,2018,QCSC111264,SHP-10,COM,RFRCNT,2018-06-22,2018-07-31 11:43:00,7,2709.0,Vendor-A,SLXI-DRC,2018.0,GLW1158698,ACTIVE,7.0,1,1,0,11,0,5,5,0,1,0,55,131379.0,14,0.0
FLI900240,900240,AST-1209,CIMCX,S-A53-05-179,2018,QCSC111265,SHP-10,COM,RFRCNT,2018-06-22,2018-07-19 10:09:00,7,2721.0,Vendor-A,SLXI-DRC,2018.0,GLW1158254,ACTIVE,7.0,1,1,0,14,6,5,1,2,0,1,58,127048.0,19,0.1034482758620689
FLI900241,900241,AST-1210,CIMCX,S-A53-05-179,2018,QCSC111267,SHP-10,COM,RFRCNT,2018-06-22,2018-07-31 11:46:00,7,2709.0,Vendor-A,SLXI-DRC,2018.0,GLW1158709,ACTIVE,7.0,1,1,0,7,4,1,0,2,0,1,52,111612.0,23,0.0769230769230769
FLI900242,900242,AST-1258,CIMCX,S-A53-05-179,2018,QCSC111268,SHP-10,COM,RFRCNT,2018-06-22,2018-08-01 09:16:00,7,2708.0,Vendor-A,SLXI-DRC,2018.0,GLW1159404,ACTIVE,7.0,1,1,0,6,0,4,1,1,0,0,56,115942.0,22,0.0
FLI900243,900243,AST-1239,CIMCX,S-A53-05-179,2018,QCSC111269,SHP-10,COM,RFRCNT,2018-06-22,2018-07-27 12:24:00,7,2713.0,Vendor-A,SLXI-DRC,2018.0,GLW1159413,ACTIVE,7.0,1,1,0,10,0,3,7,0,0,0,58,131470.0,19,0.0
FLI900244,900244,AST-1211,CIMCX,S-A53-05-179,2018,QCSC111270,SHP-10,COM,RFRCNT,2018-06-22,2018-08-14 11:37:00,7,2695.0,Vendor-A,SLXI-DRC,2018.0,GLW1159412,ACTIVE,7.0,1,1,0,5,0,5,0,0,0,0,56,120445.0,19,0.0
FLI900245,900245,AST-1212,CIMCX,S-A53-05-179,2018,QCSC111271,SHP-10,COM,RFRCNT,2018-06-22,2018-07-31 11:46:00,7,2709.0,Vendor-A,SLXI-DRC,2018.0,GLW1158472,ACTIVE,7.0,1,1,0,9,1,4,0,4,0,1,59,133611.0,18,0.0169491525423728
FLI900246,900246,AST-1234,CIMCX,S-A53-05-179,2018,QCSC111272,SHP-10,COM,RFRCNT,2018-06-22,2018-07-27 12:25:00,7,2713.0,Vendor-A,SLXI-DRC,2018.0,GLW1159703,ACTIVE,7.0,1,1,0,13,2,4,0,1,6,1,57,122999.0,18,0.0350877192982456
FLI900247,900247,AST-1213,CIMCX,S-A53-05-179,2018,QCSC111273,SHP-10,COM,RFRCNT,2018-06-22,2018-07-19 10:09:00,7,2721.0,Vendor-A,SLXI-DRC,2018.0,GLW1158710,ACTIVE,7.0,1,1,0,8,4,2,0,2,0,1,56,119662.0,18,0.0714285714285714
FLI900248,900248,AST-1214,CIMCX,S-A53-05-179,2018,QCSC111274,SHP-10,COM,RFRCNT,2018-06-22,2018-08-02 12:26:00,7,2707.0,Vendor-A,SLXI-DRC,2018.0,GLW1159439,ACTIVE,7.0,1,1,0,4,0,3,1,0,0,0,61,129548.0,15,0.0
FLI900249,900249,AST-1215,CIMCX,S-A53-05-179,2018,QCSC111275,SHP-10,COM,RFRCNT,2018-06-22,2018-09-19 16:25:00,7,2659.0,Vendor-A,SLXI-DRC,2018.0,GLW1159436,ACTIVE,7.0,1,1,0,11,2,9,0,0,0,1,59,118600.0,20,0.0338983050847457
FLI900250,900250,AST-1254,CIMCX,S-A53-05-179,2018,QCSC111276,SHP-10,COM,RFRCNT,2018-06-22,2018-08-03 10:52:00,7,2706.0,Vendor-A,SLXI-DRC,2018.0,GLW1158703,ACTIVE,7.0,1,1,0,7,3,2,2,0,0,1,56,119504.0,22,0.0535714285714285
FLI900251,900251,AST-1254,CIMCX,S-A53-05-179,2018,QCSC111277,SHP-10,COM,RFRCNT,2018-06-22,2018-08-03 10:52:00,7,2706.0,Vendor-A,SLXI-DRC,2018.0,GLW1158703,ACTIVE,7.0,1,1,0,7,0,3,2,2,0,0,53,112839.0,16,0.0
FLI900252,900252,AST-1216,CIMCX,S-A53-05-179,2018,QCSC111278,SHP-10,COM,RFRCNT,2018-06-22,2018-07-31 11:49:00,7,2709.0,Vendor-A,SLXI-DRC,2018.0,GLW1159416,ACTIVE,7.0,1,1,0,8,4,1,0,3,0,1,57,114124.0,19,0.0701754385964912
FLI900253,900253,AST-1231,CIMCX,S-A53-05-179,2018,QCSC111279,SHP-10,COM,RFRCNT,2018-06-22,2018-07-26 09:32:00,7,2714.0,Vendor-A,SLXI-DRC,2018.0,GLW1159702,ACTIVE,7.0,1,1,0,7,1,5,0,1,0,1,51,110815.0,16,0.0196078431372549
FLI900254,900254,AST-1227,CIMCX,S-A53-05-179,2018,QCSC111280,SHP-10,COM,RFRCNT,2018-06-22,2018-07-26 09:45:00,7,2714.0,Vendor-A,SLXI-DRC,2018.0,GLW1159707,ACTIVE,7.0,1,1,0,20,1,10,9,0,0,1,61,129142.0,23,0.0163934426229508
FLI900255,900255,AST-1267,CIMCX,S-A53-05-179,2018,QCSC111281,SHP-10,COM,RFRCNT,2018-06-22,2018-08-07 09:40:00,7,2702.0,Vendor-A,SLXI-DRC,2018.0,GLW1158461,ACTIVE,7.0,1,1,0,7,1,5,1,0,0,1,59,125672.0,19,0.0169491525423728
FLI900256,900256,AST-1235,CIMCX,S-A53-05-179,2018,QCSC111282,SHP-10,COM,RFRCNT,2018-06-22,2018-07-26 09:47:00,7,2714.0,Vendor-A,SLXI-DRC,2018.0,GLW1159704,ACTIVE,7.0,1,1,0,7,4,2,1,0,0,1,61,129364.0,24,0.0655737704918032
FLI900257,900257,AST-1226,CIMCX,S-A53-05-179,2018,QCSC111283,SHP-10,COM,RFRCNT,2018-06-22,2018-07-24 09:38:00,7,2716.0,Vendor-A,SLXI-DRC,2018.0,GLW1159709,ACTIVE,7.0,1,1,0,7,1,3,3,0,0,1,59,123798.0,22,0.0169491525423728
FLI900258,900258,AST-1253,CIMCX,S-A53-05-179,2018,QCSC111284,SHP-10,COM,RFRCNT,2018-06-22,2018-08-01 09:16:00,7,2708.0,Vendor-A,SLXI-DRC,2018.0,GLW1159405,ACTIVE,7.0,1,1,0,6,0,2,2,1,1,0,50,103956.0,20,0.0
FLI900259,900259,AST-1272,CIMCX,S-A53-05-179,2018,QCSC111285,SHP-10,COM,RFRCNT,2018-06-22,2018-08-02 11:55:00,7,2707.0,Vendor-A,SLXI-DRC,2018.0,GLW1158470,ACTIVE,7.0,1,1,0,5,0,2,1,0,2,0,58,119190.0,19,0.0
FLI900260,900260,AST-1599,CIMCX,S-A53-05-179,2018,QCSC111286,SHP-10,COM,RFRCNT,2018-06-22,2020-02-26 08:20:00,7,2134.0,Vendor-A,SLXI-DRC,2019.0,GLW1142888,ACTIVE,6.0,1,1,0,6,1,5,0,0,0,1,55,115114.0,21,0.0181818181818181
FLI900261,900261,AST-1266,CIMCX,S-A53-05-179,2018,QCSC111287,SHP-10,COM,RFRCNT,2018-06-22,2018-08-07 09:39:00,7,2702.0,Vendor-A,SLXI-DRC,2018.0,GLW1158455,ACTIVE,7.0,1,1,0,8,3,1,4,0,0,1,60,122131.0,17,0.05
FLI900262,900262,AST-1217,CIMCX,S-A53-05-179,2018,QCSC111288,SHP-10,COM,RFRCNT,2018-06-22,2018-08-14 11:39:00,7,2695.0,Vendor-A,SLXI-DRC,2018.0,GLW1159441,ACTIVE,7.0,1,1,0,14,0,3,6,5,0,0,58,122046.0,22,0.0
FLI900263,900263,AST-1218,CIMCX,S-A53-05-179,2018,QCSC111289,SHP-10,COM,RFRCNT,2018-06-22,2018-08-14 11:41:00,7,2695.0,Vendor-A,SLXI-DRC,2018.0,GLW1159440,ACTIVE,7.0,1,1,0,7,2,5,0,0,0,1,59,126244.0,20,0.0338983050847457
FLI900264,900264,AST-1242,CIMCX,S-A53-05-179,2018,QCSC111290,SHP-10,COM,RFRCNT,2018-06-22,2018-07-27 12:25:00,7,2713.0,Vendor-A,SLXI-DRC,2018.0,GLW1159710,ACTIVE,7.0,1,1,0,12,3,5,4,0,0,1,59,135053.0,22,0.0508474576271186
FLI900265,900265,AST-1219,CIMCX,S-A53-05-179,2018,QCSC111291,SHP-10,COM,RFRCNT,2018-06-22,2018-07-31 11:52:00,7,2709.0,Vendor-A,SLXI-DRC,2018.0,GLW1158706,ACTIVE,7.0,1,1,0,18,7,8,0,1,2,1,57,125624.0,16,0.1228070175438596
FLI900266,900266,AST-1220,CIMCX,S-A53-05-179,2018,QCSC111292,SHP-10,COM,RFRCNT,2018-06-22,2018-07-19 10:05:00,7,2721.0,Vendor-A,SLXI-DRC,2018.0,GLW1159418,ACTIVE,7.0,1,1,0,9,3,4,1,0,1,1,57,128698.0,18,0.0526315789473684
FLI900267,900267,AST-1249,CIMCX,S-A53-05-179,2018,QCSC111293,SHP-10,COM,RFRCNT,2018-06-22,2018-07-27 12:26:00,7,2713.0,Vendor-A,SLXI-DRC,2018.0,GLW1159712,ACTIVE,7.0,1,1,0,4,0,4,0,0,0,0,60,121719.0,19,0.0
FLI900268,900268,AST-1237,CIMCX,S-A53-05-179,2018,QCSC111294,SHP-10,COM,RFRCNT,2018-06-22,2018-07-27 12:26:00,7,2713.0,Vendor-A,SLXI-DRC,2018.0,GLW1159708,ACTIVE,7.0,1,1,0,17,1,13,2,1,0,1,61,126540.0,17,0.0163934426229508
FLI900269,900269,AST-1245,CIMCX,S-A53-05-179,2018,QCSC111295,SHP-10,COM,RFRCNT,2018-06-22,2018-07-27 12:27:00,7,2713.0,Vendor-A,SLXI-DRC,2018.0,GLW1159188,ACTIVE,7.0,1,1,0,17,2,9,6,0,0,1,65,139551.0,21,0.0307692307692307
FLI900270,900270,AST-1221,CIMCX,S-A53-05-179,2018,QCSC111296,SHP-10,COM,RFRCNT,2018-06-22,2018-07-31 11:54:00,7,2709.0,Vendor-A,SLXI-DRC,2018.0,GLW1159433,ACTIVE,7.0,1,1,0,10,1,8,0,1,0,1,57,132960.0,17,0.0175438596491228
FLI900271,900271,AST-1222,CIMCX,S-A53-05-179,2018,QCSC111297,SHP-10,COM,RFRCNT,2018-06-22,2018-07-31 11:55:00,7,2709.0,Vendor-A,SLXI-DRC,2018.0,GLW1158711,ACTIVE,7.0,1,1,0,9,1,4,3,1,0,1,60,123008.0,20,0.0166666666666666
FLI900272,900272,AST-1262,CIMCX,S-A53-05-179,2018,QCSC111298,SHP-10,COM,RFRCNT,2018-06-22,2018-08-03 10:55:00,7,2706.0,Vendor-A,SLXI-DRC,2018.0,GLW1158462,ACTIVE,7.0,1,1,0,8,0,7,1,0,0,0,60,130685.0,16,0.0
FLI900273,900273,AST-1256,CIMCX,S-A53-05-179,2018,QCSC111299,SHP-10,COM,RFRCNT,2018-06-22,2018-08-01 09:16:00,7,2708.0,Vendor-A,SLXI-DRC,2018.0,GLW1158697,ACTIVE,7.0,1,1,0,8,0,8,0,0,0,0,56,124803.0,15,0.0
FLI900274,900274,AST-1260,CIMCX,S-A53-05-179,2018,QCSC111300,SHP-10,COM,RFRCNT,2018-06-22,2018-08-02 11:56:00,7,2707.0,Vendor-A,SLXI-DRC,2018.0,GLW1158468,ACTIVE,7.0,1,1,0,12,9,3,0,0,0,1,54,114724.0,20,0.1666666666666666
FLI900275,900275,AST-1223,CIMCX,S-A53-05-179,2018,QCSC111301,SHP-10,COM,RFRCNT,2018-06-22,2018-07-19 10:03:00,7,2721.0,Vendor-A,SLXI-DRC,2018.0,GLW1159424,ACTIVE,7.0,1,1,0,13,0,5,0,8,0,0,59,123502.0,19,0.0
FLI900276,900276,AST-1224,CIMCX,S-A53-05-179,2018,QCSC111302,SHP-10,COM,RFRCNT,2018-06-22,2018-08-14 11:42:00,7,2695.0,Vendor-A,SLXI-DRC,2018.0,GLW1159428,ACTIVE,7.0,1,1,0,8,0,2,0,0,6,0,57,122850.0,21,0.0
FLI900320,900320,AST-1771,CIMCX,S-A53-05-188,2015,QCSC 082762,SHP-10,COM,RFRCNT,2020-01-21,2025-12-02 15:20:00,10,28.0,Vendor-B,7500 APX RL,2025.0,WAZ91833877,ACTIVE,0.0,0,0,1,3,2,0,0,1,0,1,56,115466.0,22,0.0357142857142857
FLI900278,900278,AST-1794,CIMCX,S-A53-05-188,2015,QCSC 082715,SHP-10,COM,RFRCNT,2020-01-28,2025-10-14 10:23:00,10,77.0,Vendor-B,7500 APX RL,2025.0,WAV91825011,ACTIVE,0.0,0,0,1,7,0,0,6,1,0,0,52,109119.0,22,0.0
FLI900279,900279,AST-1797,CIMCX,S-A53-05-188,2015,QCSC 082716,SHP-10,COM,RFRCNT,2020-01-28,2025-12-02 15:42:00,10,28.0,Vendor-B,7500 APX RL,2025.0,WAZ91833890,ACTIVE,0.0,0,0,1,10,0,10,0,0,0,0,55,121296.0,22,0.0
FLI900280,900280,AST-1288,CIMCX,S-A53-05-188,2015,QCSC 082717,SHP-10,COM,RFRCNT,2020-01-28,2020-02-25 11:14:00,10,2135.0,Vendor-A,S600,2014.0,6001164106,ACTIVE,11.0,0,1,0,4,0,4,0,0,0,0,64,132676.0,23,0.0
FLI900281,900281,AST-1289,CIMCX,S-A53-05-188,2015,QCSC 082718,SHP-10,COM,RFRCNT,2020-01-28,2020-02-25 11:14:00,10,2135.0,Vendor-A,S600,2014.0,6001150899,INACTIVE,11.0,0,1,0,2,0,1,1,0,0,0,58,116481.0,17,0.0
FLI900282,900282,AST-1290,CIMCX,S-A53-05-188,2015,QCSC 082719,SHP-10,COM,RFRCNT,2020-01-28,2020-02-25 11:14:00,10,2135.0,Vendor-A,S600,2014.0,6001150902,ACTIVE,11.0,0,1,0,0,0,0,0,0,0,0,52,113747.0,17,0.0
FLI900283,900283,AST-1759,CIMCX,S-A53-05-188,2015,QCSC 082720,SHP-10,COM,RFRCNT,2020-01-28,2025-10-03 10:30:00,10,88.0,Vendor-B,7500 APX RL,2025.0,WAV91824743,ACTIVE,0.0,0,0,1,5,4,0,0,0,1,1,55,126616.0,17,0.0727272727272727
FLI900285,900285,AST-1760,CIMCX,S-A53-05-188,2015,QCSC 082722,SHP-10,COM,RFRCNT,2020-01-28,2025-09-17 15:08:00,10,104.0,Vendor-B,7500 APX RL,2025.0,WAV91824738,ACTIVE,0.0,0,0,1,5,4,0,0,1,0,1,55,126381.0,15,0.0727272727272727
FLI900286,900286,AST-1803,CIMCX,S-A53-05-188,2015,QCSC 082723,SHP-10,COM,RFRCNT,2020-01-28,2026-01-07 13:48:00,10,-8.0,Vendor-B,7500 APX RL,2025.0,WAZ91834423,ACTIVE,0.0,0,0,1,5,3,1,1,0,0,1,54,120622.0,23,0.0555555555555555
FLI900287,900287,AST-1291,CIMCX,S-A53-05-188,2015,QCSC 082726,SHP-10,COM,RFRCNT,2020-01-28,2020-02-25 11:16:00,10,2135.0,Vendor-A,S600,2014.0,6001165006,ACTIVE,11.0,0,1,0,2,0,0,2,0,0,0,55,114673.0,17,0.0
FLI900288,900288,AST-1292,CIMCX,S-A53-05-188,2015,QCSC 082727,SHP-10,COM,RFRCNT,2020-01-28,2020-02-25 11:17:00,10,2135.0,Vendor-A,S600,2014.0,6001150904,ACTIVE,11.0,0,1,0,1,0,0,1,0,0,0,57,117784.0,19,0.0
FLI900289,900289,AST-1293,CIMCX,S-A53-05-188,2015,QCSC 082728,SHP-10,COM,RFRCNT,2020-01-28,2026-01-21 18:36:00,10,-22.0,Vendor-A,S600,2013.0,6001149674,INACTIVE,12.0,0,1,0,3,0,0,1,2,0,0,59,128198.0,19,0.0
FLI900290,900290,AST-1294,CIMCX,S-A53-05-188,2015,QCSC 082729,SHP-10,COM,RFRCNT,2020-01-28,2020-02-25 11:17:00,10,2135.0,Vendor-A,S600,2014.0,6001149662,ACTIVE,11.0,0,1,0,0,0,0,0,0,0,0,52,112096.0,19,0.0
FLI900291,900291,AST-1808,CIMCX,S-A53-05-188,2015,QCSC 082730,SHP-10,COM,RFRCNT,2020-01-28,2025-11-05 11:49:00,10,55.0,Vendor-B,7500 APX RL,2025.0,WAV91824747,ACTIVE,0.0,0,0,1,0,0,0,0,0,0,0,56,123542.0,20,0.0
FLI900292,900292,AST-1795,CIMCX,S-A53-05-188,2015,QCSC 082732,SHP-10,COM,RFRCNT,2020-01-28,2026-01-12 15:02:00,10,-13.0,Vendor-B,7500 APX RL,2025.0,WAZ91834161,ACTIVE,0.0,0,0,1,6,1,0,0,1,4,1,60,138229.0,20,0.0166666666666666
FLI900293,900293,AST-1295,CIMCX,S-A53-05-188,2015,QCSC 082733,SHP-10,COM,RFRCNT,2020-01-28,2020-02-25 11:18:00,10,2135.0,Vendor-A,S600,2014.0,6001164104,ACTIVE,11.0,0,1,0,1,0,0,1,0,0,0,61,131993.0,22,0.0
FLI900294,900294,AST-1761,CIMCX,S-A53-05-188,2015,QCSC 082734,SHP-10,COM,RFRCNT,2020-01-28,2025-10-03 10:35:00,10,88.0,Vendor-B,7500 APX RL,2025.0,WAV91825005,ACTIVE,0.0,0,0,1,1,0,0,0,0,0,0,52,117648.0,20,0.0
FLI900295,900295,AST-1296,CIMCX,S-A53-05-188,2015,QCSC 082735,SHP-10,COM,RFRCNT,2020-01-28,2020-02-25 11:19:00,10,2135.0,Vendor-A,S600,2014.0,6001165004,ACTIVE,11.0,0,1,0,0,0,0,0,0,0,0,40,80352.0,19,0.0
FLI900296,900296,AST-1791,CIMCX,S-A53-05-188,2015,QCSC 082736,SHP-10,COM,RFRCNT,2020-01-28,2025-10-14 10:34:00,10,77.0,Vendor-B,7500 APX RL,2025.0,WAV91824737,ACTIVE,0.0,0,0,1,13,3,1,6,0,3,1,59,125321.0,22,0.0508474576271186
FLI900297,900297,AST-1762,CIMCX,S-A53-05-188,2015,QCSC 082737,SHP-10,COM,RFRCNT,2020-01-28,2025-12-02 15:18:00,10,28.0,Vendor-B,7500 APX RL,2025.0,WAZ91834167,ACTIVE,0.0,0,0,1,4,0,0,0,1,3,0,50,112238.0,21,0.0
FLI900298,900298,AST-1763,CIMCX,S-A53-05-188,2015,QCSC 082738,SHP-10,COM,RFRCNT,2020-01-28,2025-09-17 14:56:00,10,104.0,Vendor-B,7500 APX RL,2025.0,WAV91824749,ACTIVE,0.0,0,0,1,8,1,0,7,0,0,1,45,100576.0,18,0.0222222222222222
FLI900299,900299,AST-1297,CIMCX,S-A53-05-188,2015,QCSC 082739,SHP-10,COM,RFRCNT,2020-01-28,2020-02-25 11:21:00,10,2135.0,Vendor-A,S600,2014.0,6001164101,ACTIVE,11.0,0,1,0,2,0,1,1,0,0,0,58,127243.0,18,0.0
FLI900300,900300,AST-1764,CIMCX,S-A53-05-188,2015,QCSC 082740,SHP-10,COM,RFRCNT,2020-01-28,2025-11-05 09:52:00,10,55.0,Vendor-B,7500 APX RL,2025.0,WAV91825092,ACTIVE,0.0,0,0,1,1,0,0,1,0,0,0,57,122721.0,21,0.0
FLI900301,900301,AST-1806,CIMCX,S-A53-05-188,2015,QCSC 082741,SHP-10,COM,RFRCNT,2020-01-28,2025-11-24 11:56:00,10,36.0,Vendor-B,7500 APX RL,2025.0,WAZ91833888,ACTIVE,0.0,0,0,1,1,0,1,0,0,0,0,66,134911.0,24,0.0
FLI900302,900302,AST-1298,CIMCX,S-A53-05-188,2015,QCSC 082742,SHP-10,COM,RFRCNT,2020-01-29,2020-02-25 11:22:00,10,2135.0,Vendor-A,S600,2014.0,6001147523,ACTIVE,11.0,0,1,0,5,5,0,0,0,0,1,56,121678.0,24,0.0892857142857142
FLI900303,900303,AST-1796,CIMCX,S-A53-05-188,2015,QCSC 082743,SHP-10,COM,RFRCNT,2020-01-29,2026-01-21 18:48:00,10,-22.0,Vendor-B,7500 APX RL,2025.0,WAZ91834163,ACTIVE,0.0,0,0,1,0,0,0,0,0,0,0,62,132497.0,20,0.0
FLI900304,900304,AST-1802,CIMCX,S-A53-05-188,2015,QCSC 082744,SHP-10,COM,RFRCNT,2020-01-29,2025-11-05 11:45:00,10,55.0,Vendor-B,7500 APX RL,2025.0,WAV91824739,ACTIVE,0.0,0,0,1,4,2,1,1,0,0,1,54,116602.0,19,0.037037037037037
FLI900305,900305,AST-1299,CIMCX,S-A53-05-188,2015,QCSC 082745,SHP-10,COM,RFRCNT,2020-01-29,2020-02-25 11:23:00,10,2135.0,Vendor-A,S600,2014.0,6001150901,ACTIVE,11.0,0,1,0,2,2,0,0,0,0,1,59,120677.0,19,0.0338983050847457
FLI900306,900306,AST-1793,CIMCX,S-A53-05-188,2015,QCSC 082746,SHP-10,COM,RFRCNT,2020-01-29,2025-11-05 09:50:00,10,55.0,Vendor-B,7500 APX RL,2025.0,WAV91825088,ACTIVE,0.0,0,0,1,3,0,3,0,0,0,0,55,105400.0,20,0.0
FLI900307,900307,AST-1765,CIMCX,S-A53-05-188,2015,QCSC 082748,SHP-10,COM,RFRCNT,2020-01-29,2025-08-25 16:25:00,10,127.0,Vendor-B,7500 APX RL,2025.0,WAV91824748,ACTIVE,0.0,0,0,1,3,0,2,0,1,0,0,53,111455.0,20,0.0
FLI900308,900308,AST-1766,CIMCX,S-A53-05-188,2015,QCSC 082749,SHP-10,COM,RFRCNT,2020-01-29,2025-10-14 10:27:00,10,77.0,Vendor-B,7500 APX RL,2025.0,WAV91825007,ACTIVE,0.0,0,0,1,4,2,1,0,0,1,1,50,116350.0,16,0.04
FLI900309,900309,AST-1790,CIMCX,S-A53-05-188,2015,QCSC 082750,SHP-10,COM,RFRCNT,2020-01-29,2025-10-14 10:32:00,10,77.0,Vendor-B,7500 APX RL,2025.0,WAV91824732,ACTIVE,0.0,0,0,1,3,0,2,0,0,1,0,61,137225.0,20,0.0
FLI900310,900310,AST-1840,CIMCX,S-A53-05-188,2015,QCSC 082752,SHP-10,COM,RFRCNT,2020-01-29,2025-11-24 11:53:00,10,36.0,Vendor-B,7500 APX RL,2025.0,WAZ91833889,ACTIVE,0.0,0,0,1,1,0,0,0,1,0,0,51,104798.0,21,0.0
FLI900311,900311,AST-1767,CIMCX,S-A53-05-188,2015,QCSC 082753,SHP-10,COM,RFRCNT,2020-01-29,2025-10-03 10:37:00,10,88.0,Vendor-B,7500 APX RL,2025.0,WAV91825008,ACTIVE,0.0,0,0,1,1,0,1,0,0,0,0,60,126500.0,23,0.0
FLI900312,900312,AST-1813,CIMCX,S-A53-05-188,2015,QCSC 082754,SHP-10,COM,RFRCNT,2020-01-29,2026-01-12 15:34:00,10,-13.0,Vendor-B,7500 APX RL,2025.0,XAA91835076,ACTIVE,0.0,0,0,1,4,1,0,0,0,3,1,52,107401.0,25,0.0192307692307692
FLI900313,900313,AST-1801,CIMCX,S-A53-05-188,2015,QCSC 082755,SHP-10,COM,RFRCNT,2020-01-29,2025-11-05 10:55:00,10,55.0,Vendor-B,7500 APX RL,2025.0,WAV91824731,ACTIVE,0.0,0,0,1,3,0,3,0,0,0,0,56,117913.0,18,0.0
FLI900314,900314,AST-1792,CIMCX,S-A53-05-188,2015,QCSC 082756,SHP-10,COM,RFRCNT,2020-01-29,2026-01-26 13:16:00,10,-27.0,Vendor-B,7500 APX RL,2025.0,R9314,ACTIVE,0.0,0,0,1,8,0,0,0,8,0,0,60,129957.0,23,0.0
FLI900315,900315,AST-1768,CIMCX,S-A53-05-188,2015,QCSC 082757,SHP-10,COM,RFRCNT,2020-01-29,2025-10-03 10:41:00,10,88.0,Vendor-B,7500 APX RL,2025.0,WAV91825004,ACTIVE,0.0,0,0,1,8,1,7,0,0,0,1,58,118203.0,20,0.0172413793103448
FLI900316,900316,AST-1300,CIMCX,S-A53-05-188,2015,QCSC 082758,SHP-10,COM,RFRCNT,2020-01-29,2020-02-25 11:28:00,10,2135.0,Vendor-A,S600,2014.0,6001164115,ACTIVE,11.0,0,1,0,3,0,3,0,0,0,0,54,125059.0,17,0.0
FLI900317,900317,AST-1769,CIMCX,S-A53-05-188,2015,QCSC 082759,SHP-10,COM,RFRCNT,2020-01-29,2025-10-03 10:44:00,10,88.0,Vendor-B,7500 APX RL,2025.0,WAV91824745,ACTIVE,0.0,0,0,1,3,0,1,0,1,1,0,60,115093.0,25,0.0
FLI900318,900318,AST-1301,CIMCX,S-A53-05-188,2015,QCSC 082760,SHP-10,COM,RFRCNT,2020-01-29,2020-02-25 11:28:00,10,2135.0,Vendor-A,S600,2014.0,6001164111,ACTIVE,11.0,0,1,0,3,0,1,1,0,1,0,55,119479.0,22,0.0
FLI900319,900319,AST-1770,CIMCX,S-A53-05-188,2015,QCSC 082761,SHP-10,COM,RFRCNT,2020-01-29,2025-10-03 10:46:00,10,88.0,Vendor-B,7500 APX RL,2025.0,WAV91824744,ACTIVE,0.0,0,0,1,6,1,2,0,3,0,1,63,137322.0,20,0.0158730158730158
FLI900321,900321,AST-1772,CIMCX,S-A53-05-188,2015,QCSC 082763,SHP-10,COM,RFRCNT,2020-01-29,2025-10-03 10:47:00,10,88.0,Vendor-B,7500 APX RL,2025.0,WAV91824740,ACTIVE,0.0,0,0,1,5,0,5,0,0,0,0,59,125978.0,18,0.0
FLI900322,900322,AST-1773,CIMCX,S-A53-05-188,2015,QCSC 082764,SHP-10,COM,RFRCNT,2020-01-29,2025-10-14 10:29:00,10,77.0,Vendor-B,7500 APX RL,2025.0,WAV91825003,ACTIVE,0.0,0,0,1,0,0,0,0,0,0,0,59,126568.0,21,0.0
FLI900323,900323,AST-1452,CIMCX,S-A53-05-188,2015,QCSC 098237,SHP-10,COM,RFRCNT,2020-01-29,2020-02-25 15:59:00,10,2135.0,Vendor-A,PRECDNT S600,2014.0,6001165024,ACTIVE,11.0,0,1,0,4,2,0,0,2,0,1,60,129126.0,20,0.0333333333333333
FLI900324,900324,AST-1302,CIMCX,S-A53-05-188,2015,QCSC 098238,SHP-10,COM,RFRCNT,2020-01-29,2020-02-25 11:31:00,10,2135.0,Vendor-A,S600,2015.0,6001191548,ACTIVE,10.0,0,1,0,9,4,4,1,0,0,1,65,137288.0,18,0.0615384615384615
FLI900325,900325,AST-1303,CIMCX,S-A53-05-188,2015,QCSC 098239,SHP-10,COM,RFRCNT,2020-01-29,2020-02-25 11:32:00,10,2135.0,Vendor-A,S600,2015.0,6001191547,ACTIVE,10.0,0,1,0,15,0,6,4,5,0,0,56,125589.0,20,0.0
FLI900326,900326,AST-1774,CIMCX,S-A53-05-188,2015,QCSC 098240,SHP-10,COM,RFRCNT,2020-01-29,2025-10-29 10:59:00,10,62.0,Vendor-B,7500 APX RL,2025.0,WAV91825080,ACTIVE,0.0,0,0,1,1,0,1,0,0,0,0,52,118766.0,18,0.0
FLI900327,900327,AST-1807,CIMCX,S-A53-05-188,2015,QCSC 098243,SHP-10,COM,RFRCNT,2020-01-29,2025-12-02 15:39:00,10,28.0,Vendor-B,7500 APX RL,2025.0,WAZ91833774,ACTIVE,0.0,0,0,1,1,0,0,1,0,0,0,53,115550.0,22,0.0
FLI900328,900328,AST-1304,CIMCX,S-A53-05-188,2015,QCSC 098244,SHP-10,COM,RFRCNT,2020-01-29,2020-02-25 11:34:00,10,2135.0,Vendor-A,S600,2015.0,6001193457,ACTIVE,10.0,0,1,0,1,1,0,0,0,0,1,55,115952.0,21,0.0181818181818181
FLI900329,900329,AST-1837,CIMCX,S-A53-05-188,2015,QCSC 098246,SHP-10,COM,RFRCNT,2020-01-29,2026-01-14 10:42:00,10,-15.0,Vendor-B,7500 APX RL,2025.0,XAA91835184,ACTIVE,0.0,0,0,1,9,8,0,0,1,0,1,57,119155.0,24,0.1403508771929824
FLI900330,900330,AST-1833,CIMCX,S-A53-05-188,2015,QCSC 098247,SHP-10,COM,RFRCNT,2020-01-29,2025-12-02 15:37:00,10,28.0,Vendor-B,7500 APX RL,2025.0,WAZ91833881,ACTIVE,0.0,0,0,1,3,2,0,0,1,0,1,52,116006.0,22,0.0384615384615384
FLI900331,900331,AST-1305,CIMCX,S-A53-05-188,2015,QCSC 098248,SHP-10,COM,RFRCNT,2020-01-29,2020-02-25 11:41:00,10,2135.0,Vendor-A,S600,2015.0,6001193447,ACTIVE,10.0,0,1,0,4,1,0,0,3,0,1,61,122577.0,24,0.0163934426229508
FLI900332,900332,AST-1306,CIMCX,S-A53-05-188,2015,QCSC 098249,SHP-10,COM,RFRCNT,2020-01-29,2020-02-25 11:41:00,10,2135.0,Vendor-A,S600,2015.0,6001193439,ACTIVE,10.0,0,1,0,2,0,0,1,1,0,0,54,106376.0,27,0.0
FLI900333,900333,AST-1816,CIMCX,S-A53-05-188,2015,QCSC 098250,SHP-10,COM,RFRCNT,2020-01-29,2025-12-22 13:07:00,10,8.0,Vendor-B,7500 APX RL,2025.0,XAA91835099,ACTIVE,0.0,0,0,1,8,1,4,1,0,2,1,55,114769.0,18,0.0181818181818181
FLI900334,900334,AST-1307,CIMCX,S-A53-05-188,2015,QCSC 098251,SHP-10,COM,RFRCNT,2020-01-29,2020-02-25 11:42:00,10,2135.0,Vendor-A,S600,2015.0,6001191549,ACTIVE,10.0,0,1,0,6,0,6,0,0,0,0,58,130267.0,20,0.0
FLI900335,900335,AST-1308,CIMCX,S-A53-05-188,2015,QCSC 098252,SHP-10,COM,RFRCNT,2020-01-29,2020-02-25 11:42:00,10,2135.0,Vendor-A,S600,2015.0,6001193441,ACTIVE,10.0,0,1,0,1,0,0,1,0,0,0,59,124668.0,19,0.0
FLI900336,900336,AST-1775,CIMCX,S-A53-05-188,2015,QCSC 098253,SHP-10,COM,RFRCNT,2020-01-29,2025-10-03 10:50:00,10,88.0,Vendor-B,7500 APX RL,2025.0,WAV91825074,ACTIVE,0.0,0,0,1,3,2,1,0,0,0,1,53,111555.0,25,0.0377358490566037
FLI900337,900337,AST-1776,CIMCX,S-A53-05-188,2015,QCSC 098254,SHP-10,COM,RFRCNT,2020-01-29,2025-11-28 15:31:00,10,32.0,Vendor-B,7500 APX RL,2025.0,WAV91825030,ACTIVE,0.0,0,0,1,3,0,1,1,1,0,0,56,119829.0,22,0.0
FLI900338,900338,AST-1309,CIMCX,S-A53-05-188,2015,QCSC 098255,SHP-10,COM,RFRCNT,2020-01-29,2020-02-25 11:44:00,10,2135.0,Vendor-A,S600,2015.0,6001191521,ACTIVE,10.0,0,1,0,1,0,0,0,0,1,0,58,120323.0,22,0.0
FLI900339,900339,AST-1799,CIMCX,S-A53-05-188,2015,QCSC 098256,SHP-10,COM,RFRCNT,2020-01-29,2025-11-05 11:57:00,10,55.0,Vendor-B,7500 APX RL,2025.0,WAV91825009,ACTIVE,0.0,0,0,1,4,0,2,2,0,0,0,55,120123.0,21,0.0
FLI900340,900340,AST-1310,CIMCX,S-A53-05-188,2015,QCSC 098257,SHP-10,COM,RFRCNT,2020-01-29,2020-02-25 11:44:00,10,2135.0,Vendor-A,S600,2015.0,6001193453,ACTIVE,10.0,0,1,0,4,2,0,2,0,0,1,54,120738.0,18,0.037037037037037
FLI900341,900341,AST-1827,CIMCX,S-A53-05-188,2015,QCSC 098258,SHP-10,COM,RFRCNT,2020-01-29,2025-12-02 15:25:00,10,28.0,Vendor-B,7500 APX RL,2025.0,WAZ91833766,ACTIVE,0.0,0,0,1,3,0,0,1,0,2,0,46,96278.0,19,0.0
FLI900342,900342,AST-1311,CIMCX,S-A53-05-188,2015,QCSC 098259,SHP-10,COM,RFRCNT,2020-01-29,2020-02-25 11:45:00,10,2135.0,Vendor-A,S600,2015.0,6001193445,ACTIVE,10.0,0,1,0,2,0,0,1,1,0,0,60,124914.0,24,0.0
FLI900343,900343,AST-1777,CIMCX,S-A53-05-188,2015,QCSC 098260,SHP-10,COM,RFRCNT,2020-01-29,2025-08-25 16:27:00,10,127.0,Vendor-B,7500 APX RL,2025.0,WAV91825023,ACTIVE,0.0,0,0,1,6,5,0,0,0,1,1,52,107532.0,22,0.0961538461538461
FLI900344,900344,AST-1312,CIMCX,S-A53-05-188,2015,QCSC 098261,SHP-10,COM,RFRCNT,2020-01-29,2020-02-25 14:36:00,10,2135.0,Vendor-A,S600,2015.0,6001191520,ACTIVE,10.0,0,1,0,0,0,0,0,0,0,0,61,141314.0,23,0.0
FLI900345,900345,AST-1313,CIMCX,S-A53-05-188,2015,QCSC 098262,SHP-10,COM,RFRCNT,2020-01-29,2020-02-25 14:39:00,10,2135.0,Vendor-A,S600,2015.0,6001191538,ACTIVE,10.0,0,1,0,6,0,0,4,2,0,0,64,139708.0,21,0.0
FLI900346,900346,AST-1004,CIMCX,S-A53-05-188,2015,QCSC 098263,SHP-10,COM,RFRCNT,2020-01-29,2013-02-17 05:17:00,10,4699.0,Vendor-A,SB230,2012.0,6001107927,ACTIVE,13.0,0,1,0,8,1,3,3,0,1,1,58,130296.0,22,0.0172413793103448
FLI900347,900347,AST-1826,CIMCX,S-A53-05-188,2015,QCSC 098264,SHP-10,COM,RFRCNT,2020-01-29,2025-12-12 08:40:00,10,18.0,Vendor-B,7500 APX RL,2025.0,WAZ91833772,ACTIVE,0.0,0,0,1,3,2,0,0,0,1,1,52,104260.0,20,0.0384615384615384
FLI900348,900348,AST-1314,CIMCX,S-A53-05-188,2015,QCSC 098265,SHP-10,COM,RFRCNT,2020-01-29,2020-02-25 14:41:00,10,2135.0,Vendor-A,S600,2015.0,6001191554,ACTIVE,10.0,0,1,0,0,0,0,0,0,0,0,59,118594.0,21,0.0
FLI900349,900349,AST-1798,CIMCX,S-A53-05-188,2015,QCSC 098266,SHP-10,COM,RFRCNT,2020-01-29,2025-11-05 12:12:00,10,55.0,Vendor-B,7500 APX RL,2025.0,WAV91825084,ACTIVE,0.0,0,0,1,4,0,0,1,3,0,0,54,123994.0,17,0.0
FLI900350,900350,AST-1778,CIMCX,S-A53-05-188,2015,QCSC 098267,SHP-10,COM,RFRCNT,2020-01-29,2025-10-03 10:52:00,10,88.0,Vendor-B,7500 APX RL,2025.0,WAV91825018,ACTIVE,0.0,0,0,1,2,0,1,1,0,0,0,62,123217.0,25,0.0
FLI900351,900351,AST-1830,CIMCX,S-A53-05-188,2015,QCSC 098268,SHP-10,COM,RFRCNT,2020-01-29,2025-12-02 15:32:00,10,28.0,Vendor-B,7500 APX RL,2025.0,WAZ91833878,ACTIVE,0.0,0,0,1,0,0,0,0,0,0,0,55,110418.0,21,0.0
FLI900352,900352,AST-1755,CIMCX,S-A53-05-188,2015,QCSC 098269,SHP-10,COM,RFRCNT,2020-01-30,2022-08-25 13:54:00,10,1223.0,Vendor-A,S600,2015.0,6001203197,ACTIVE,10.0,0,1,0,1,0,0,0,1,0,0,61,139796.0,16,0.0
FLI900353,900353,AST-1315,CIMCX,S-A53-05-188,2015,QCSC 098270,SHP-10,COM,RFRCNT,2020-01-30,2020-02-25 14:43:00,10,2135.0,Vendor-A,S600,2015.0,6001193465,ACTIVE,10.0,0,1,0,3,3,0,0,0,0,1,60,125253.0,22,0.05
FLI900354,900354,AST-1818,CIMCX,S-A53-05-188,2015,QCSC 098271,SHP-10,COM,RFRCNT,2020-01-30,2026-01-14 10:40:00,10,-15.0,Vendor-B,7500 APX RL,2025.0,XAA91835112,ACTIVE,0.0,0,0,1,0,0,0,0,0,0,0,54,115706.0,14,0.0
FLI900355,900355,AST-1316,CIMCX,S-A53-05-188,2015,QCSC 098272,SHP-10,COM,RFRCNT,2020-01-30,2020-02-25 14:43:00,10,2135.0,Vendor-A,S600,2015.0,6001193463,ACTIVE,10.0,0,1,0,5,3,1,0,1,0,1,57,121876.0,21,0.0526315789473684
FLI900356,900356,AST-1317,CIMCX,S-A53-05-188,2015,QCSC 098273,SHP-10,COM,RFRCNT,2020-01-30,2020-02-25 14:43:00,10,2135.0,Vendor-A,S600,2015.0,6001191526,ACTIVE,10.0,0,1,0,3,1,0,0,0,2,1,57,118205.0,20,0.0175438596491228
FLI900357,900357,AST-1318,CIMCX,S-A53-05-188,2015,QCSC 098274,SHP-10,COM,RFRCNT,2020-01-30,2020-02-25 14:44:00,10,2135.0,Vendor-A,S600,2015.0,6001193440,ACTIVE,10.0,0,1,0,2,2,0,0,0,0,1,61,138837.0,19,0.0327868852459016
FLI900358,900358,AST-1779,CIMCX,S-A53-05-188,2015,QCSC 098275,SHP-10,COM,RFRCNT,2020-01-30,2025-10-03 11:04:00,10,88.0,Vendor-B,7500 APX RL,2025.0,WAV91825019,ACTIVE,0.0,0,0,1,0,0,0,0,0,0,0,52,118396.0,19,0.0
FLI900359,900359,AST-1319,CIMCX,S-A53-05-188,2015,QCSC 098276,SHP-10,COM,RFRCNT,2020-01-30,2020-02-25 14:44:00,10,2135.0,Vendor-A,S600,2015.0,6001191559,ACTIVE,10.0,0,1,0,6,0,6,0,0,0,0,59,125323.0,20,0.0
FLI900360,900360,AST-1320,CIMCX,S-A53-05-188,2015,QCSC 098277,SHP-10,COM,RFRCNT,2020-01-30,2020-02-25 14:44:00,10,2135.0,Vendor-A,S600,2015.0,6001193427,ACTIVE,10.0,0,1,0,1,1,0,0,0,0,1,56,123094.0,20,0.0178571428571428
FLI900361,900361,AST-1321,CIMCX,S-A53-05-188,2015,QCSC 098278,SHP-10,COM,RFRCNT,2020-01-30,2020-02-25 14:45:00,10,2135.0,Vendor-A,S600,2015.0,6001191524,ACTIVE,10.0,0,1,0,2,2,0,0,0,0,1,54,121207.0,17,0.037037037037037
FLI900362,900362,AST-1322,CIMCX,S-A53-05-188,2015,QCSC 098279,SHP-10,COM,RFRCNT,2020-01-30,2020-02-25 14:45:00,10,2135.0,Vendor-A,S600,2015.0,6001193438,ACTIVE,10.0,0,1,0,1,0,0,1,0,0,0,52,106776.0,20,0.0
FLI900363,900363,AST-1277,CIMCX,S-A53-05-188,2015,QCSC 098280,SHP-10,COM,RFRCNT,2020-01-30,2020-02-17 22:51:00,10,2143.0,Vendor-A,PRECDNT S600,2015.0,6001203175,ACTIVE,10.0,0,1,0,0,0,0,0,0,0,0,60,134715.0,20,0.0
FLI900364,900364,AST-1800,CIMCX,S-A53-05-188,2015,QCSC 098282,SHP-10,COM,RFRCNT,2020-01-30,2025-12-22 13:15:00,10,8.0,Vendor-B,7500 APX RL,2025.0,WAZ91834166,ACTIVE,0.0,0,0,1,1,1,0,0,0,0,1,52,119392.0,19,0.0192307692307692
FLI900365,900365,AST-1323,CIMCX,S-A53-05-188,2015,QCSC 098283,SHP-10,COM,RFRCNT,2020-01-30,2020-02-25 14:46:00,10,2135.0,Vendor-A,S600,2015.0,6001191541,ACTIVE,10.0,0,1,0,0,0,0,0,0,0,0,60,132333.0,24,0.0
FLI900366,900366,AST-1324,CIMCX,S-A53-05-188,2015,QCSC 098284,SHP-10,COM,RFRCNT,2020-01-30,2020-02-25 14:46:00,10,2135.0,Vendor-A,S600,2015.0,6001193443,ACTIVE,10.0,0,1,0,2,2,0,0,0,0,1,65,138242.0,22,0.0307692307692307
FLI900367,900367,AST-1823,CIMCX,S-A53-05-188,2015,QCSC 098285,SHP-10,COM,RFRCNT,2020-01-30,2025-11-24 11:59:00,10,36.0,Vendor-B,7500 APX RL,2025.0,WAZ91833892,ACTIVE,0.0,0,0,1,2,0,0,0,2,0,0,55,114964.0,23,0.0
FLI900368,900368,AST-1780,CIMCX,S-A53-05-188,2015,QCSC 098286,SHP-10,COM,RFRCNT,2020-01-30,2025-10-03 11:06:00,10,88.0,Vendor-B,7500 APX RL,2025.0,WAV91825031,ACTIVE,0.0,0,0,1,4,1,0,0,3,0,1,57,120768.0,22,0.0175438596491228
FLI900369,900369,AST-1325,CIMCX,S-A53-05-188,2015,QCSC 098287,SHP-10,COM,RFRCNT,2020-01-30,2020-02-25 14:46:00,10,2135.0,Vendor-A,S600,2015.0,6001191546,ACTIVE,10.0,0,1,0,4,0,1,3,0,0,0,56,120778.0,19,0.0
FLI900370,900370,AST-1326,CIMCX,S-A53-05-188,2015,QCSC 098288,SHP-10,COM,RFRCNT,2020-01-30,2020-02-25 14:47:00,10,2135.0,Vendor-A,S600,2015.0,6001193428,ACTIVE,10.0,0,1,0,0,0,0,0,0,0,0,54,120299.0,21,0.0
FLI900371,900371,AST-1781,CIMCX,S-A53-05-188,2015,QCSC 098289,SHP-10,COM,RFRCNT,2020-01-30,2025-12-08 09:16:00,10,22.0,Vendor-B,7500 APX RL,2025.0,WAZ91833871,ACTIVE,0.0,0,0,1,6,0,0,5,0,1,0,55,115254.0,22,0.0
FLI900372,900372,AST-1327,CIMCX,S-A53-05-188,2015,QCSC 098290,SHP-10,COM,RFRCNT,2020-01-30,2020-02-25 14:47:00,10,2135.0,Vendor-A,S600,2015.0,6001193455,ACTIVE,10.0,0,1,0,3,2,0,1,0,0,1,55,116605.0,20,0.0363636363636363
FLI900373,900373,AST-1328,CIMCX,S-A53-05-188,2015,QCSC 098291,SHP-10,COM,RFRCNT,2020-01-30,2020-02-25 14:48:00,10,2135.0,Vendor-A,S600,2015.0,6001191527,ACTIVE,10.0,0,1,0,2,1,0,0,1,0,1,55,122893.0,20,0.0181818181818181
FLI900374,900374,AST-1329,CIMCX,S-A53-05-188,2015,QCSC 098292,SHP-10,COM,RFRCNT,2020-01-30,2020-02-25 14:48:00,10,2135.0,Vendor-A,S600,2015.0,6001191562,ACTIVE,10.0,0,1,0,1,0,0,0,0,1,0,63,137426.0,23,0.0
FLI900375,900375,AST-1330,CIMCX,S-A53-05-188,2015,QCSC 098293,SHP-10,COM,RFRCNT,2020-01-30,2020-02-25 14:49:00,10,2135.0,Vendor-A,S600,2015.0,6001193450,ACTIVE,10.0,0,1,0,1,0,0,1,0,0,0,61,123099.0,22,0.0
FLI900376,900376,AST-1782,CIMCX,S-A53-05-188,2015,QCSC 098294,SHP-10,COM,RFRCNT,2020-01-30,2025-10-03 11:15:00,10,88.0,Vendor-B,7500 APX RL,2025.0,WAV91825029,ACTIVE,0.0,0,0,1,3,0,1,1,0,1,0,60,133394.0,20,0.0
FLI900377,900377,AST-1831,CIMCX,S-A53-05-188,2015,QCSC 098295,SHP-10,COM,RFRCNT,2020-01-30,2026-01-21 18:36:00,10,-22.0,Vendor-B,7500 APX RL,2025.0,XAA91835164,ACTIVE,0.0,0,0,1,3,0,1,0,2,0,0,50,113265.0,19,0.0
FLI900378,900378,AST-1331,CIMCX,S-A53-05-188,2015,QCSC 098296,SHP-10,COM,RFRCNT,2020-01-30,2020-02-25 14:49:00,10,2135.0,Vendor-A,S600,2015.0,6001193419,ACTIVE,10.0,0,1,0,2,0,0,2,0,0,0,56,125967.0,20,0.0
FLI900379,900379,AST-1809,CIMCX,S-A53-05-188,2015,QCSC 098297,SHP-10,COM,RFRCNT,2020-01-30,2026-01-12 15:09:00,10,-13.0,Vendor-B,7500 APX RL,2025.0,WAV91834432,ACTIVE,0.0,0,0,1,1,0,0,0,1,0,0,57,114818.0,23,0.0
FLI900380,900380,AST-1332,CIMCX,S-A53-05-188,2015,QCSC 098298,SHP-10,COM,RFRCNT,2020-01-30,2020-02-25 14:50:00,10,2135.0,Vendor-A,S600,2015.0,6001191516,ACTIVE,10.0,0,1,0,18,2,12,4,0,0,1,58,122177.0,18,0.0344827586206896
FLI900381,900381,AST-1333,CIMCX,S-A53-05-188,2015,QCSC 098299,SHP-10,COM,RFRCNT,2020-01-30,2020-02-25 14:50:00,10,2135.0,Vendor-A,S600,2015.0,6001193434,ACTIVE,10.0,0,1,0,9,7,0,0,2,0,1,50,106252.0,21,0.14
FLI900382,900382,AST-1334,CIMCX,S-A53-05-188,2015,QCSC 098300,SHP-10,COM,RFRCNT,2020-01-30,2020-02-25 14:50:00,10,2135.0,Vendor-A,S600,2015.0,6001193421,ACTIVE,10.0,0,1,0,2,0,2,0,0,0,0,56,123639.0,17,0.0
FLI900383,900383,AST-1335,CIMCX,S-A53-05-188,2015,QCSC 098301,SHP-10,COM,RFRCNT,2020-01-30,2020-02-25 14:56:00,10,2135.0,Vendor-A,S600,2015.0,6001191539,ACTIVE,10.0,0,1,0,3,0,1,0,2,0,0,58,124788.0,19,0.0
FLI900384,900384,AST-1336,CIMCX,S-A53-05-188,2015,QCSC 098302,SHP-10,COM,RFRCNT,2020-01-30,2020-02-25 14:56:00,10,2135.0,Vendor-A,S600,2015.0,6001193452,ACTIVE,10.0,0,1,0,2,0,1,1,0,0,0,53,114269.0,18,0.0
FLI900385,900385,AST-1337,CIMCX,S-A53-05-188,2015,QCSC 098303,SHP-10,COM,RFRCNT,2020-01-30,2020-02-25 14:56:00,10,2135.0,Vendor-A,S600,2015.0,6001193430,ACTIVE,10.0,0,1,0,0,0,0,0,0,0,0,54,106447.0,25,0.0
FLI900386,900386,AST-1338,CIMCX,S-A53-05-188,2015,QCSC 098304,SHP-10,COM,RFRCNT,2020-01-30,2020-02-25 14:57:00,10,2135.0,Vendor-A,S600,2015.0,6001191536,ACTIVE,10.0,0,1,0,0,0,0,0,0,0,0,61,128746.0,22,0.0
FLI900387,900387,AST-1339,CIMCX,S-A53-05-188,2015,QCSC 098305,SHP-10,COM,RFRCNT,2020-01-30,2020-02-25 14:57:00,10,2135.0,Vendor-A,S600,2015.0,6001191551,ACTIVE,10.0,0,1,0,4,0,1,2,1,0,0,54,118841.0,21,0.0
FLI900388,900388,AST-1340,CIMCX,S-A53-05-188,2015,QCSC 098306,SHP-10,COM,RFRCNT,2020-01-30,2020-02-25 14:57:00,10,2135.0,Vendor-A,S600,2015.0,6001193426,ACTIVE,10.0,0,1,0,3,0,0,1,1,1,0,58,131347.0,21,0.0
FLI900389,900389,AST-1783,CIMCX,S-A53-05-188,2015,QCSC 098307,SHP-10,COM,RFRCNT,2020-01-30,2025-08-25 16:28:00,10,127.0,Vendor-B,7500 APX RL,2025.0,WAV91825027,ACTIVE,0.0,0,0,1,5,0,1,0,3,1,0,59,135093.0,17,0.0
FLI900390,900390,AST-1341,CIMCX,S-A53-05-188,2015,QCSC 098308,SHP-10,COM,RFRCNT,2020-01-30,2020-02-25 14:57:00,10,2135.0,Vendor-A,S600,2015.0,6001193451,ACTIVE,10.0,0,1,0,0,0,0,0,0,0,0,56,118625.0,23,0.0
FLI900391,900391,AST-1815,CIMCX,S-A53-05-188,2015,QCSC 098309,SHP-10,COM,RFRCNT,2020-01-30,2025-12-02 15:46:00,10,28.0,Vendor-B,7500 APX RL,2025.0,WAZ91833761,ACTIVE,0.0,0,0,1,3,0,1,1,0,1,0,58,123210.0,19,0.0
FLI900392,900392,AST-1342,CIMCX,S-A53-05-188,2015,QCSC 098310,SHP-10,COM,RFRCNT,2020-01-30,2020-02-25 14:58:00,10,2135.0,Vendor-A,S600,2015.0,6001191542,ACTIVE,10.0,0,1,0,4,0,4,0,0,0,0,55,120892.0,19,0.0
FLI900393,900393,AST-1343,CIMCX,S-A53-05-188,2015,QCSC 098311,SHP-10,COM,RFRCNT,2020-01-30,2020-02-25 14:58:00,10,2135.0,Vendor-A,S600,2015.0,6001191545,ACTIVE,10.0,0,1,0,0,0,0,0,0,0,0,66,133206.0,22,0.0
FLI900394,900394,AST-1281,CIMCX,S-A53-05-188,2015,QCSC 098312,SHP-10,COM,RFRCNT,2020-01-30,2020-02-25 10:53:00,10,2135.0,Vendor-A,S600,2016.0,6001203182,ACTIVE,9.0,0,1,0,2,0,1,0,1,0,0,61,135634.0,22,0.0
FLI900395,900395,AST-1344,CIMCX,S-A53-05-188,2015,QCSC 098313,SHP-10,COM,RFRCNT,2020-01-30,2020-02-25 14:58:00,10,2135.0,Vendor-A,S600,2015.0,6001193448,ACTIVE,10.0,0,1,0,6,1,0,2,3,0,1,52,118128.0,20,0.0192307692307692
FLI900396,900396,AST-1835,CIMCX,S-A53-05-188,2015,QCSC 098314,SHP-10,COM,RFRCNT,2020-01-30,2025-11-05 11:59:00,10,55.0,Vendor-B,7500 APX RL,2025.0,WAV91824746,ACTIVE,0.0,0,0,1,0,0,0,0,0,0,0,60,130432.0,20,0.0
FLI900397,900397,AST-1345,CIMCX,S-A53-05-188,2015,QCSC 098315,SHP-10,COM,RFRCNT,2020-01-30,2020-02-25 14:59:00,10,2135.0,Vendor-A,S600,2015.0,6001193442,ACTIVE,10.0,0,1,0,1,1,0,0,0,0,1,55,118655.0,19,0.0181818181818181
FLI900398,900398,AST-1346,CIMCX,S-A53-05-188,2015,QCSC 098316,SHP-10,COM,RFRCNT,2020-01-30,2020-02-25 15:05:00,10,2135.0,Vendor-A,S600,2015.0,6001191525,ACTIVE,10.0,0,1,0,4,0,0,1,1,2,0,57,129825.0,21,0.0
FLI900399,900399,AST-1347,CIMCX,S-A53-05-188,2015,QCSC 098317,SHP-10,COM,RFRCNT,2020-01-30,2020-02-25 15:06:00,10,2135.0,Vendor-A,S600,2015.0,6001191531,ACTIVE,10.0,0,1,0,3,2,0,1,0,0,1,60,126510.0,22,0.0333333333333333
FLI900400,900400,AST-1838,CIMCX,S-A53-05-188,2015,QCSC 098318,SHP-10,COM,RFRCNT,2020-01-30,2025-11-24 12:05:00,10,36.0,Vendor-B,7500 APX RL,2025.0,R9415,ACTIVE,0.0,0,0,1,2,1,1,0,0,0,1,56,113833.0,22,0.0178571428571428
FLI900401,900401,AST-1348,CIMCX,S-A53-05-188,2015,QCSC 098319,SHP-10,COM,RFRCNT,2020-01-30,2020-02-25 15:23:00,10,2135.0,Vendor-A,S600,2015.0,6001193454,ACTIVE,10.0,0,1,0,4,0,0,4,0,0,0,56,118490.0,19,0.0
FLI900402,900402,AST-1485,CIMCX,S-A53-05-188,2015,QCSC 098320,SHP-10,COM,RFRCNT,2020-01-30,2020-02-25 16:13:00,10,2135.0,Vendor-A,PRECDNT S600,2014.0,6001166079,ACTIVE,11.0,0,1,0,4,0,4,0,0,0,0,58,130144.0,19,0.0
FLI900403,900403,AST-1349,CIMCX,S-A53-05-188,2015,QCSC 098321,SHP-10,COM,RFRCNT,2020-01-30,2020-02-25 15:23:00,10,2135.0,Vendor-A,S600,2015.0,6001191560,ACTIVE,10.0,0,1,0,1,0,0,0,1,0,0,63,130770.0,22,0.0
FLI900404,900404,AST-1350,CIMCX,S-A53-05-188,2015,QCSC 098322,SHP-10,COM,RFRCNT,2020-01-30,2020-02-25 15:24:00,10,2135.0,Vendor-A,S600,2015.0,6001193431,ACTIVE,10.0,0,1,0,9,2,7,0,0,0,1,56,118844.0,24,0.0357142857142857
FLI900405,900405,AST-1805,CIMCX,S-A53-05-188,2015,QCSC 098323,SHP-10,COM,RFRCNT,2020-01-30,2026-01-22 07:17:00,10,-23.0,Vendor-B,7500 APX RL,2025.0,WAZ91834428,ACTIVE,0.0,0,0,1,1,0,0,1,0,0,0,61,124384.0,24,0.0
FLI900406,900406,AST-1351,CIMCX,S-A53-05-188,2015,QCSC 098324,SHP-10,COM,RFRCNT,2020-01-30,2020-02-25 15:24:00,10,2135.0,Vendor-A,S600,2015.0,6001191552,ACTIVE,10.0,0,1,0,8,0,3,0,4,1,0,56,116401.0,21,0.0
FLI900407,900407,AST-1829,CIMCX,S-A53-05-188,2015,QCSC 098325,SHP-10,COM,RFRCNT,2020-01-30,2025-11-24 12:02:00,10,36.0,Vendor-B,7500 APX RL,2025.0,WAZ91833891,ACTIVE,0.0,0,0,1,1,1,0,0,0,0,1,55,117422.0,22,0.0181818181818181
FLI900408,900408,AST-1352,CIMCX,S-A53-05-188,2015,QCSC 098326,SHP-10,COM,RFRCNT,2020-01-30,2020-02-25 15:25:00,10,2135.0,Vendor-A,S600,2015.0,6001191517,ACTIVE,10.0,0,1,0,0,0,0,0,0,0,0,55,127675.0,16,0.0
FLI900409,900409,AST-1353,CIMCX,S-A53-05-188,2015,QCSC 098327,SHP-10,COM,RFRCNT,2020-01-30,2020-02-25 15:25:00,10,2135.0,Vendor-A,S600,2015.0,6001191529,ACTIVE,10.0,0,1,0,0,0,0,0,0,0,0,57,125113.0,20,0.0
FLI900410,900410,AST-1354,CIMCX,S-A53-05-188,2015,QCSC 098328,SHP-10,COM,RFRCNT,2020-01-30,2020-02-25 15:25:00,10,2135.0,Vendor-A,S600,2015.0,6001193432,ACTIVE,10.0,0,1,0,2,2,0,0,0,0,1,54,115863.0,21,0.037037037037037
FLI900411,900411,AST-1819,CIMCX,S-A53-05-188,2015,QCSC 098329,SHP-10,COM,RFRCNT,2020-01-30,2026-01-14 10:36:00,10,-15.0,Vendor-B,7500 APX RL,2025.0,XAA91835114,ACTIVE,0.0,0,0,1,8,1,0,2,3,2,1,56,131767.0,18,0.0178571428571428
FLI900412,900412,AST-1784,CIMCX,S-A53-05-188,2015,QCSC 098330,SHP-10,COM,RFRCNT,2020-01-30,2025-10-07 15:15:00,10,84.0,Vendor-B,7500 APX RL,2025.0,WAV91825082,ACTIVE,0.0,0,0,1,2,0,1,0,0,1,0,56,118972.0,22,0.0
FLI900413,900413,AST-1355,CIMCX,S-A53-05-188,2015,QCSC 098331,SHP-10,COM,RFRCNT,2020-01-30,2020-02-25 15:26:00,10,2135.0,Vendor-A,S600,2015.0,6001191523,ACTIVE,10.0,0,1,0,3,2,0,0,1,0,1,52,109176.0,21,0.0384615384615384
FLI900414,900414,AST-1356,CIMCX,S-A53-05-188,2015,QCSC 098332,SHP-10,COM,RFRCNT,2020-01-30,2020-02-25 15:26:00,10,2135.0,Vendor-A,S600,2015.0,6001193423,ACTIVE,10.0,0,1,0,0,0,0,0,0,0,0,56,116040.0,18,0.0
FLI900415,900415,AST-1357,CIMCX,S-A53-05-188,2015,QCSC 098333,SHP-10,COM,RFRCNT,2020-01-30,2020-02-25 15:26:00,10,2135.0,Vendor-A,S600,2015.0,6001191537,ACTIVE,10.0,0,1,0,6,0,6,0,0,0,0,63,141120.0,19,0.0
FLI900416,900416,AST-1358,CIMCX,S-A53-05-188,2015,QCSC 098334,SHP-10,COM,RFRCNT,2020-01-30,2020-02-25 15:27:00,10,2135.0,Vendor-A,S600,2015.0,6001191528,ACTIVE,10.0,0,1,0,3,0,3,0,0,0,0,58,122346.0,22,0.0
FLI900417,900417,AST-1785,CIMCX,S-A53-05-188,2015,QCSC 098335,SHP-10,COM,RFRCNT,2020-01-30,2025-10-03 11:29:00,10,88.0,Vendor-B,7500 APX RL,2025.0,WAV91825015,ACTIVE,0.0,0,0,1,3,0,3,0,0,0,0,55,122438.0,22,0.0
FLI900418,900418,AST-1280,CIMCX,S-A53-05-188,2015,QCSC 098336,SHP-10,COM,RFRCNT,2020-01-30,2020-02-25 10:37:00,10,2135.0,Vendor-A,S600,2016.0,6001203198,ACTIVE,9.0,0,1,0,0,0,0,0,0,0,0,55,113542.0,21,0.0
FLI900419,900419,AST-1359,CIMCX,S-A53-05-188,2016,QCSC 101544,SHP-10,COM,RFRCNT,2020-01-30,2020-02-25 15:27:00,9,2135.0,Vendor-A,S600,2016.0,6001213841,ACTIVE,9.0,0,1,0,5,0,1,0,3,1,0,56,125262.0,21,0.0
FLI900420,900420,AST-1360,CIMCX,S-A53-05-188,2016,QCSC 101545,SHP-10,COM,RFRCNT,2020-01-30,2020-02-25 15:28:00,9,2135.0,Vendor-A,S600,2016.0,6001213825,ACTIVE,9.0,0,1,0,5,0,0,5,0,0,0,48,102529.0,20,0.0
FLI900421,900421,AST-1361,CIMCX,S-A53-05-188,2016,QCSC 101546,SHP-10,COM,RFRCNT,2020-01-30,2020-02-25 15:28:00,9,2135.0,Vendor-A,S600,2016.0,6001213846,ACTIVE,9.0,0,1,0,7,5,0,1,1,0,1,54,109653.0,22,0.0925925925925925
FLI900422,900422,AST-1362,CIMCX,S-A53-05-188,2016,QCSC 101547,SHP-10,COM,RFRCNT,2020-01-30,2020-02-25 15:28:00,9,2135.0,Vendor-A,S600,2016.0,6001215206,ACTIVE,9.0,0,1,0,2,1,1,0,0,0,1,56,119119.0,21,0.0178571428571428
FLI900423,900423,AST-1363,CIMCX,S-A53-05-188,2016,QCSC 101548,SHP-10,COM,RFRCNT,2020-01-30,2020-02-25 15:28:00,9,2135.0,Vendor-A,S600,2016.0,6001213866,ACTIVE,9.0,0,1,0,3,1,0,2,0,0,1,58,125044.0,24,0.0172413793103448
FLI900424,900424,AST-1364,CIMCX,S-A53-05-188,2016,QCSC 101549,SHP-10,COM,RFRCNT,2020-01-30,2020-02-25 15:28:00,9,2135.0,Vendor-A,S600,2016.0,6001213823,ACTIVE,9.0,0,1,0,2,0,1,0,1,0,0,56,125257.0,20,0.0
FLI900425,900425,AST-1365,CIMCX,S-A53-05-188,2016,QCSC 101550,SHP-10,COM,RFRCNT,2020-01-30,2020-02-25 15:29:00,9,2135.0,Vendor-A,S600,2016.0,6001213844,ACTIVE,9.0,0,1,0,6,0,0,0,6,0,0,61,133914.0,23,0.0
FLI900426,900426,AST-1366,CIMCX,S-A53-05-188,2016,QCSC 101551,SHP-10,COM,RFRCNT,2020-01-30,2020-02-25 15:29:00,9,2135.0,Vendor-A,S600,2016.0,6001213850,ACTIVE,9.0,0,1,0,0,0,0,0,0,0,0,57,120054.0,23,0.0
FLI900427,900427,AST-1367,CIMCX,S-A53-05-188,2016,QCSC 101552,SHP-10,COM,RFRCNT,2020-01-30,2020-02-25 15:29:00,9,2135.0,Vendor-A,S600,2016.0,6001213857,ACTIVE,9.0,0,1,0,7,0,0,1,0,6,0,58,126135.0,19,0.0
FLI900428,900428,AST-1368,CIMCX,S-A53-05-188,2016,QCSC 101553,SHP-10,COM,RFRCNT,2020-01-30,2020-02-25 15:29:00,9,2135.0,Vendor-A,S600,2016.0,6001215215,ACTIVE,9.0,0,1,0,1,0,0,1,0,0,0,60,124181.0,23,0.0
FLI900429,900429,AST-1369,CIMCX,S-A53-05-188,2016,QCSC 101554,SHP-10,COM,RFRCNT,2020-01-30,2020-02-25 15:30:00,9,2135.0,Vendor-A,S600,2016.0,6001213847,ACTIVE,9.0,0,1,0,2,2,0,0,0,0,1,61,127654.0,19,0.0327868852459016
FLI900430,900430,AST-1370,CIMCX,S-A53-05-188,2016,QCSC 101555,SHP-10,COM,RFRCNT,2020-01-30,2020-02-25 15:30:00,9,2135.0,Vendor-A,S600,2016.0,6001215214,ACTIVE,9.0,0,1,0,1,0,0,1,0,0,0,50,118204.0,15,0.0
FLI900431,900431,AST-1371,CIMCX,S-A53-05-188,2016,QCSC 101556,SHP-10,COM,RFRCNT,2020-01-30,2020-02-25 15:30:00,9,2135.0,Vendor-A,S600,2016.0,6001213855,ACTIVE,9.0,0,1,0,0,0,0,0,0,0,0,59,123337.0,21,0.0
FLI900432,900432,AST-1372,CIMCX,S-A53-05-188,2016,QCSC 101557,SHP-10,COM,RFRCNT,2020-01-30,2020-02-25 15:30:00,9,2135.0,Vendor-A,S600,2016.0,6001213836,ACTIVE,9.0,0,1,0,0,0,0,0,0,0,0,56,120040.0,19,0.0
FLI900433,900433,AST-1373,CIMCX,S-A53-05-188,2016,QCSC 101558,SHP-10,COM,RFRCNT,2020-01-30,2020-02-25 15:31:00,9,2135.0,Vendor-A,S600,2016.0,6001215202,ACTIVE,9.0,0,1,0,3,0,3,0,0,0,0,63,134054.0,20,0.0
FLI900434,900434,AST-1374,CIMCX,S-A53-05-188,2016,QCSC 101559,SHP-10,COM,RFRCNT,2020-01-30,2020-02-25 15:31:00,9,2135.0,Vendor-A,S600,2016.0,6001213830,ACTIVE,9.0,0,1,0,3,1,1,1,0,0,1,58,112511.0,26,0.0172413793103448
FLI900435,900435,AST-1822,CIMCX,S-A53-05-188,2016,QCSC 101560,SHP-10,COM,RFRCNT,2020-01-30,2026-01-21 18:22:00,9,-22.0,Vendor-B,7500 APX RL,2025.0,XAA91835117,ACTIVE,0.0,0,0,1,2,1,0,1,0,0,1,54,116129.0,21,0.0185185185185185
FLI900436,900436,AST-1375,CIMCX,S-A53-05-188,2016,QCSC 101561,SHP-10,COM,RFRCNT,2020-01-30,2020-02-25 15:32:00,9,2135.0,Vendor-A,S600,2016.0,6001215213,ACTIVE,9.0,0,1,0,1,1,0,0,0,0,1,62,132641.0,24,0.0161290322580645
FLI900437,900437,AST-1376,CIMCX,S-A53-05-188,2016,QCSC 101562,SHP-10,COM,RFRCNT,2020-01-30,2020-02-25 15:32:00,9,2135.0,Vendor-A,S600,2016.0,6001213821,ACTIVE,9.0,0,1,0,0,0,0,0,0,0,0,59,126341.0,17,0.0
FLI900438,900438,AST-1377,CIMCX,S-A53-05-188,2016,QCSC 101564,SHP-10,COM,RFRCNT,2020-01-30,2020-02-25 15:32:00,9,2135.0,Vendor-A,S600,2016.0,6001213859,ACTIVE,9.0,0,1,0,3,1,1,1,0,0,1,60,128602.0,24,0.0166666666666666
FLI900439,900439,AST-1378,CIMCX,S-A53-05-188,2016,QCSC 101565,SHP-10,COM,RFRCNT,2020-01-30,2020-02-25 15:33:00,9,2135.0,Vendor-A,S600,2016.0,6001213831,ACTIVE,9.0,0,1,0,5,0,0,0,0,5,0,61,129020.0,20,0.0
FLI900440,900440,AST-1379,CIMCX,S-A53-05-188,2016,QCSC 101566,SHP-10,COM,RFRCNT,2020-01-30,2020-02-25 15:33:00,9,2135.0,Vendor-A,S600,2016.0,6001215223,ACTIVE,9.0,0,1,0,6,0,6,0,0,0,0,63,130371.0,21,0.0
FLI900744,900744,AST-1644,CIMCX,S-A53-05-188,2019,QCSC115215,SHP-10,COM,RFRCNT,2020-01-30,2020-02-26 08:38:00,6,2134.0,Vendor-A,SLXI-DRC,2019.0,GLW1185732,ACTIVE,6.0,1,1,0,5,1,3,1,0,0,1,54,120844.0,20,0.0185185185185185
FLI900745,900745,AST-1645,CIMCX,S-A53-05-188,2019,QCSC115216,SHP-10,COM,RFRCNT,2020-01-30,2020-02-26 08:38:00,6,2134.0,Vendor-A,SLXI-DRC,2019.0,GLW1185731,ACTIVE,6.0,1,1,0,12,2,7,1,2,0,1,58,119143.0,25,0.0344827586206896
FLI900746,900746,AST-1646,CIMCX,S-A53-05-188,2019,QCSC115217,SHP-10,COM,RFRCNT,2020-01-30,2020-02-26 08:38:00,6,2134.0,Vendor-A,SLXI-DRC,2019.0,GLW1185991,ACTIVE,6.0,1,1,0,11,8,2,1,0,0,1,45,100150.0,20,0.1777777777777777
FLI900747,900747,AST-1647,CIMCX,S-A53-05-188,2019,QCSC115218,SHP-10,COM,RFRCNT,2020-01-30,2020-02-26 08:39:00,6,2134.0,Vendor-A,SLXI-DRC,2019.0,GLW1186001,ACTIVE,6.0,1,1,0,6,5,1,0,0,0,1,51,110284.0,15,0.0980392156862745
FLI900748,900748,AST-1648,CIMCX,S-A53-05-188,2019,QCSC115219,SHP-10,COM,RFRCNT,2020-01-30,2020-02-26 08:39:00,6,2134.0,Vendor-A,SLXI-DRC,2019.0,GLW1186188,ACTIVE,6.0,1,1,0,9,3,6,0,0,0,1,53,121470.0,17,0.0566037735849056
FLI900749,900749,AST-1649,CIMCX,S-A53-05-188,2019,QCSC115220,SHP-10,COM,RFRCNT,2020-01-30,2020-02-26 08:39:00,6,2134.0,Vendor-A,SLXI-DRC,2019.0,GLW1186005,ACTIVE,6.0,1,1,0,7,0,3,3,1,0,0,63,137224.0,21,0.0
FLI900750,900750,AST-1650,CIMCX,S-A53-05-188,2019,QCSC115221,SHP-10,COM,RFRCNT,2020-01-30,2020-02-26 08:39:00,6,2134.0,Vendor-A,SLXI-DRC,2019.0,GLW1185989,ACTIVE,6.0,1,1,0,11,3,5,0,0,3,1,56,127636.0,18,0.0535714285714285
FLI900751,900751,AST-1651,CIMCX,S-A53-05-188,2019,QCSC115222,SHP-10,COM,RFRCNT,2020-01-30,2020-02-26 08:40:00,6,2134.0,Vendor-A,SLXI-DRC,2019.0,GLW1185718,ACTIVE,6.0,1,1,0,9,1,8,0,0,0,1,57,115721.0,22,0.0175438596491228
FLI900752,900752,AST-1652,CIMCX,S-A53-05-188,2019,QCSC115223,SHP-10,COM,RFRCNT,2020-01-30,2020-02-26 08:40:00,6,2134.0,Vendor-A,SLXI-DRC,2019.0,GLW1185710,ACTIVE,6.0,1,1,0,12,0,3,2,0,7,0,59,129695.0,18,0.0
FLI900753,900753,AST-1653,CIMCX,S-A53-05-188,2019,QCSC115224,SHP-10,COM,RFRCNT,2020-01-30,2020-02-26 08:40:00,6,2134.0,Vendor-A,SLXI-DRC,2019.0,GLW1185980,ACTIVE,6.0,1,1,0,14,4,6,2,2,0,1,55,118909.0,18,0.0727272727272727
FLI900754,900754,AST-1654,CIMCX,S-A53-05-188,2019,QCSC115225,SHP-10,COM,RFRCNT,2020-01-30,2020-02-26 08:40:00,6,2134.0,Vendor-A,SLXI-DRC,2019.0,GLW1185511,ACTIVE,6.0,1,1,0,8,4,2,2,0,0,1,55,124179.0,16,0.0727272727272727
FLI900755,900755,AST-1655,CIMCX,S-A53-05-188,2019,QCSC115226,SHP-10,COM,RFRCNT,2020-01-30,2020-02-26 08:40:00,6,2134.0,Vendor-A,SLXI-DRC,2019.0,GLW1185983,ACTIVE,6.0,1,1,0,5,3,2,0,0,0,1,55,122468.0,22,0.0545454545454545
FLI900756,900756,AST-1656,CIMCX,S-A53-05-188,2019,QCSC115227,SHP-10,COM,RFRCNT,2020-01-30,2020-02-26 08:41:00,6,2134.0,Vendor-A,SLXI-DRC,2019.0,GLW1186177,ACTIVE,6.0,1,1,0,10,3,7,0,0,0,1,53,109277.0,21,0.0566037735849056
FLI900757,900757,AST-1657,CIMCX,S-A53-05-188,2019,QCSC115228,SHP-10,COM,RFRCNT,2020-01-30,2020-02-26 08:41:00,6,2134.0,Vendor-A,SLXI-DRC,2019.0,GLW1185498,ACTIVE,6.0,1,1,0,6,2,3,1,0,0,1,57,125949.0,20,0.0350877192982456
FLI900758,900758,AST-1658,CIMCX,S-A53-05-188,2019,QCSC115229,SHP-10,COM,RFRCNT,2020-01-30,2020-02-26 08:41:00,6,2134.0,Vendor-A,SLXI-DRC,2019.0,GLW1186194,ACTIVE,6.0,1,1,0,5,0,3,1,0,1,0,54,127062.0,14,0.0
FLI900759,900759,AST-1659,CIMCX,S-A53-05-188,2019,QCSC115231,SHP-10,COM,RFRCNT,2020-01-30,2020-02-26 08:42:00,6,2134.0,Vendor-A,SLXI-DRC,2019.0,GLW1185507,ACTIVE,6.0,1,1,0,7,2,5,0,0,0,1,58,126981.0,17,0.0344827586206896
FLI900760,900760,AST-1660,CIMCX,S-A53-05-188,2019,QCSC115232,SHP-10,COM,RFRCNT,2020-01-30,2020-02-26 08:42:00,6,2134.0,Vendor-A,SLXI-DRC,2019.0,GLW1185712,ACTIVE,6.0,1,1,0,7,0,6,1,0,0,0,64,136470.0,21,0.0
FLI900761,900761,AST-1661,CIMCX,S-A53-05-188,2019,QCSC115233,SHP-10,COM,RFRCNT,2020-01-30,2020-02-26 08:42:00,6,2134.0,Vendor-A,SLXI-DRC,2019.0,GLW1186002,ACTIVE,6.0,1,1,0,9,4,3,1,1,0,1,51,120244.0,22,0.0784313725490196
FLI900762,900762,AST-1662,CIMCX,S-A53-05-188,2019,QCSC115234,SHP-10,COM,RFRCNT,2020-01-30,2020-02-26 08:43:00,6,2134.0,Vendor-A,SLXI-DRC,2019.0,GLW1185997,ACTIVE,6.0,1,1,0,8,0,5,1,2,0,0,57,119332.0,21,0.0
FLI900763,900763,AST-1663,CIMCX,S-A53-05-188,2019,QCSC115235,SHP-10,COM,RFRCNT,2020-01-30,2020-02-26 08:43:00,6,2134.0,Vendor-A,SLXI-DRC,2019.0,GLW1185714,ACTIVE,6.0,1,1,0,10,2,6,0,2,0,1,54,119299.0,20,0.037037037037037
FLI900764,900764,AST-1664,CIMCX,S-A53-05-188,2019,QCSC115236,SHP-10,COM,RFRCNT,2020-01-30,2020-02-26 08:43:00,6,2134.0,Vendor-A,SLXI-DRC,2019.0,GLW1185721,ACTIVE,6.0,1,1,0,16,5,10,0,0,1,1,58,118500.0,22,0.0862068965517241
FLI900765,900765,AST-1665,CIMCX,S-A53-05-188,2019,QCSC115237,SHP-10,COM,RFRCNT,2020-01-30,2020-02-26 08:43:00,6,2134.0,Vendor-A,SLXI-DRC,2019.0,GLW1185999,ACTIVE,6.0,1,1,0,10,1,7,0,0,2,1,58,130518.0,17,0.0172413793103448
FLI900766,900766,AST-1666,CIMCX,S-A53-05-188,2019,QCSC115238,SHP-10,COM,RFRCNT,2020-01-30,2020-02-26 08:44:00,6,2134.0,Vendor-A,SLXI-DRC,2019.0,GLW1185726,ACTIVE,6.0,1,1,0,4,0,4,0,0,0,0,64,133145.0,19,0.0
FLI900767,900767,AST-1667,CIMCX,S-A53-05-188,2019,QCSC115239,SHP-10,COM,RFRCNT,2020-01-30,2020-02-26 08:44:00,6,2134.0,Vendor-A,SLXI-DRC,2019.0,GLW1185724,ACTIVE,6.0,1,1,0,13,0,10,3,0,0,0,55,117576.0,21,0.0
FLI900768,900768,AST-1668,CIMCX,S-A53-05-188,2019,QCSC115240,SHP-10,COM,RFRCNT,2020-01-30,2020-02-26 08:44:00,6,2134.0,Vendor-A,SLXI-DRC,2019.0,GLW1185995,ACTIVE,6.0,1,1,0,20,6,5,5,1,3,1,53,114192.0,17,0.1132075471698113
FLI900769,900769,AST-1669,CIMCX,S-A53-05-188,2019,QCSC115241,SHP-10,COM,RFRCNT,2020-01-30,2020-02-26 08:45:00,6,2134.0,Vendor-A,SLXI-DRC,2019.0,GLW1185984,ACTIVE,6.0,1,1,0,15,1,0,10,4,0,1,55,125576.0,21,0.0181818181818181
FLI900770,900770,AST-1670,CIMCX,S-A53-05-188,2019,QCSC115242,SHP-10,COM,RFRCNT,2020-01-30,2020-02-26 08:45:00,6,2134.0,Vendor-A,SLXI-DRC,2019.0,GLW1185706,ACTIVE,6.0,1,1,0,11,0,6,1,2,2,0,50,116105.0,17,0.0
FLI900771,900771,AST-1671,CIMCX,S-A53-05-188,2019,QCSC115243,SHP-10,COM,RFRCNT,2020-01-30,2020-02-26 08:45:00,6,2134.0,Vendor-A,SLXI-DRC,2019.0,GLW1186006,ACTIVE,6.0,1,1,0,10,0,7,1,1,1,0,52,119376.0,20,0.0
FLI900772,900772,AST-1672,CIMCX,S-A53-05-188,2019,QCSC115244,SHP-10,COM,RFRCNT,2020-01-30,2020-02-26 08:45:00,6,2134.0,Vendor-A,SLXI-DRC,2019.0,GLW1185729,ACTIVE,6.0,1,1,0,8,0,7,1,0,0,0,62,138143.0,18,0.0
FLI900773,900773,AST-1673,CIMCX,S-A53-05-188,2019,QCSC115245,SHP-10,COM,RFRCNT,2020-01-30,2020-02-26 08:46:00,6,2134.0,Vendor-A,SLXI-DRC,2019.0,GLW1185500,ACTIVE,6.0,1,1,0,7,3,4,0,0,0,1,55,119113.0,21,0.0545454545454545
FLI900774,900774,AST-1674,CIMCX,S-A53-05-188,2019,QCSC115246,SHP-10,COM,RFRCNT,2020-01-30,2020-02-26 08:46:00,6,2134.0,Vendor-A,SLXI-DRC,2019.0,GLW1185502,ACTIVE,6.0,1,1,0,9,1,6,0,2,0,1,58,123258.0,23,0.0172413793103448
FLI900441,900441,AST-1380,CIMCX,S-A53-05-188,2016,QCSC 101567,SHP-10,COM,RFRCNT,2020-01-31,2020-02-25 15:33:00,9,2135.0,Vendor-A,S600,2016.0,6001213843,ACTIVE,9.0,0,1,0,0,0,0,0,0,0,0,60,134295.0,20,0.0
FLI900442,900442,AST-1381,CIMCX,S-A53-05-188,2016,QCSC 101568,SHP-10,COM,RFRCNT,2020-01-31,2020-02-25 15:33:00,9,2135.0,Vendor-A,S600,2016.0,6001215203,ACTIVE,9.0,0,1,0,3,0,2,0,0,1,0,56,121258.0,20,0.0
FLI900443,900443,AST-1382,CIMCX,S-A53-05-188,2016,QCSC 101569,SHP-10,COM,RFRCNT,2020-01-31,2020-02-25 15:33:00,9,2135.0,Vendor-A,S600,2016.0,6001215209,ACTIVE,9.0,0,1,0,4,4,0,0,0,0,1,64,139653.0,23,0.0625
FLI900444,900444,AST-1383,CIMCX,S-A53-05-188,2016,QCSC 101570,SHP-10,COM,RFRCNT,2020-01-31,2020-02-25 15:34:00,9,2135.0,Vendor-A,S600,2016.0,6001215205,ACTIVE,9.0,0,1,0,8,0,3,2,0,3,0,61,136424.0,16,0.0
FLI900445,900445,AST-1384,CIMCX,S-A53-05-188,2016,QCSC 101571,SHP-10,COM,RFRCNT,2020-01-31,2020-02-25 15:34:00,9,2135.0,Vendor-A,S600,2016.0,6001215229,ACTIVE,9.0,0,1,0,2,0,0,2,0,0,0,55,117047.0,21,0.0
FLI900446,900446,AST-1810,CIMCX,S-A53-05-188,2016,QCSC 101572,SHP-10,COM,RFRCNT,2020-01-31,2025-11-05 12:18:00,9,55.0,Vendor-B,7500 APX RL,2025.0,WAV91825085,ACTIVE,0.0,0,0,1,4,0,1,1,0,2,0,58,126121.0,21,0.0
FLI900447,900447,AST-1821,CIMCX,S-A53-05-188,2016,QCSC 101573,SHP-10,COM,RFRCNT,2020-01-31,2025-12-02 15:49:00,9,28.0,Vendor-B,7500 APX RL,2025.0,R9381,ACTIVE,0.0,0,0,1,0,0,0,0,0,0,0,63,124656.0,23,0.0
FLI900448,900448,AST-1385,CIMCX,S-A53-05-188,2016,QCSC 101574,SHP-10,COM,RFRCNT,2020-01-31,2020-02-25 15:34:00,9,2135.0,Vendor-A,S600,2016.0,6001215228,ACTIVE,9.0,0,1,0,2,2,0,0,0,0,1,54,118409.0,22,0.037037037037037
FLI900449,900449,AST-1386,CIMCX,S-A53-05-188,2016,QCSC 101575,SHP-10,COM,RFRCNT,2020-01-31,2020-02-25 15:35:00,9,2135.0,Vendor-A,S600,2016.0,6001213837,ACTIVE,9.0,0,1,0,0,0,0,0,0,0,0,60,131755.0,23,0.0
FLI900450,900450,AST-1387,CIMCX,S-A53-05-188,2016,QCSC 101576,SHP-10,COM,RFRCNT,2020-01-31,2020-02-25 15:35:00,9,2135.0,Vendor-A,S600,2016.0,6001213827,ACTIVE,9.0,0,1,0,4,0,4,0,0,0,0,57,116412.0,22,0.0
FLI900451,900451,AST-1388,CIMCX,S-A53-05-188,2016,QCSC 101577,SHP-10,COM,RFRCNT,2020-01-31,2020-02-25 15:35:00,9,2135.0,Vendor-A,S600,2016.0,6001215184,ACTIVE,9.0,0,1,0,2,1,0,1,0,0,1,58,114796.0,19,0.0172413793103448
FLI900452,900452,AST-1389,CIMCX,S-A53-05-188,2016,QCSC 101578,SHP-10,COM,RFRCNT,2020-01-31,2020-02-25 15:36:00,9,2135.0,Vendor-A,S600,2016.0,6001213822,ACTIVE,9.0,0,1,0,1,1,0,0,0,0,1,59,140807.0,23,0.0169491525423728
FLI900453,900453,AST-1390,CIMCX,S-A53-05-188,2016,QCSC 101579,SHP-10,COM,RFRCNT,2020-01-31,2020-02-25 15:36:00,9,2135.0,Vendor-A,S600,2016.0,6001215225,ACTIVE,9.0,0,1,0,7,2,0,2,3,0,1,59,128620.0,23,0.0338983050847457
FLI900454,900454,AST-1786,CIMCX,S-A53-05-188,2016,QCSC 101580,SHP-10,COM,RFRCNT,2020-01-31,2025-10-03 11:31:00,9,88.0,Vendor-B,7500 APX RL,2025.0,WAV91825097,ACTIVE,0.0,0,0,1,6,4,0,0,1,1,1,54,120626.0,18,0.074074074074074
FLI900455,900455,AST-1391,CIMCX,S-A53-05-188,2016,QCSC 101581,SHP-10,COM,RFRCNT,2020-01-31,2020-02-25 15:36:00,9,2135.0,Vendor-A,S600,2016.0,6001213862,ACTIVE,9.0,0,1,0,0,0,0,0,0,0,0,59,133780.0,20,0.0
FLI900456,900456,AST-1002,CIMCX,S-A53-05-188,2016,QCSC 101582,SHP-10,COM,RFRCNT,2020-01-31,2013-02-17 05:15:00,9,4699.0,Vendor-A,SB230,2012.0,6001107921,ACTIVE,13.0,0,1,0,4,0,2,1,1,0,0,54,115972.0,22,0.0
FLI900457,900457,AST-1392,CIMCX,S-A53-05-188,2016,QCSC 101583,SHP-10,COM,RFRCNT,2020-01-31,2020-02-25 15:38:00,9,2135.0,Vendor-A,S600,2016.0,6001215193,ACTIVE,9.0,0,1,0,5,1,4,0,0,0,1,55,117490.0,25,0.0181818181818181
FLI900458,900458,AST-1393,CIMCX,S-A53-05-188,2016,QCSC 101584,SHP-10,COM,RFRCNT,2020-01-31,2020-02-25 15:38:00,9,2135.0,Vendor-A,S600,2016.0,6001213838,ACTIVE,9.0,0,1,0,6,0,5,0,0,1,0,55,117225.0,23,0.0
FLI900459,900459,AST-1394,CIMCX,S-A53-05-188,2016,QCSC 101585,SHP-10,COM,RFRCNT,2020-01-31,2020-02-25 15:38:00,9,2135.0,Vendor-A,S600,2016.0,6001215180,ACTIVE,9.0,0,1,0,2,1,0,0,1,0,1,57,128247.0,17,0.0175438596491228
FLI900460,900460,AST-1395,CIMCX,S-A53-05-188,2016,QCSC 101586,SHP-10,COM,RFRCNT,2020-01-31,2020-02-25 15:38:00,9,2135.0,Vendor-A,S600,2016.0,6001215227,ACTIVE,9.0,0,1,0,1,0,0,1,0,0,0,56,125234.0,20,0.0
FLI900461,900461,AST-1396,CIMCX,S-A53-05-188,2016,QCSC 101587,SHP-10,COM,RFRCNT,2020-01-31,2020-02-25 15:39:00,9,2135.0,Vendor-A,S600,2016.0,6001213864,ACTIVE,9.0,0,1,0,0,0,0,0,0,0,0,62,123604.0,25,0.0
FLI900462,900462,AST-1397,CIMCX,S-A53-05-188,2016,QCSC 101588,SHP-10,COM,RFRCNT,2020-01-31,2020-02-25 15:39:00,9,2135.0,Vendor-A,S600,2016.0,6001213833,ACTIVE,9.0,0,1,0,1,1,0,0,0,0,1,59,129264.0,19,0.0169491525423728
FLI900463,900463,AST-1820,CIMCX,S-A53-05-188,2016,QCSC 101589,SHP-10,COM,RFRCNT,2020-01-31,2025-11-05 12:14:00,9,55.0,Vendor-B,7500 APX RL,2025.0,WAV91825010,ACTIVE,0.0,0,0,1,2,0,0,0,2,0,0,52,105731.0,23,0.0
FLI900464,900464,AST-1398,CIMCX,S-A53-05-188,2016,QCSC 101590,SHP-10,COM,RFRCNT,2020-01-31,2020-02-25 15:40:00,9,2135.0,Vendor-A,S600,2016.0,6001215207,ACTIVE,9.0,0,1,0,7,0,5,0,1,0,0,61,125196.0,22,0.0
FLI900465,900465,AST-1824,CIMCX,S-A53-05-188,2016,QCSC 101591,SHP-10,COM,RFRCNT,2020-01-31,2025-12-08 09:24:00,9,22.0,Vendor-B,7500 APX RL,2025.0,WAZ91834159,ACTIVE,0.0,0,0,1,1,0,0,0,1,0,0,58,126825.0,22,0.0
FLI900466,900466,AST-1399,CIMCX,S-A53-05-188,2016,QCSC 101592,SHP-10,COM,RFRCNT,2020-01-31,2020-02-25 15:40:00,9,2135.0,Vendor-A,S600,2016.0,6001215194,ACTIVE,9.0,0,1,0,6,0,0,4,2,0,0,57,120042.0,20,0.0
FLI900467,900467,AST-1400,CIMCX,S-A53-05-188,2016,QCSC 101593,SHP-10,COM,RFRCNT,2020-01-31,2020-02-25 15:40:00,9,2135.0,Vendor-A,S600,2016.0,6001213824,ACTIVE,9.0,0,1,0,1,1,0,0,0,0,1,58,124783.0,17,0.0172413793103448
FLI900468,900468,AST-1401,CIMCX,S-A53-05-188,2016,QCSC 101594,SHP-10,COM,RFRCNT,2020-01-31,2020-02-07 08:49:00,9,2153.0,Vendor-A,S600,2016.0,6001215191,ACTIVE,9.0,0,1,0,4,0,4,0,0,0,0,60,128894.0,18,0.0
FLI900469,900469,AST-1402,CIMCX,S-A53-05-188,2016,QCSC 101595,SHP-10,COM,RFRCNT,2020-01-31,2020-02-25 15:41:00,9,2135.0,Vendor-A,S600,2016.0,6001213835,ACTIVE,9.0,0,1,0,12,4,3,4,1,0,1,58,120172.0,22,0.0689655172413793
FLI900470,900470,AST-1403,CIMCX,S-A53-05-188,2016,QCSC 101596,SHP-10,COM,RFRCNT,2020-01-31,2020-02-25 15:41:00,9,2135.0,Vendor-A,S600,2016.0,6001215219,ACTIVE,9.0,0,1,0,4,0,0,0,4,0,0,68,140464.0,24,0.0
FLI900471,900471,AST-1404,CIMCX,S-A53-05-188,2016,QCSC 101597,SHP-10,COM,RFRCNT,2020-01-31,2020-02-25 15:41:00,9,2135.0,Vendor-A,S600,2016.0,6001213828,ACTIVE,9.0,0,1,0,1,0,0,1,0,0,0,61,131956.0,21,0.0
FLI900472,900472,AST-1483,CIMCX,S-A53-05-188,2016,QCSC 101598,SHP-10,COM,RFRCNT,2020-01-31,2020-02-25 16:08:00,9,2135.0,Vendor-A,S600,2016.0,6001203183,ACTIVE,9.0,0,1,0,3,0,1,2,0,0,0,55,121817.0,21,0.0
FLI900775,900775,AST-1675,CIMCX,S-A53-05-188,2019,QCSC115247,SHP-10,COM,RFRCNT,2020-02-02,2020-02-26 08:46:00,6,2134.0,Vendor-A,SLXI-DRC,2019.0,GLW1185994,ACTIVE,6.0,1,1,0,7,0,6,1,0,0,0,62,136432.0,18,0.0
FLI900776,900776,AST-1676,CIMCX,S-A53-05-188,2019,QCSC115248,SHP-10,COM,RFRCNT,2020-02-02,2020-02-26 08:47:00,6,2134.0,Vendor-A,SLXI-DRC,2019.0,GLW1185727,ACTIVE,6.0,1,1,0,14,6,5,3,0,0,1,56,126741.0,21,0.1071428571428571
FLI900777,900777,AST-1677,CIMCX,S-A53-05-188,2019,QCSC115249,SHP-10,COM,RFRCNT,2020-02-02,2020-02-26 08:47:00,6,2134.0,Vendor-A,SLXI-DRC,2019.0,GLW1185734,ACTIVE,6.0,1,1,0,11,4,4,2,1,0,1,61,122483.0,22,0.0655737704918032
FLI900778,900778,AST-1678,CIMCX,S-A53-05-188,2019,QCSC115250,SHP-10,COM,RFRCNT,2020-02-02,2020-02-26 08:47:00,6,2134.0,Vendor-A,SLXI-DRC,2019.0,GLW1185505,ACTIVE,6.0,1,1,0,11,1,2,6,2,0,1,52,112150.0,20,0.0192307692307692
FLI900779,900779,AST-1679,CIMCX,S-A53-05-188,2019,QCSC115252,SHP-10,COM,RFRCNT,2020-02-02,2020-02-26 08:47:00,6,2134.0,Vendor-A,SLXI-DRC,2019.0,GLW1185506,ACTIVE,6.0,1,1,0,10,1,5,3,0,0,1,63,142959.0,18,0.0158730158730158
FLI900780,900780,AST-1680,CIMCX,S-A53-05-188,2019,QCSC115253,SHP-10,COM,RFRCNT,2020-02-02,2020-02-26 08:48:00,6,2134.0,Vendor-A,SLXI-DRC,2019.0,GLW1186190,ACTIVE,6.0,1,1,0,8,1,6,1,0,0,1,60,127488.0,18,0.0166666666666666
FLI900781,900781,AST-1681,CIMCX,S-A53-05-188,2019,QCSC115254,SHP-10,COM,RFRCNT,2020-02-02,2020-02-26 08:48:00,6,2134.0,Vendor-A,SLXI-DRC,2019.0,GLW1186193,ACTIVE,6.0,1,1,0,18,3,8,6,1,0,1,50,105830.0,20,0.06
FLI900782,900782,AST-1682,CIMCX,S-A53-05-188,2019,QCSC115255,SHP-10,COM,RFRCNT,2020-02-02,2020-02-26 08:48:00,6,2134.0,Vendor-A,SLXI-DRC,2019.0,GLW1186004,ACTIVE,6.0,1,1,0,12,4,4,4,0,0,1,62,135342.0,16,0.064516129032258
FLI900783,900783,AST-1683,CIMCX,S-A53-05-188,2019,QCSC115256,SHP-10,COM,RFRCNT,2020-02-02,2020-02-26 08:48:00,6,2134.0,Vendor-A,SLXI-DRC,2019.0,GLW1185998,ACTIVE,6.0,1,1,0,10,2,3,2,0,3,1,59,116385.0,20,0.0338983050847457
FLI900784,900784,AST-1684,CIMCX,S-A53-05-188,2019,QCSC115257,SHP-10,COM,RFRCNT,2020-02-02,2020-02-26 08:48:00,6,2134.0,Vendor-A,SLXI-DRC,2019.0,GLW1185501,ACTIVE,6.0,1,1,0,4,0,2,0,2,0,0,49,101696.0,22,0.0
FLI900785,900785,AST-1685,CIMCX,S-A53-05-188,2019,QCSC115258,SHP-10,COM,RFRCNT,2020-02-02,2020-02-26 08:49:00,6,2134.0,Vendor-A,SLXI-DRC,2019.0,GLW1186181,ACTIVE,6.0,1,1,0,12,2,7,0,2,1,1,60,129203.0,18,0.0333333333333333
FLI900786,900786,AST-1686,CIMCX,S-A53-05-188,2019,QCSC115259,SHP-10,COM,RFRCNT,2020-02-02,2020-02-26 08:49:00,6,2134.0,Vendor-A,SLXI-DRC,2019.0,GLW1185722,ACTIVE,6.0,1,1,0,11,0,3,8,0,0,0,56,127143.0,17,0.0
FLI900787,900787,AST-1687,CIMCX,S-A53-05-188,2019,QCSC115260,SHP-10,COM,RFRCNT,2020-02-02,2020-02-26 08:49:00,6,2134.0,Vendor-A,SLXI-DRC,2019.0,GLW1185509,ACTIVE,6.0,1,1,0,15,5,0,0,10,0,1,57,122136.0,21,0.087719298245614
FLI900788,900788,AST-1688,CIMCX,S-A53-05-188,2019,QCSC115261,SHP-10,COM,RFRCNT,2020-02-02,2020-02-26 08:49:00,6,2134.0,Vendor-A,SLXI-DRC,2019.0,GLW1185730,ACTIVE,6.0,1,1,0,15,3,7,3,0,2,1,54,125148.0,17,0.0555555555555555
FLI900789,900789,AST-1689,CIMCX,S-A53-05-188,2019,QCSC115262,SHP-10,COM,RFRCNT,2020-02-02,2020-02-26 08:50:00,6,2134.0,Vendor-A,SLXI-DRC,2019.0,GLW1185992,ACTIVE,6.0,1,1,0,9,3,5,0,0,1,1,52,112578.0,18,0.0576923076923076
FLI900790,900790,AST-1690,CIMCX,S-A53-05-188,2019,QCSC115263,SHP-10,COM,RFRCNT,2020-02-02,2020-02-26 08:50:00,6,2134.0,Vendor-A,SLXI-DRC,2019.0,GLW1185715,ACTIVE,6.0,1,1,0,5,1,2,0,2,0,1,49,110220.0,17,0.0204081632653061
FLI900791,900791,AST-1691,CIMCX,S-A53-05-188,2019,QCSC115264,SHP-10,COM,RFRCNT,2020-02-02,2020-02-26 08:50:00,6,2134.0,Vendor-A,SLXI-DRC,2019.0,GLW1186192,ACTIVE,6.0,1,1,0,11,1,9,1,0,0,1,55,119777.0,22,0.0181818181818181
FLI900792,900792,AST-1692,CIMCX,S-A53-05-188,2019,QCSC115265,SHP-10,COM,RFRCNT,2020-02-02,2020-02-26 08:50:00,6,2134.0,Vendor-A,SLXI-DRC,2019.0,GLW1186198,ACTIVE,6.0,1,1,0,13,0,5,6,2,0,0,55,125124.0,19,0.0
FLI900793,900793,AST-1693,CIMCX,S-A53-05-188,2019,QCSC115266,SHP-10,COM,RFRCNT,2020-02-02,2020-02-26 08:51:00,6,2134.0,Vendor-A,SLXI-DRC,2019.0,GLW1186180,ACTIVE,6.0,1,1,0,10,2,6,0,0,2,1,56,128203.0,19,0.0357142857142857
FLI900794,900794,AST-1694,CIMCX,S-A53-05-188,2019,QCSC115267,SHP-10,COM,RFRCNT,2020-02-02,2020-02-26 08:51:00,6,2134.0,Vendor-A,SLXI-DRC,2019.0,GLW1185985,ACTIVE,6.0,1,1,0,9,1,4,2,2,0,1,57,129075.0,20,0.0175438596491228
FLI900795,900795,AST-1695,CIMCX,S-A53-05-188,2019,QCSC115268,SHP-10,COM,RFRCNT,2020-02-02,2020-02-26 08:51:00,6,2134.0,Vendor-A,SLXI-DRC,2019.0,GLW1186191,ACTIVE,6.0,1,1,0,18,1,5,9,3,0,1,61,138905.0,20,0.0163934426229508
FLI900796,900796,AST-1696,CIMCX,S-A53-05-188,2019,QCSC115269,SHP-10,COM,RFRCNT,2020-02-02,2020-02-26 08:51:00,6,2134.0,Vendor-A,SLXI-DRC,2019.0,GLW1185705,ACTIVE,6.0,1,1,0,8,0,2,6,0,0,0,57,114284.0,19,0.0
FLI900797,900797,AST-1697,CIMCX,S-A53-05-188,2019,QCSC115270,SHP-10,COM,RFRCNT,2020-02-02,2020-02-26 08:52:00,6,2134.0,Vendor-A,SLXI-DRC,2019.0,GLW1185503,ACTIVE,6.0,1,1,0,5,0,4,1,0,0,0,57,115964.0,23,0.0
FLI900798,900798,AST-1698,CIMCX,S-A53-05-188,2019,QCSC115271,SHP-10,COM,RFRCNT,2020-02-02,2020-02-26 08:52:00,6,2134.0,Vendor-A,SLXI-DRC,2019.0,GLW1186195,ACTIVE,6.0,1,1,0,12,1,10,0,0,1,1,62,123865.0,20,0.0161290322580645
FLI900799,900799,AST-1699,CIMCX,S-A53-05-188,2019,QCSC115272,SHP-10,COM,RFRCNT,2020-02-02,2020-02-26 08:52:00,6,2134.0,Vendor-A,SLXI-DRC,2019.0,GLW1185986,ACTIVE,6.0,1,1,0,13,8,5,0,0,0,1,60,131883.0,17,0.1333333333333333
FLI900800,900800,AST-1700,CIMCX,S-A53-05-188,2019,QCSC115273,SHP-10,COM,RFRCNT,2020-02-02,2020-02-26 08:52:00,6,2134.0,Vendor-A,SLXI-DRC,2019.0,GLW1185513,ACTIVE,6.0,1,1,0,7,0,4,3,0,0,0,53,116931.0,21,0.0
FLI900801,900801,AST-1701,CIMCX,S-A53-05-188,2019,QCSC115274,SHP-10,COM,RFRCNT,2020-02-02,2020-02-26 08:52:00,6,2134.0,Vendor-A,SLXI-DRC,2019.0,GLW1186179,ACTIVE,6.0,1,1,0,8,0,8,0,0,0,0,52,118829.0,19,0.0
FLI900802,900802,AST-1702,CIMCX,S-A53-05-188,2019,QCSC115275,SHP-10,COM,RFRCNT,2020-02-02,2020-02-26 08:52:00,6,2134.0,Vendor-A,SLXI-DRC,2019.0,GLW1186007,ACTIVE,6.0,1,1,0,14,1,9,4,0,0,1,56,121355.0,22,0.0178571428571428
FLI900803,900803,AST-1703,CIMCX,S-A53-05-188,2019,QCSC115276,SHP-10,COM,RFRCNT,2020-02-02,2020-02-26 08:53:00,6,2134.0,Vendor-A,SLXI-DRC,2019.0,GLW1185725,ACTIVE,6.0,1,1,0,12,4,1,7,0,0,1,58,126189.0,17,0.0689655172413793
FLI900804,900804,AST-1704,CIMCX,S-A53-05-188,2019,QCSC115277,SHP-10,COM,RFRCNT,2020-02-02,2020-02-26 08:53:00,6,2134.0,Vendor-A,SLXI-DRC,2019.0,GLW1185981,ACTIVE,6.0,1,1,0,6,1,2,3,0,0,1,63,138113.0,19,0.0158730158730158
FLI900805,900805,AST-1705,CIMCX,S-A53-05-188,2019,QCSC115279,SHP-10,COM,RFRCNT,2020-02-02,2020-02-26 08:53:00,6,2134.0,Vendor-A,SLXI-DRC,2019.0,GLW1185504,ACTIVE,6.0,1,1,0,11,3,4,2,2,0,1,62,134525.0,21,0.0483870967741935
FLI900806,900806,AST-1706,CIMCX,S-A53-05-188,2019,QCSC115280,SHP-10,COM,RFRCNT,2020-02-02,2020-02-26 08:54:00,6,2134.0,Vendor-A,SLXI-DRC,2019.0,GLW1186189,ACTIVE,6.0,1,1,0,10,1,5,4,0,0,1,58,116678.0,18,0.0172413793103448
FLI900807,900807,AST-1707,CIMCX,S-A53-05-188,2019,QCSC115281,SHP-10,COM,RFRCNT,2020-02-02,2020-02-26 08:54:00,6,2134.0,Vendor-A,SLXI-DRC,2019.0,GLW1186176,ACTIVE,6.0,1,1,0,9,1,3,0,1,4,1,52,126797.0,19,0.0192307692307692
FLI900808,900808,AST-1708,CIMCX,S-A53-05-188,2019,QCSC115282,SHP-10,COM,RFRCNT,2020-02-02,2020-02-26 08:54:00,6,2134.0,Vendor-A,SLXI-DRC,2019.0,GLW1185707,ACTIVE,6.0,1,1,0,10,0,4,1,0,5,0,67,134856.0,22,0.0
FLI900809,900809,AST-1709,CIMCX,S-A53-05-188,2019,QCSC115283,SHP-10,COM,RFRCNT,2020-02-02,2020-02-26 08:54:00,6,2134.0,Vendor-A,SLXI-DRC,2019.0,GLW1185982,ACTIVE,6.0,1,1,0,8,3,5,0,0,0,1,54,109103.0,16,0.0555555555555555
FLI900810,900810,AST-1710,CIMCX,S-A53-05-188,2019,QCSC115284,SHP-10,COM,RFRCNT,2020-02-02,2020-02-26 08:54:00,6,2134.0,Vendor-A,SLXI-DRC,2019.0,GLW1185716,ACTIVE,6.0,1,1,0,14,3,5,4,2,0,1,58,126969.0,17,0.0517241379310344
FLI900811,900811,AST-1711,CIMCX,S-A53-05-188,2019,QCSC115285,SHP-10,COM,RFRCNT,2020-02-02,2020-02-26 08:55:00,6,2134.0,Vendor-A,SLXI-DRC,2019.0,GLW1185711,ACTIVE,6.0,1,1,0,17,0,6,6,5,0,0,64,140286.0,21,0.0
FLI900812,900812,AST-1712,CIMCX,S-A53-05-188,2019,QCSC115286,SHP-10,COM,RFRCNT,2020-02-02,2020-02-26 08:55:00,6,2134.0,Vendor-A,SLXI-DRC,2019.0,GLW1185512,ACTIVE,6.0,1,1,0,4,0,3,1,0,0,0,60,137692.0,16,0.0
FLI900813,900813,AST-1713,CIMCX,S-A53-05-188,2019,QCSC115287,SHP-10,COM,RFRCNT,2020-02-02,2020-02-26 08:55:00,6,2134.0,Vendor-A,SLXI-DRC,2019.0,GLW1185728,ACTIVE,6.0,1,1,0,8,1,2,0,5,0,1,51,106493.0,21,0.0196078431372549
FLI900814,900814,AST-1714,CIMCX,S-A53-05-188,2019,QCSC115288,SHP-10,COM,RFRCNT,2020-02-02,2020-02-26 08:55:00,6,2134.0,Vendor-A,SLXI-DRC,2019.0,GLW1186201,ACTIVE,6.0,1,1,0,6,2,3,1,0,0,1,57,115649.0,21,0.0350877192982456
FLI900815,900815,AST-1715,CIMCX,S-A53-05-188,2019,QCSC115289,SHP-10,COM,RFRCNT,2020-02-02,2020-02-26 08:55:00,6,2134.0,Vendor-A,SLXI-DRC,2019.0,GLW1186197,ACTIVE,6.0,1,1,0,7,3,1,3,0,0,1,52,110815.0,19,0.0576923076923076
FLI900816,900816,AST-1716,CIMCX,S-A53-05-188,2019,QCSC115290,SHP-10,COM,RFRCNT,2020-02-02,2020-02-26 08:56:00,6,2134.0,Vendor-A,SLXI-DRC,2019.0,GLW1185979,ACTIVE,6.0,1,1,0,18,9,9,0,0,0,1,50,102350.0,15,0.18
FLI900817,900817,AST-1717,CIMCX,S-A53-05-188,2019,QCSC115291,SHP-10,COM,RFRCNT,2020-02-02,2020-02-26 08:56:00,6,2134.0,Vendor-A,SLXI-DRC,2019.0,GLW1186202,ACTIVE,6.0,1,1,0,6,0,4,2,0,0,0,55,119922.0,15,0.0
FLI900818,900818,AST-1718,CIMCX,S-A53-05-188,2019,QCSC115292,SHP-10,COM,RFRCNT,2020-02-02,2020-02-26 08:56:00,6,2134.0,Vendor-A,SLXI-DRC,2019.0,GLW1186196,ACTIVE,6.0,1,1,0,12,4,5,3,0,0,1,58,133756.0,16,0.0689655172413793
FLI900819,900819,AST-1719,CIMCX,S-A53-05-188,2019,QCSC115293,SHP-10,COM,RFRCNT,2020-02-02,2020-02-26 08:57:00,6,2134.0,Vendor-A,SLXI-DRC,2019.0,GLW1185990,ACTIVE,6.0,1,1,0,9,1,4,4,0,0,1,57,108922.0,21,0.0175438596491228
FLI900820,900820,AST-1720,CIMCX,S-A53-05-188,2019,QCSC115294,SHP-10,COM,RFRCNT,2020-02-02,2020-02-26 08:57:00,6,2134.0,Vendor-A,SLXI-DRC,2019.0,GLW1186187,ACTIVE,6.0,1,1,0,17,4,8,5,0,0,1,54,108204.0,20,0.074074074074074
FLI900821,900821,AST-1721,CIMCX,S-A53-05-188,2019,QCSC115295,SHP-10,COM,RFRCNT,2020-02-02,2020-02-26 08:57:00,6,2134.0,Vendor-A,SLXI-DRC,2019.0,GLW1185508,ACTIVE,6.0,1,1,0,4,2,1,0,1,0,1,52,116172.0,21,0.0384615384615384
FLI900822,900822,AST-1722,CIMCX,S-A53-05-188,2019,QCSC115296,SHP-10,COM,RFRCNT,2020-02-02,2020-02-26 08:57:00,6,2134.0,Vendor-A,SLXI-DRC,2019.0,GLW1186178,ACTIVE,6.0,1,1,0,10,3,5,0,2,0,1,57,123452.0,19,0.0526315789473684
FLI900823,900823,AST-1723,CIMCX,S-A53-05-188,2019,QCSC115297,SHP-10,COM,RFRCNT,2020-02-02,2020-02-26 08:57:00,6,2134.0,Vendor-A,SLXI-DRC,2019.0,GLW1185499,ACTIVE,6.0,1,1,0,9,3,6,0,0,0,1,59,122024.0,19,0.0508474576271186
FLI900824,900824,AST-1724,CIMCX,S-A53-05-188,2019,QCSC115298,SHP-10,COM,RFRCNT,2020-02-02,2020-02-26 08:58:00,6,2134.0,Vendor-A,SLXI-DRC,2019.0,GLW1186185,ACTIVE,6.0,1,1,0,12,0,10,2,0,0,0,60,123087.0,23,0.0
FLI900825,900825,AST-1725,CIMCX,S-A53-05-188,2019,QCSC115299,SHP-10,COM,RFRCNT,2020-02-02,2020-02-26 08:58:00,6,2134.0,Vendor-A,SLXI-DRC,2019.0,GLW1186184,ACTIVE,6.0,1,1,0,13,4,4,0,4,1,1,60,127124.0,20,0.0666666666666666
FLI900826,900826,AST-1726,CIMCX,S-A53-05-188,2019,QCSC115300,SHP-10,COM,RFRCNT,2020-02-02,2020-02-26 08:58:00,6,2134.0,Vendor-A,SLXI-DRC,2019.0,GLW1185495,ACTIVE,6.0,1,1,0,10,3,5,1,0,1,1,61,140663.0,18,0.0491803278688524
FLI900827,900827,AST-1727,CIMCX,S-A53-05-188,2019,QCSC115301,SHP-10,COM,RFRCNT,2020-02-02,2020-02-26 08:58:00,6,2134.0,Vendor-A,SLXI-DRC,2019.0,GLW1185988,ACTIVE,6.0,1,1,0,16,4,6,4,0,2,1,54,121880.0,19,0.074074074074074
FLI900828,900828,AST-1728,CIMCX,S-A53-05-188,2019,QCSC115302,SHP-10,COM,RFRCNT,2020-02-02,2020-02-26 08:59:00,6,2134.0,Vendor-A,SLXI-DRC,2019.0,GLW1185978,ACTIVE,6.0,1,1,0,10,3,7,0,0,0,1,57,125844.0,14,0.0526315789473684
FLI900829,900829,AST-1729,CIMCX,S-A53-05-188,2019,QCSC115303,SHP-10,COM,RFRCNT,2020-02-02,2020-02-26 08:59:00,6,2134.0,Vendor-A,SLXI-DRC,2019.0,GLW1186199,ACTIVE,6.0,1,1,0,13,9,3,1,0,0,1,60,131125.0,18,0.15
FLI900830,900830,AST-1730,CIMCX,S-A53-05-188,2019,QCSC115304,SHP-10,COM,RFRCNT,2020-02-02,2020-02-26 08:59:00,6,2134.0,Vendor-A,SLXI-DRC,2019.0,GLW1186182,ACTIVE,6.0,1,1,0,13,0,7,6,0,0,0,48,112038.0,18,0.0
FLI900831,900831,AST-1731,CIMCX,S-A53-05-188,2019,QCSC115306,SHP-10,COM,RFRCNT,2020-02-02,2020-02-26 09:00:00,6,2134.0,Vendor-A,SLXI-DRC,2019.0,GLW1186186,ACTIVE,6.0,1,1,0,9,1,6,2,0,0,1,59,124579.0,19,0.0169491525423728
FLI900832,900832,AST-1732,CIMCX,S-A53-05-188,2019,QCSC115307,SHP-10,COM,RFRCNT,2020-02-02,2020-02-26 09:00:00,6,2134.0,Vendor-A,SLXI-DRC,2019.0,GLW1185733,ACTIVE,6.0,1,1,0,9,1,2,4,1,1,1,52,108164.0,21,0.0192307692307692
FLI900833,900833,AST-1733,CIMCX,S-A53-05-188,2019,QCSC115308,SHP-10,COM,RFRCNT,2020-02-02,2020-02-26 09:00:00,6,2134.0,Vendor-A,SLXI-DRC,2019.0,GLW1185713,ACTIVE,6.0,1,1,0,12,0,12,0,0,0,0,54,115850.0,15,0.0
FLI900834,900834,AST-1734,CIMCX,S-A53-05-188,2019,QCSC115309,SHP-10,COM,RFRCNT,2020-02-02,2020-02-26 09:00:00,6,2134.0,Vendor-A,SLXI-DRC,2019.0,GLW1186183,ACTIVE,6.0,1,1,0,9,1,6,2,0,0,1,55,112942.0,25,0.0181818181818181
FLI900835,900835,AST-1735,CIMCX,S-A53-05-188,2019,QCSC115310,SHP-10,COM,RFRCNT,2020-02-02,2020-02-26 09:00:00,6,2134.0,Vendor-A,SLXI-DRC,2019.0,GLW1185494,ACTIVE,6.0,1,1,0,21,5,1,8,6,1,1,59,130196.0,15,0.0847457627118644
FLI900836,900836,AST-1736,CIMCX,S-A53-05-188,2019,QCSC115311,SHP-10,COM,RFRCNT,2020-02-02,2020-02-26 09:01:00,6,2134.0,Vendor-A,SLXI-DRC,2019.0,GLW1186000,ACTIVE,6.0,1,1,0,7,0,5,2,0,0,0,56,129355.0,21,0.0
FLI900837,900837,AST-1737,CIMCX,S-A53-05-188,2019,QCSC115312,SHP-10,COM,RFRCNT,2020-02-02,2020-02-26 09:01:00,6,2134.0,Vendor-A,SLXI-DRC,2019.0,GLW1185496,ACTIVE,6.0,1,1,0,11,0,6,2,3,0,0,56,115646.0,21,0.0
FLI900838,900838,AST-1738,CIMCX,S-A53-05-188,2019,QCSC115313,SHP-10,COM,RFRCNT,2020-02-02,2020-02-26 09:01:00,6,2134.0,Vendor-A,SLXI-DRC,2019.0,GLW1185719,ACTIVE,6.0,1,1,0,15,2,5,1,7,0,1,50,110235.0,20,0.04
FLI900839,900839,AST-1739,CIMCX,S-A53-05-188,2019,QCSC115314,SHP-10,COM,RFRCNT,2020-02-02,2020-02-26 09:01:00,6,2134.0,Vendor-A,SLXI-DRC,2019.0,GLW1185987,ACTIVE,6.0,1,1,0,12,4,5,1,0,2,1,57,117776.0,22,0.0701754385964912
FLI900840,900840,AST-1740,CIMCX,S-A53-05-188,2019,QCSC115315,SHP-10,COM,RFRCNT,2020-02-02,2020-02-26 09:02:00,6,2134.0,Vendor-A,SLXI-DRC,2019.0,GLW1185708,ACTIVE,6.0,1,1,0,8,3,2,0,3,0,1,56,125259.0,15,0.0535714285714285
FLI900841,900841,AST-1198,CIMCX,S-A53-05-188,2019,QCSC115316,SHP-10,COM,RFRCNT,2020-02-02,2018-08-02 12:25:00,6,2707.0,Vendor-A,SLXI-DRC,2018.0,GLW1158707,ACTIVE,7.0,1,1,0,4,0,4,0,0,0,0,51,114419.0,19,0.0
FLI900842,900842,AST-1741,CIMCX,S-A53-05-188,2019,QCSC115317,SHP-10,COM,RFRCNT,2020-02-02,2020-02-26 09:02:00,6,2134.0,Vendor-A,SLXI-DRC,2019.0,GLW1186203,ACTIVE,6.0,1,1,0,7,0,7,0,0,0,0,57,119964.0,20,0.0
FLI900843,900843,AST-1742,CIMCX,S-A53-05-188,2019,QCSC115318,SHP-10,COM,RFRCNT,2020-02-02,2020-02-26 09:02:00,6,2134.0,Vendor-A,SLXI-DRC,2019.0,GLW1185720,ACTIVE,6.0,1,1,0,8,0,4,0,3,1,0,59,130330.0,18,0.0
FLI900844,900844,AST-1743,CIMCX,S-A53-05-188,2019,QCSC115319,SHP-10,COM,RFRCNT,2020-02-02,2020-02-26 09:02:00,6,2134.0,Vendor-A,SLXI-DRC,2019.0,GLW1186200,ACTIVE,6.0,1,1,0,17,3,6,5,3,0,1,58,127632.0,16,0.0517241379310344
FLI900845,900845,AST-1744,CIMCX,S-A53-05-188,2019,QCSC115320,SHP-10,COM,RFRCNT,2020-02-02,2020-02-26 09:03:00,6,2134.0,Vendor-A,SLXI-DRC,2019.0,GLW1185510,ACTIVE,6.0,1,1,0,13,3,5,2,2,1,1,56,130183.0,19,0.0535714285714285
FLI900846,900846,AST-1745,CIMCX,S-A53-05-188,2019,QCSC115321,SHP-10,COM,RFRCNT,2020-02-02,2020-02-26 09:03:00,6,2134.0,Vendor-A,SLXI-DRC,2019.0,GLW1185497,ACTIVE,6.0,1,1,0,12,1,11,0,0,0,1,58,126505.0,16,0.0172413793103448
FLI900847,900847,AST-1746,CIMCX,S-A53-05-188,2019,QCSC115322,SHP-10,COM,RFRCNT,2020-02-02,2020-02-26 09:03:00,6,2134.0,Vendor-A,SLXI-DRC,2019.0,GLW1185993,ACTIVE,6.0,1,1,0,3,2,0,0,0,1,1,60,132820.0,22,0.0333333333333333
FLI900848,900848,AST-1747,CIMCX,S-A53-05-188,2019,QCSC115323,SHP-10,COM,RFRCNT,2020-02-02,2020-02-26 09:03:00,6,2134.0,Vendor-A,SLXI-DRC,2019.0,GLW1185723,ACTIVE,6.0,1,1,0,16,8,5,3,0,0,1,61,125488.0,18,0.1311475409836065
FLI900473,900473,AST-1804,CIMCX,S-A53-05-188,2016,QCSC 101599,SHP-10,COM,RFRCNT,2020-02-03,2026-01-06 14:17:00,9,-7.0,Vendor-B,7500 APX RL,2025.0,WAZ91834424,ACTIVE,0.0,0,0,1,3,0,3,0,0,0,0,57,122453.0,20,0.0
FLI900474,900474,AST-1405,CIMCX,S-A53-05-188,2016,QCSC 101600,SHP-10,COM,RFRCNT,2020-02-03,2020-02-25 15:42:00,9,2135.0,Vendor-A,S600,2016.0,6001215185,ACTIVE,9.0,0,1,0,4,3,1,0,0,0,1,58,125372.0,24,0.0517241379310344
FLI900475,900475,AST-1406,CIMCX,S-A53-05-188,2016,QCSC 101601,SHP-10,COM,RFRCNT,2020-02-03,2020-02-25 15:42:00,9,2135.0,Vendor-A,S600,2016.0,6001215201,ACTIVE,9.0,0,1,0,11,0,0,0,0,11,0,57,126386.0,22,0.0
FLI900476,900476,AST-1787,CIMCX,S-A53-05-188,2016,QCSC 101602,SHP-10,COM,RFRCNT,2020-02-03,2025-10-07 15:17:00,9,84.0,Vendor-B,7500 APX RL,2025.0,WAV91825091,ACTIVE,0.0,0,0,1,3,3,0,0,0,0,1,60,131231.0,23,0.05
FLI900477,900477,AST-1828,CIMCX,S-A53-05-188,2016,QCSC 101603,SHP-10,COM,RFRCNT,2020-02-03,2026-02-06 12:51:00,9,-38.0,Vendor-B,7500 APX RL,2025.0,XAA91835160,ACTIVE,0.0,0,0,1,2,1,0,0,1,0,1,53,120297.0,16,0.0188679245283018
FLI900478,900478,AST-1407,CIMCX,S-A53-05-188,2016,QCSC 101604,SHP-10,COM,RFRCNT,2020-02-03,2020-02-25 15:44:00,9,2135.0,Vendor-A,S600,2016.0,6001215217,ACTIVE,9.0,0,1,0,3,0,0,2,0,1,0,57,126640.0,20,0.0
FLI900479,900479,AST-1408,CIMCX,S-A53-05-188,2016,QCSC 101605,SHP-10,COM,RFRCNT,2020-02-03,2020-02-25 15:44:00,9,2135.0,Vendor-A,S600,2016.0,6001215226,ACTIVE,9.0,0,1,0,3,1,0,2,0,0,1,57,119483.0,20,0.0175438596491228
FLI900480,900480,AST-1409,CIMCX,S-A53-05-188,2016,QCSC 101606,SHP-10,COM,RFRCNT,2020-02-03,2020-02-25 15:44:00,9,2135.0,Vendor-A,S600,2016.0,6001213848,ACTIVE,9.0,0,1,0,2,0,2,0,0,0,0,54,114875.0,26,0.0
FLI900481,900481,AST-1410,CIMCX,S-A53-05-188,2016,QCSC 101607,SHP-10,COM,RFRCNT,2020-02-03,2020-02-25 15:45:00,9,2135.0,Vendor-A,S600,2016.0,6001215220,ACTIVE,9.0,0,1,0,4,0,4,0,0,0,0,61,134507.0,17,0.0
FLI900482,900482,AST-1411,CIMCX,S-A53-05-188,2016,QCSC 101608,SHP-10,COM,RFRCNT,2020-02-03,2020-02-25 15:45:00,9,2135.0,Vendor-A,S600,2016.0,6001215181,ACTIVE,9.0,0,1,0,1,0,1,0,0,0,0,61,132688.0,19,0.0
FLI900483,900483,AST-1285,CIMCX,S-A53-05-188,2016,QCSC 101609,SHP-10,COM,RFRCNT,2020-02-03,2020-02-25 11:00:00,9,2135.0,Vendor-A,S600,2016.0,6001203201,ACTIVE,9.0,0,1,0,5,0,4,0,0,1,0,60,125367.0,21,0.0
FLI900484,900484,AST-1412,CIMCX,S-A53-05-188,2016,QCSC 101611,SHP-10,COM,RFRCNT,2020-02-03,2020-02-25 15:46:00,9,2135.0,Vendor-A,S600,2016.0,6001215200,ACTIVE,9.0,0,1,0,3,0,3,0,0,0,0,55,130019.0,15,0.0
FLI900485,900485,AST-1413,CIMCX,S-A53-05-188,2016,QCSC 101612,SHP-10,COM,RFRCNT,2020-02-03,2020-02-25 15:46:00,9,2135.0,Vendor-A,S600,2016.0,6001215210,ACTIVE,9.0,0,1,0,6,0,6,0,0,0,0,55,115828.0,17,0.0
FLI900486,900486,AST-1414,CIMCX,S-A53-05-188,2016,QCSC 101613,SHP-10,COM,RFRCNT,2020-02-03,2020-02-25 15:46:00,9,2135.0,Vendor-A,S600,2016.0,6001215224,ACTIVE,9.0,0,1,0,9,0,2,0,7,0,0,56,124000.0,19,0.0
FLI900487,900487,AST-1415,CIMCX,S-A53-05-188,2016,QCSC 101614,SHP-10,COM,RFRCNT,2020-02-03,2020-02-25 15:46:00,9,2135.0,Vendor-A,S600,2016.0,6001215186,ACTIVE,9.0,0,1,0,3,1,0,0,2,0,1,54,110848.0,18,0.0185185185185185
FLI900488,900488,AST-1416,CIMCX,S-A53-05-188,2016,QCSC 101615,SHP-10,COM,RFRCNT,2020-02-03,2020-02-25 15:47:00,9,2135.0,Vendor-A,S600,2016.0,6001215198,ACTIVE,9.0,0,1,0,13,1,1,10,0,1,1,56,121554.0,22,0.0178571428571428
FLI900489,900489,AST-1814,CIMCX,S-A53-05-188,2016,QCSC 101616,SHP-10,COM,RFRCNT,2020-02-03,2025-11-05 11:53:00,9,55.0,Vendor-B,7500 APX RL,2025.0,WAV91825089,ACTIVE,0.0,0,0,1,0,0,0,0,0,0,0,62,127728.0,26,0.0
FLI900490,900490,AST-1417,CIMCX,S-A53-05-188,2016,QCSC 101617,SHP-10,COM,RFRCNT,2020-02-03,2020-02-25 15:47:00,9,2135.0,Vendor-A,S600,2016.0,6001213860,ACTIVE,9.0,0,1,0,3,2,0,0,1,0,1,60,122776.0,22,0.0333333333333333
FLI900491,900491,AST-1418,CIMCX,S-A53-05-188,2016,QCSC 101618,SHP-10,COM,RFRCNT,2020-02-03,2020-02-25 15:47:00,9,2135.0,Vendor-A,S600,2016.0,6001213853,ACTIVE,9.0,0,1,0,4,3,0,0,1,0,1,52,112318.0,16,0.0576923076923076
FLI900492,900492,AST-1419,CIMCX,S-A53-05-188,2016,QCSC 101620,SHP-10,COM,RFRCNT,2020-02-03,2025-10-03 11:29:00,9,88.0,Vendor-A,S600,2016.0,6001213854,ACTIVE,9.0,0,1,0,0,0,0,0,0,0,0,63,132308.0,23,0.0
FLI900493,900493,AST-1420,CIMCX,S-A53-05-188,2016,QCSC 101621,SHP-10,COM,RFRCNT,2020-02-03,2020-02-25 15:48:00,9,2135.0,Vendor-A,S600,2016.0,6001213842,ACTIVE,9.0,0,1,0,1,0,0,0,0,1,0,53,122305.0,22,0.0
FLI900494,900494,AST-1834,CIMCX,S-A53-05-188,2016,QCSC 101622,SHP-10,COM,RFRCNT,2020-02-03,2026-01-12 14:49:00,9,-13.0,Vendor-B,7500 APX RL,2025.0,WAZ91834170,ACTIVE,0.0,0,0,1,9,0,6,1,2,0,0,56,116981.0,21,0.0
FLI900495,900495,AST-1273,CIMCX,S-A53-05-188,2016,QCSC 101623,SHP-10,COM,RFRCNT,2020-02-03,2019-10-28 08:57:00,9,2255.0,Vendor-A,C-600M,2020.0,6001299241,ACTIVE,5.0,0,1,0,15,1,0,0,0,14,1,57,121718.0,20,0.0175438596491228
FLI900496,900496,AST-1788,CIMCX,S-A53-05-188,2016,QCSC 101624,SHP-10,COM,RFRCNT,2020-02-03,2025-09-22 13:38:00,9,99.0,Vendor-B,7500 APX RL,2025.0,WAV91825098,ACTIVE,0.0,0,0,1,4,2,1,0,0,1,1,54,113347.0,20,0.037037037037037
FLI900497,900497,AST-1421,CIMCX,S-A53-05-188,2016,QCSC 101625,SHP-10,COM,RFRCNT,2020-02-03,2020-02-25 15:49:00,9,2135.0,Vendor-A,S600,2016.0,6001215196,ACTIVE,9.0,0,1,0,0,0,0,0,0,0,0,57,131727.0,15,0.0
FLI900498,900498,AST-1422,CIMCX,S-A53-05-188,2016,QCSC 101626,SHP-10,COM,RFRCNT,2020-02-03,2020-02-25 15:49:00,9,2135.0,Vendor-A,S600,2016.0,6001215197,ACTIVE,9.0,0,1,0,8,0,4,1,3,0,0,51,113673.0,17,0.0
FLI900499,900499,AST-1423,CIMCX,S-A53-05-188,2016,QCSC 101627,SHP-10,COM,RFRCNT,2020-02-03,2020-02-25 15:49:00,9,2135.0,Vendor-A,S600,2016.0,6001215195,ACTIVE,9.0,0,1,0,3,0,0,2,1,0,0,61,127574.0,20,0.0
FLI900500,900500,AST-1424,CIMCX,S-A53-05-188,2016,QCSC 101628,SHP-10,COM,RFRCNT,2020-02-03,2020-02-25 15:49:00,9,2135.0,Vendor-A,S600,2016.0,6001213845,ACTIVE,9.0,0,1,0,3,1,0,0,1,1,1,49,101768.0,18,0.0204081632653061
FLI900501,900501,AST-1425,CIMCX,S-A53-05-188,2016,QCSC 101629,SHP-10,COM,RFRCNT,2020-02-03,2020-02-25 15:49:00,9,2135.0,Vendor-A,S600,2016.0,6001213861,ACTIVE,9.0,0,1,0,6,0,0,5,1,0,0,55,118970.0,22,0.0
FLI900502,900502,AST-1817,CIMCX,S-A53-05-188,2016,QCSC 101630,SHP-10,COM,RFRCNT,2020-02-03,2025-10-27 15:45:00,9,64.0,Vendor-B,7500 APX RL,2025.0,WAV91825006,ACTIVE,0.0,0,0,1,1,0,0,0,1,0,0,58,125358.0,22,0.0
FLI900503,900503,AST-1426,CIMCX,S-A53-05-188,2016,QCSC 101631,SHP-10,COM,RFRCNT,2020-02-03,2020-02-25 15:50:00,9,2135.0,Vendor-A,S600,2016.0,6001213868,ACTIVE,9.0,0,1,0,5,0,2,3,0,0,0,58,123679.0,20,0.0
FLI900504,900504,AST-1427,CIMCX,S-A53-05-188,2016,QCSC 101632,SHP-10,COM,RFRCNT,2020-02-03,2020-02-25 15:50:00,9,2135.0,Vendor-A,S600,2016.0,6001213829,ACTIVE,9.0,0,1,0,2,0,2,0,0,0,0,59,123272.0,22,0.0
FLI900505,900505,AST-1428,CIMCX,S-A53-05-188,2016,QCSC 101633,SHP-10,COM,RFRCNT,2020-02-03,2020-02-25 15:50:00,9,2135.0,Vendor-A,S600,2016.0,6001215189,ACTIVE,9.0,0,1,0,3,2,0,0,1,0,1,59,134429.0,20,0.0338983050847457
FLI900506,900506,AST-1003,CIMCX,S-A53-05-188,2016,QCSC 101634,SHP-10,COM,RFRCNT,2020-02-03,2013-02-17 05:15:00,9,4699.0,Vendor-A,SB230,2012.0,6001107919,ACTIVE,13.0,0,1,0,4,0,0,1,0,3,0,60,126910.0,20,0.0
FLI900507,900507,AST-1430,CIMCX,S-A53-05-188,2016,QCSC 101635,SHP-10,COM,RFRCNT,2020-02-03,2020-02-25 15:52:00,9,2135.0,Vendor-A,S600,2016.0,6001213858,ACTIVE,9.0,0,1,0,1,0,0,1,0,0,0,63,135662.0,22,0.0
FLI900508,900508,AST-1431,CIMCX,S-A53-05-188,2016,QCSC 101636,SHP-10,COM,RFRCNT,2020-02-03,2020-02-25 15:52:00,9,2135.0,Vendor-A,S600,2016.0,6001213840,ACTIVE,9.0,0,1,0,2,0,0,0,0,2,0,57,115934.0,18,0.0
FLI900509,900509,AST-1432,CIMCX,S-A53-05-188,2016,QCSC 101637,SHP-10,COM,RFRCNT,2020-02-03,2020-02-25 15:53:00,9,2135.0,Vendor-A,S600,2016.0,6001215211,ACTIVE,9.0,0,1,0,3,1,1,0,0,0,1,53,116984.0,18,0.0188679245283018
FLI900510,900510,AST-1433,CIMCX,S-A53-05-188,2016,QCSC 101638,SHP-10,COM,RFRCNT,2020-02-03,2020-02-25 15:53:00,9,2135.0,Vendor-A,S600,2016.0,6001215222,ACTIVE,9.0,0,1,0,3,1,0,0,2,0,1,58,121732.0,19,0.0172413793103448
FLI900511,900511,AST-1434,CIMCX,S-A53-05-188,2016,QCSC 101639,SHP-10,COM,RFRCNT,2020-02-03,2020-02-25 15:53:00,9,2135.0,Vendor-A,S600,2016.0,6001215208,ACTIVE,9.0,0,1,0,2,0,0,1,1,0,0,58,122707.0,22,0.0
FLI900512,900512,AST-1435,CIMCX,S-A53-05-188,2016,QCSC 101640,SHP-10,COM,RFRCNT,2020-02-03,2020-02-25 15:53:00,9,2135.0,Vendor-A,S600,2016.0,6001213856,ACTIVE,9.0,0,1,0,2,0,0,0,2,0,0,53,111077.0,21,0.0
FLI900513,900513,AST-1436,CIMCX,S-A53-05-188,2016,QCSC 101641,SHP-10,COM,RFRCNT,2020-02-03,2020-02-25 15:53:00,9,2135.0,Vendor-A,S600,2016.0,6001215190,ACTIVE,9.0,0,1,0,3,0,3,0,0,0,0,62,129961.0,21,0.0
FLI900514,900514,AST-1437,CIMCX,S-A53-05-188,2016,QCSC 101642,SHP-10,COM,RFRCNT,2020-02-03,2020-02-25 15:54:00,9,2135.0,Vendor-A,S600,2016.0,6001215192,ACTIVE,9.0,0,1,0,7,0,6,0,1,0,0,62,128720.0,19,0.0
FLI900515,900515,AST-1438,CIMCX,S-A53-05-188,2016,QCSC 101643,SHP-10,COM,RFRCNT,2020-02-03,2020-02-25 15:54:00,9,2135.0,Vendor-A,S600,2016.0,6001213863,ACTIVE,9.0,0,1,0,2,1,0,0,1,0,1,55,114339.0,21,0.0181818181818181
FLI900516,900516,AST-1439,CIMCX,S-A53-05-188,2017,QCSC104489,SHP-10,COM,RFRCNT,2020-02-03,2020-02-25 15:55:00,8,2135.0,Vendor-A,C600,2017.0,6001232957,ACTIVE,8.0,0,1,0,3,0,1,0,2,0,0,57,128401.0,15,0.0
FLI900517,900517,AST-1440,CIMCX,S-A53-05-188,2017,QCSC104490,SHP-10,COM,RFRCNT,2020-02-03,2020-02-25 15:55:00,8,2135.0,Vendor-A,C600,2017.0,6001232956,ACTIVE,8.0,0,1,0,2,0,1,0,1,0,0,55,121240.0,22,0.0
FLI900518,900518,AST-1441,CIMCX,S-A53-05-188,2017,QCSC104491,SHP-10,COM,RFRCNT,2020-02-03,2020-02-25 15:55:00,8,2135.0,Vendor-A,C600,2017.0,6001232967,ACTIVE,8.0,0,1,0,1,0,0,0,1,0,0,52,113031.0,21,0.0
FLI900519,900519,AST-1442,CIMCX,S-A53-05-188,2017,QCSC104492,SHP-10,COM,RFRCNT,2020-02-03,2020-02-25 15:57:00,8,2135.0,Vendor-A,C600,2017.0,6001232944,ACTIVE,8.0,0,1,0,1,0,1,0,0,0,0,53,121507.0,19,0.0
FLI900520,900520,AST-1443,CIMCX,S-A53-05-188,2017,QCSC104493,SHP-10,COM,RFRCNT,2020-02-03,2020-02-25 15:57:00,8,2135.0,Vendor-A,C600,2017.0,6001232939,ACTIVE,8.0,0,1,0,1,0,0,0,1,0,0,51,112833.0,20,0.0
FLI900521,900521,AST-1444,CIMCX,S-A53-05-188,2017,QCSC104494,SHP-10,COM,RFRCNT,2020-02-03,2020-02-25 15:57:00,8,2135.0,Vendor-A,C600,2017.0,6001232935,ACTIVE,8.0,0,1,0,0,0,0,0,0,0,0,58,131237.0,22,0.0
FLI900522,900522,AST-1445,CIMCX,S-A53-05-188,2017,QCSC104495,SHP-10,COM,RFRCNT,2020-02-03,2020-02-25 15:57:00,8,2135.0,Vendor-A,C600,2017.0,6001232948,ACTIVE,8.0,0,1,0,5,0,2,2,1,0,0,58,118727.0,22,0.0
FLI900523,900523,AST-1446,CIMCX,S-A53-05-188,2017,QCSC104497,SHP-10,COM,RFRCNT,2020-02-03,2020-02-25 15:58:00,8,2135.0,Vendor-A,C600,2017.0,6001232938,ACTIVE,8.0,0,1,0,5,3,2,0,0,0,1,57,121881.0,22,0.0526315789473684
FLI900524,900524,AST-1447,CIMCX,S-A53-05-188,2017,QCSC104498,SHP-10,COM,RFRCNT,2020-02-03,2020-02-25 15:58:00,8,2135.0,Vendor-A,C600,2017.0,6001232946,ACTIVE,8.0,0,1,0,14,0,0,2,0,12,0,59,124687.0,23,0.0
FLI900525,900525,AST-1448,CIMCX,S-A53-05-188,2017,QCSC104499,SHP-10,COM,RFRCNT,2020-02-03,2020-02-25 15:58:00,8,2135.0,Vendor-A,C600,2017.0,6001232934,ACTIVE,8.0,0,1,0,7,1,5,0,1,0,1,61,128224.0,20,0.0163934426229508
FLI900526,900526,AST-1449,CIMCX,S-A53-05-188,2017,QCSC104500,SHP-10,COM,RFRCNT,2020-02-03,2020-02-25 15:58:00,8,2135.0,Vendor-A,C600,2017.0,6001232933,ACTIVE,8.0,0,1,0,3,0,2,0,1,0,0,53,119269.0,17,0.0
FLI900527,900527,AST-1450,CIMCX,S-A53-05-188,2017,QCSC104501,SHP-10,COM,RFRCNT,2020-02-03,2020-02-25 15:58:00,8,2135.0,Vendor-A,C600,2017.0,6001232958,ACTIVE,8.0,0,1,0,1,0,0,0,1,0,0,59,129834.0,23,0.0
FLI900528,900528,AST-1451,CIMCX,S-A53-05-188,2017,QCSC104502,SHP-10,COM,RFRCNT,2020-02-03,2020-02-25 15:58:00,8,2135.0,Vendor-A,C600,2017.0,6001232955,ACTIVE,8.0,0,1,0,3,0,0,3,0,0,0,55,124816.0,18,0.0
FLI900529,900529,AST-1452,CIMCX,S-A53-05-188,2017,QCSC104503,SHP-10,COM,RFRCNT,2020-02-03,2020-02-25 15:59:00,8,2135.0,Vendor-A,PRECDNT S600,2014.0,6001165024,ACTIVE,11.0,0,1,0,18,1,12,1,3,1,1,55,120441.0,21,0.0181818181818181
FLI900530,900530,AST-1789,CIMCX,S-A53-05-188,2017,QCSC104504,SHP-10,COM,RFRCNT,2020-02-03,2025-09-17 15:12:00,8,104.0,Vendor-B,7500 APX RL,2025.0,WAV91825012,ACTIVE,0.0,0,0,1,3,0,3,0,0,0,0,48,106614.0,21,0.0
FLI900531,900531,AST-1453,CIMCX,S-A53-05-188,2017,QCSC104505,SHP-10,COM,RFRCNT,2020-02-03,2020-02-25 15:59:00,8,2135.0,Vendor-A,C600,2017.0,6001232950,ACTIVE,8.0,0,1,0,2,2,0,0,0,0,1,59,122279.0,22,0.0338983050847457
FLI900532,900532,AST-1454,CIMCX,S-A53-05-188,2017,QCSC104506,SHP-10,COM,RFRCNT,2020-02-03,2020-02-25 16:00:00,8,2135.0,Vendor-A,C600,2017.0,6001232966,ACTIVE,8.0,0,1,0,0,0,0,0,0,0,0,59,130426.0,18,0.0
FLI900533,900533,AST-1455,CIMCX,S-A53-05-188,2017,QCSC104507,SHP-10,COM,RFRCNT,2020-02-03,2020-02-25 16:00:00,8,2135.0,Vendor-A,PRECDNT S600,2014.0,6001165026,ACTIVE,11.0,0,1,0,7,1,5,1,0,0,1,60,130404.0,22,0.0166666666666666
FLI900534,900534,AST-1456,CIMCX,S-A53-05-188,2017,QCSC104508,SHP-10,COM,RFRCNT,2020-02-03,2020-02-25 16:00:00,8,2135.0,Vendor-A,C600,2017.0,6001232951,ACTIVE,8.0,0,1,0,3,0,0,1,1,1,0,57,128307.0,18,0.0
FLI900535,900535,AST-1457,CIMCX,S-A53-05-188,2017,QCSC104509,SHP-10,COM,RFRCNT,2020-02-03,2020-02-25 16:00:00,8,2135.0,Vendor-A,C600,2017.0,6001232941,ACTIVE,8.0,0,1,0,8,2,0,1,5,0,1,51,99006.0,20,0.0392156862745098
FLI900536,900536,AST-1458,CIMCX,S-A53-05-188,2017,QCSC104510,SHP-10,COM,RFRCNT,2020-02-03,2020-02-25 16:00:00,8,2135.0,Vendor-A,S600,2016.0,6001203204,ACTIVE,9.0,0,1,0,3,1,1,0,1,0,1,61,124581.0,19,0.0163934426229508
FLI900537,900537,AST-1459,CIMCX,S-A53-05-188,2017,QCSC104511,SHP-10,COM,RFRCNT,2020-02-03,2020-02-25 16:01:00,8,2135.0,Vendor-A,C600,2017.0,6001232945,ACTIVE,8.0,0,1,0,4,0,2,2,0,0,0,53,116804.0,19,0.0
FLI900538,900538,AST-1460,CIMCX,S-A53-05-188,2017,QCSC104512,SHP-10,COM,RFRCNT,2020-02-03,2020-02-25 16:01:00,8,2135.0,Vendor-A,C600,2017.0,6001232964,ACTIVE,8.0,0,1,0,2,1,1,0,0,0,1,59,138126.0,19,0.0169491525423728
FLI900539,900539,AST-1811,CIMCX,S-A53-05-188,2017,QCSC104513,SHP-10,COM,RFRCNT,2020-02-03,2026-01-21 18:55:00,8,-22.0,Vendor-B,7500 APX RL,2025.0,XAA91835073,ACTIVE,0.0,0,0,1,1,0,0,1,0,0,0,60,143189.0,18,0.0
FLI900540,900540,AST-1461,CIMCX,S-A53-05-188,2017,QCSC104515,SHP-10,COM,RFRCNT,2020-02-03,2020-02-25 16:01:00,8,2135.0,Vendor-A,S600,2016.0,6001203187,ACTIVE,9.0,0,1,0,4,1,0,0,3,0,1,57,118508.0,22,0.0175438596491228
FLI900541,900541,AST-1462,CIMCX,S-A53-05-188,2017,QCSC104516,SHP-10,COM,RFRCNT,2020-02-03,2020-02-25 16:01:00,8,2135.0,Vendor-A,C600,2017.0,6001232962,ACTIVE,8.0,0,1,0,0,0,0,0,0,0,0,54,115550.0,23,0.0
FLI900542,900542,AST-1463,CIMCX,S-A53-05-188,2017,QCSC104517,SHP-10,COM,RFRCNT,2020-02-03,2020-02-25 16:02:00,8,2135.0,Vendor-A,C600,2017.0,6001232930,ACTIVE,8.0,0,1,0,6,0,1,0,0,5,0,57,123911.0,19,0.0
FLI900543,900543,AST-1464,CIMCX,S-A53-05-188,2017,QCSC104518,SHP-10,COM,RFRCNT,2020-02-03,2020-02-25 16:02:00,8,2135.0,Vendor-A,C600,2017.0,6001232936,ACTIVE,8.0,0,1,0,3,2,0,0,1,0,1,56,115310.0,21,0.0357142857142857
FLI900544,900544,AST-1465,CIMCX,S-A53-05-188,2017,QCSC104519,SHP-10,COM,RFRCNT,2020-02-03,2020-02-25 16:03:00,8,2135.0,Vendor-A,C600,2017.0,6001232961,ACTIVE,8.0,0,1,0,5,0,0,5,0,0,0,57,115891.0,20,0.0
FLI900545,900545,AST-1466,CIMCX,S-A53-05-188,2017,QCSC104520,SHP-10,COM,RFRCNT,2020-02-03,2020-02-25 16:03:00,8,2135.0,Vendor-A,C600,2017.0,6001232959,ACTIVE,8.0,0,1,0,19,3,5,0,11,0,1,56,119459.0,22,0.0535714285714285
FLI900546,900546,AST-1467,CIMCX,S-A53-05-188,2017,QCSC104521,SHP-10,COM,RFRCNT,2020-02-03,2020-02-25 16:03:00,8,2135.0,Vendor-A,C600,2017.0,6001232943,ACTIVE,8.0,0,1,0,3,2,0,0,1,0,1,51,119996.0,22,0.0392156862745098
FLI900547,900547,AST-1468,CIMCX,S-A53-05-188,2017,QCSC104522,SHP-10,COM,RFRCNT,2020-02-03,2020-02-25 16:04:00,8,2135.0,Vendor-A,C600,2017.0,6001232952,ACTIVE,8.0,0,1,0,6,0,0,6,0,0,0,57,127505.0,22,0.0
FLI900548,900548,AST-1469,CIMCX,S-A53-05-188,2017,QCSC104524,SHP-10,COM,RFRCNT,2020-02-03,2020-02-25 16:04:00,8,2135.0,Vendor-A,C600,2017.0,6001232947,ACTIVE,8.0,0,1,0,2,0,1,0,1,0,0,56,111651.0,23,0.0
FLI900549,900549,AST-1470,CIMCX,S-A53-05-188,2017,QCSC104525,SHP-10,COM,RFRCNT,2020-02-03,2020-02-25 16:04:00,8,2135.0,Vendor-A,C600,2017.0,6001232931,ACTIVE,8.0,0,1,0,2,0,0,1,1,0,0,53,120154.0,20,0.0
FLI900550,900550,AST-1757,CIMCX,S-A53-05-188,2017,QCSC104526,SHP-10,COM,RFRCNT,2020-02-03,2024-12-12 13:41:00,8,383.0,Vendor-B,VECTOR 8700R,2024.0,VAZ91779003,ACTIVE,1.0,0,0,1,0,0,0,0,0,0,0,46,95037.0,23,0.0
FLI900551,900551,AST-1836,CIMCX,S-A53-05-188,2017,QCSC104527,SHP-10,COM,RFRCNT,2020-02-03,2026-01-14 12:02:00,8,-15.0,Vendor-B,7500 APX RL,2025.0,R9411,ACTIVE,0.0,0,0,1,4,0,2,1,0,1,0,53,117582.0,18,0.0
FLI900552,900552,AST-1471,CIMCX,S-A53-05-188,2017,QCSC104528,SHP-10,COM,RFRCNT,2020-02-03,2020-02-25 16:05:00,8,2135.0,Vendor-A,C600,2017.0,6001232965,ACTIVE,8.0,0,1,0,6,0,0,6,0,0,0,48,110248.0,13,0.0
FLI900553,900553,AST-1471,CIMCX,S-A53-05-188,2017,QCSC104529,SHP-10,COM,RFRCNT,2020-02-03,2020-02-25 16:05:00,8,2135.0,Vendor-A,C600,2017.0,6001232965,ACTIVE,8.0,0,1,0,4,1,0,3,0,0,1,59,130265.0,22,0.0169491525423728
FLI900554,900554,AST-1472,CIMCX,S-A53-05-188,2017,QCSC104530,SHP-10,COM,RFRCNT,2020-02-03,2020-02-25 16:05:00,8,2135.0,Vendor-A,S600,2013.0,6001150895,ACTIVE,12.0,0,1,0,2,1,0,0,1,0,1,52,103058.0,17,0.0192307692307692
FLI900555,900555,AST-1473,CIMCX,S-A53-05-188,2017,QCSC104531,SHP-10,COM,RFRCNT,2020-02-03,2020-02-25 16:06:00,8,2135.0,Vendor-A,S600,2016.0,6001203192,ACTIVE,9.0,0,1,0,1,1,0,0,0,0,1,62,130826.0,24,0.0161290322580645
FLI900556,900556,AST-1474,CIMCX,S-A53-05-188,2017,QCSC104532,SHP-10,COM,RFRCNT,2020-02-03,2020-02-25 16:06:00,8,2135.0,Vendor-A,C600,2017.0,6001232932,ACTIVE,8.0,0,1,0,20,0,0,0,0,20,0,54,113991.0,19,0.0
FLI900557,900557,AST-1475,CIMCX,S-A53-05-188,2017,QCSC104533,SHP-10,COM,RFRCNT,2020-02-03,2020-02-25 16:06:00,8,2135.0,Vendor-A,C600,2017.0,6001232954,ACTIVE,8.0,0,1,0,7,2,4,1,0,0,1,54,118305.0,19,0.037037037037037
FLI900558,900558,AST-1476,CIMCX,S-A53-05-188,2017,QCSC104534,SHP-10,COM,RFRCNT,2020-02-03,2020-02-25 16:06:00,8,2135.0,Vendor-A,C600,2017.0,6001232968,ACTIVE,8.0,0,1,0,3,1,1,0,0,1,1,55,125517.0,21,0.0181818181818181
FLI900559,900559,AST-1477,CIMCX,S-A53-05-188,2017,QCSC104535,SHP-10,COM,RFRCNT,2020-02-03,2020-02-25 16:06:00,8,2135.0,Vendor-A,C600,2017.0,6001232953,ACTIVE,8.0,0,1,0,3,0,0,3,0,0,0,61,132768.0,18,0.0
FLI900560,900560,AST-1478,CIMCX,S-A53-05-188,2017,QCSC104536,SHP-10,COM,RFRCNT,2020-02-03,2020-02-25 16:07:00,8,2135.0,Vendor-A,C600,2017.0,6001232942,ACTIVE,8.0,0,1,0,6,0,0,3,3,0,0,53,106905.0,23,0.0
FLI900561,900561,AST-1479,CIMCX,S-A53-05-188,2017,QCSC104537,SHP-10,COM,RFRCNT,2020-02-03,2020-02-25 16:07:00,8,2135.0,Vendor-A,C600,2017.0,6001232969,ACTIVE,8.0,0,1,0,2,1,1,0,0,0,1,55,112278.0,20,0.0181818181818181
FLI900562,900562,AST-1480,CIMCX,S-A53-05-188,2017,QCSC104538,SHP-10,COM,RFRCNT,2020-02-03,2020-02-25 16:07:00,8,2135.0,Vendor-A,C600,2017.0,6001232937,ACTIVE,8.0,0,1,0,5,0,4,1,0,0,0,63,138007.0,22,0.0
FLI900563,900563,AST-1486,CIMCX,S-A53-05-188,2017,QCSC 102430,SHP-10,COM,RFRCNT,2020-02-06,2020-02-25 16:15:00,8,2135.0,Vendor-A,S600,2016.0,6001223720,ACTIVE,9.0,0,1,0,0,0,0,0,0,0,0,57,123131.0,24,0.0
FLI900564,900564,AST-1487,CIMCX,S-A53-05-188,2017,QCSC 102431,SHP-10,COM,RFRCNT,2020-02-06,2020-02-25 16:15:00,8,2135.0,Vendor-A,S600,2016.0,6001223691,ACTIVE,9.0,0,1,0,3,0,1,2,0,0,0,59,127662.0,23,0.0
FLI900565,900565,AST-1488,CIMCX,S-A53-05-188,2017,QCSC 102432,SHP-10,COM,RFRCNT,2020-02-06,2020-02-25 16:16:00,8,2135.0,Vendor-A,S600,2016.0,6001223704,ACTIVE,9.0,0,1,0,2,0,0,2,0,0,0,61,134142.0,20,0.0
FLI900566,900566,AST-1489,CIMCX,S-A53-05-188,2017,QCSC 102433,SHP-10,COM,RFRCNT,2020-02-06,2020-02-25 16:17:00,8,2135.0,Vendor-A,S600,2016.0,6001223681,ACTIVE,9.0,0,1,0,5,0,5,0,0,0,0,61,130474.0,22,0.0
FLI900567,900567,AST-1490,CIMCX,S-A53-05-188,2017,QCSC 102434,SHP-10,COM,RFRCNT,2020-02-06,2020-02-25 16:17:00,8,2135.0,Vendor-A,S600,2016.0,6001223694,ACTIVE,9.0,0,1,0,6,1,4,0,1,0,1,56,122102.0,20,0.0178571428571428
FLI900568,900568,AST-1491,CIMCX,S-A53-05-188,2017,QCSC 102435,SHP-10,COM,RFRCNT,2020-02-06,2020-02-25 16:17:00,8,2135.0,Vendor-A,S600,2016.0,6001223677,ACTIVE,9.0,0,1,0,3,0,0,1,0,2,0,44,93405.0,21,0.0
FLI900569,900569,AST-1469,CIMCX,S-A53-05-188,2017,QCSC 102436,SHP-10,COM,RFRCNT,2020-02-06,2020-02-25 16:04:00,8,2135.0,Vendor-A,C600,2017.0,6001232947,ACTIVE,8.0,0,1,0,2,1,0,0,0,1,1,56,124818.0,20,0.0178571428571428
FLI900570,900570,AST-1492,CIMCX,S-A53-05-188,2017,QCSC 102437,SHP-10,COM,RFRCNT,2020-02-06,2020-02-25 16:17:00,8,2135.0,Vendor-A,S600,2016.0,6001223698,ACTIVE,9.0,0,1,0,0,0,0,0,0,0,0,64,140741.0,20,0.0
FLI900571,900571,AST-1493,CIMCX,S-A53-05-188,2017,QCSC 102438,SHP-10,COM,RFRCNT,2020-02-06,2020-02-25 16:18:00,8,2135.0,Vendor-A,S600,2016.0,6001223696,ACTIVE,9.0,0,1,0,0,0,0,0,0,0,0,57,127837.0,20,0.0
FLI900572,900572,AST-1494,CIMCX,S-A53-05-188,2017,QCSC 102439,SHP-10,COM,RFRCNT,2020-02-06,2020-02-25 16:18:00,8,2135.0,Vendor-A,S600,2016.0,6001223684,ACTIVE,9.0,0,1,0,5,0,2,0,3,0,0,58,125627.0,22,0.0
FLI900573,900573,AST-1495,CIMCX,S-A53-05-188,2017,QCSC 102440,SHP-10,COM,RFRCNT,2020-02-06,2020-02-25 16:18:00,8,2135.0,Vendor-A,S600,2016.0,6001223679,ACTIVE,9.0,0,1,0,3,0,2,0,0,1,0,57,115993.0,24,0.0
FLI900574,900574,AST-1496,CIMCX,S-A53-05-188,2017,QCSC 102441,SHP-10,COM,RFRCNT,2020-02-06,2020-02-25 16:19:00,8,2135.0,Vendor-A,S600,2016.0,6001223672,ACTIVE,9.0,0,1,0,5,2,0,1,0,2,1,55,122125.0,21,0.0363636363636363
FLI900575,900575,AST-1497,CIMCX,S-A53-05-188,2017,QCSC 102442,SHP-10,COM,RFRCNT,2020-02-06,2020-02-25 16:19:00,8,2135.0,Vendor-A,S600,2016.0,6001223671,ACTIVE,9.0,0,1,0,1,1,0,0,0,0,1,61,126154.0,23,0.0163934426229508
FLI900576,900576,AST-1498,CIMCX,S-A53-05-188,2017,QCSC 102443,SHP-10,COM,RFRCNT,2020-02-06,2020-02-25 16:19:00,8,2135.0,Vendor-A,S600,2016.0,6001223693,ACTIVE,9.0,0,1,0,5,4,0,1,0,0,1,60,124392.0,24,0.0666666666666666
FLI900577,900577,AST-1499,CIMCX,S-A53-05-188,2017,QCSC 102444,SHP-10,COM,RFRCNT,2020-02-06,2020-02-25 16:19:00,8,2135.0,Vendor-A,S600,2016.0,6001223686,ACTIVE,9.0,0,1,0,0,0,0,0,0,0,0,53,107769.0,20,0.0
FLI900578,900578,AST-1500,CIMCX,S-A53-05-188,2017,QCSC 102445,SHP-10,COM,RFRCNT,2020-02-06,2020-02-25 16:19:00,8,2135.0,Vendor-A,S600,2016.0,6001223715,ACTIVE,9.0,0,1,0,3,0,2,1,0,0,0,57,130958.0,17,0.0
FLI900579,900579,AST-1501,CIMCX,S-A53-05-188,2017,QCSC 102446,SHP-10,COM,RFRCNT,2020-02-06,2020-02-25 16:20:00,8,2135.0,Vendor-A,S600,2016.0,6001223705,ACTIVE,9.0,0,1,0,2,2,0,0,0,0,1,57,132588.0,17,0.0350877192982456
FLI900580,900580,AST-1502,CIMCX,S-A53-05-188,2017,QCSC 102447,SHP-10,COM,RFRCNT,2020-02-06,2020-02-25 16:20:00,8,2135.0,Vendor-A,S600,2016.0,6001223675,ACTIVE,9.0,0,1,0,4,0,0,4,0,0,0,63,138571.0,23,0.0
FLI900581,900581,AST-1503,CIMCX,S-A53-05-188,2017,QCSC 102448,SHP-10,COM,RFRCNT,2020-02-06,2020-02-25 16:20:00,8,2135.0,Vendor-A,S600,2016.0,6001223713,ACTIVE,9.0,0,1,0,7,4,1,1,0,1,1,59,116056.0,23,0.0677966101694915
FLI900582,900582,AST-1504,CIMCX,S-A53-05-188,2017,QCSC 102449,SHP-10,COM,RFRCNT,2020-02-06,2020-02-25 16:20:00,8,2135.0,Vendor-A,S600,2016.0,6001223719,ACTIVE,9.0,0,1,0,0,0,0,0,0,0,0,60,130964.0,18,0.0
FLI900583,900583,AST-1832,CIMCX,S-A53-05-188,2017,QCSC 102450,SHP-10,COM,RFRCNT,2020-02-06,2025-12-08 09:16:00,8,22.0,Vendor-B,7500 APX RL,2025.0,WAZ91834425,ACTIVE,0.0,0,0,1,2,0,0,0,0,2,0,59,137070.0,18,0.0
FLI900584,900584,AST-1812,CIMCX,S-A53-05-188,2017,QCSC 102451,SHP-10,COM,RFRCNT,2020-02-06,2025-11-05 10:57:00,8,55.0,Vendor-B,7500 APX RL,2025.0,WAV91825025,ACTIVE,0.0,0,0,1,1,0,0,0,1,0,0,54,115166.0,20,0.0
FLI900585,900585,AST-1505,CIMCX,S-A53-05-188,2017,QCSC 102452,SHP-10,COM,RFRCNT,2020-02-06,2020-02-25 16:21:00,8,2135.0,Vendor-A,S600,2016.0,6001223685,ACTIVE,9.0,0,1,0,1,0,1,0,0,0,0,60,127005.0,19,0.0
FLI900586,900586,AST-1506,CIMCX,S-A53-05-188,2017,QCSC 102453,SHP-10,COM,RFRCNT,2020-02-06,2020-02-25 16:21:00,8,2135.0,Vendor-A,S600,2016.0,6001223695,ACTIVE,9.0,0,1,0,4,0,2,0,2,0,0,56,124089.0,21,0.0
FLI900587,900587,AST-1507,CIMCX,S-A53-05-188,2017,QCSC 102454,SHP-10,COM,RFRCNT,2020-02-09,2020-02-25 16:21:00,8,2135.0,Vendor-A,S600,2016.0,6001223687,ACTIVE,9.0,0,1,0,11,2,0,0,9,0,1,53,113909.0,21,0.0377358490566037
FLI900588,900588,AST-1482,CIMCX,S-A53-05-188,2017,QCSC 102455,SHP-10,COM,RFRCNT,2020-02-09,2020-02-25 16:08:00,8,2135.0,Vendor-A,S600,2015.0,6001203164,ACTIVE,10.0,0,1,0,1,0,1,0,0,0,0,58,129377.0,23,0.0
FLI900589,900589,AST-1508,CIMCX,S-A53-05-188,2017,QCSC 102456,SHP-10,COM,RFRCNT,2020-02-09,2020-02-25 16:22:00,8,2135.0,Vendor-A,S600,2016.0,6001223689,ACTIVE,9.0,0,1,0,0,0,0,0,0,0,0,57,129428.0,20,0.0
FLI900590,900590,AST-1509,CIMCX,S-A53-05-188,2017,QCSC 102457,SHP-10,COM,RFRCNT,2020-02-09,2020-02-25 16:22:00,8,2135.0,Vendor-A,S600,2016.0,6001223699,ACTIVE,9.0,0,1,0,0,0,0,0,0,0,0,57,119153.0,22,0.0
FLI900591,900591,AST-1510,CIMCX,S-A53-05-188,2017,QCSC 102458,SHP-10,COM,RFRCNT,2020-02-09,2020-02-25 16:22:00,8,2135.0,Vendor-A,S600,2016.0,6001223676,ACTIVE,9.0,0,1,0,3,1,0,0,0,2,1,52,108606.0,24,0.0192307692307692
FLI900592,900592,AST-1511,CIMCX,S-A53-05-188,2017,QCSC 102460,SHP-10,COM,RFRCNT,2020-02-09,2020-02-25 16:23:00,8,2135.0,Vendor-A,S600,2016.0,6001223714,ACTIVE,9.0,0,1,0,3,0,3,0,0,0,0,59,121681.0,24,0.0
FLI900593,900593,AST-1512,CIMCX,S-A53-05-188,2017,QCSC 102461,SHP-10,COM,RFRCNT,2020-02-09,2020-02-25 16:23:00,8,2135.0,Vendor-A,S600,2016.0,6001223673,ACTIVE,9.0,0,1,0,1,0,0,1,0,0,0,61,134740.0,22,0.0
FLI900594,900594,AST-1513,CIMCX,S-A53-05-188,2017,QCSC 102462,SHP-10,COM,RFRCNT,2020-02-09,2020-02-25 16:23:00,8,2135.0,Vendor-A,S600,2016.0,6001223674,ACTIVE,9.0,0,1,0,1,0,0,1,0,0,0,56,115493.0,21,0.0
FLI900595,900595,AST-1514,CIMCX,S-A53-05-188,2017,QCSC 102463,SHP-10,COM,RFRCNT,2020-02-09,2020-02-25 16:23:00,8,2135.0,Vendor-A,S600,2016.0,6001223683,ACTIVE,9.0,0,1,0,19,3,15,0,1,0,1,59,131309.0,20,0.0508474576271186
FLI900596,900596,AST-1515,CIMCX,S-A53-05-188,2017,QCSC 102464,SHP-10,COM,RFRCNT,2020-02-09,2020-02-25 16:24:00,8,2135.0,Vendor-A,S600,2016.0,6001223701,ACTIVE,9.0,0,1,0,1,0,1,0,0,0,0,61,130417.0,19,0.0
FLI900597,900597,AST-1516,CIMCX,S-A53-05-188,2017,QCSC 102465,SHP-10,COM,RFRCNT,2020-02-09,2020-02-25 16:24:00,8,2135.0,Vendor-A,S600,2016.0,6001223718,ACTIVE,9.0,0,1,0,1,0,0,0,0,1,0,64,141777.0,22,0.0
FLI900598,900598,AST-1429,CIMCX,S-A53-05-188,2017,QCSC 102466,SHP-10,COM,RFRCNT,2020-02-09,2020-02-25 15:52:00,8,2135.0,Vendor-A,S600,2016.0,6001213851,ACTIVE,9.0,0,1,0,0,0,0,0,0,0,0,61,130376.0,21,0.0
FLI900599,900599,AST-1517,CIMCX,S-A53-05-188,2017,QCSC 102467,SHP-10,COM,RFRCNT,2020-02-09,2020-02-25 16:25:00,8,2135.0,Vendor-A,S600,2016.0,6001223692,ACTIVE,9.0,0,1,0,3,0,3,0,0,0,0,63,141821.0,19,0.0
FLI900600,900600,AST-1518,CIMCX,S-A53-05-188,2017,QCSC 102468,SHP-10,COM,RFRCNT,2020-02-09,2020-02-25 16:25:00,8,2135.0,Vendor-A,S600,2016.0,6001223709,ACTIVE,9.0,0,1,0,8,5,0,0,3,0,1,57,115602.0,25,0.087719298245614
FLI900601,900601,AST-1519,CIMCX,S-A53-05-188,2017,QCSC 102469,SHP-10,COM,RFRCNT,2020-02-09,2020-02-25 16:25:00,8,2135.0,Vendor-A,S600,2016.0,6001223690,ACTIVE,9.0,0,1,0,4,0,2,1,1,0,0,52,110289.0,24,0.0
FLI900602,900602,AST-1825,CIMCX,S-A53-05-188,2017,QCSC 102470,SHP-10,COM,RFRCNT,2020-02-09,2025-11-05 12:19:00,8,55.0,Vendor-B,7500 APX RL,2025.0,WAV91825026,ACTIVE,0.0,0,0,1,2,0,2,0,0,0,0,60,133359.0,20,0.0
FLI900603,900603,AST-1520,CIMCX,S-A53-05-188,2017,QCSC 102471,SHP-10,COM,RFRCNT,2020-02-09,2020-02-25 16:25:00,8,2135.0,Vendor-A,S600,2016.0,6001223706,ACTIVE,9.0,0,1,0,3,0,3,0,0,0,0,60,127728.0,17,0.0
FLI900604,900604,AST-1521,CIMCX,S-A53-05-188,2017,QCSC 102472,SHP-10,COM,RFRCNT,2020-02-09,2020-02-25 16:26:00,8,2135.0,Vendor-A,S600,2016.0,6001223711,ACTIVE,9.0,0,1,0,1,0,0,1,0,0,0,57,122716.0,20,0.0
FLI900605,900605,AST-1522,CIMCX,S-A53-05-188,2017,QCSC 102473,SHP-10,COM,RFRCNT,2020-02-09,2020-02-25 16:26:00,8,2135.0,Vendor-A,S600,2016.0,6001223680,ACTIVE,9.0,0,1,0,0,0,0,0,0,0,0,60,128828.0,22,0.0
FLI900606,900606,AST-1523,CIMCX,S-A53-05-188,2017,QCSC 102474,SHP-10,COM,RFRCNT,2020-02-09,2020-02-25 16:26:00,8,2135.0,Vendor-A,S600,2016.0,6001223716,ACTIVE,9.0,0,1,0,0,0,0,0,0,0,0,56,111569.0,20,0.0
FLI900607,900607,AST-1524,CIMCX,S-A53-05-188,2017,QCSC 102475,SHP-10,COM,RFRCNT,2020-02-09,2020-02-25 16:26:00,8,2135.0,Vendor-A,S600,2016.0,6001223700,ACTIVE,9.0,0,1,0,8,5,0,0,3,0,1,58,131109.0,22,0.0862068965517241
FLI900608,900608,AST-1525,CIMCX,S-A53-05-188,2017,QCSC 102476,SHP-10,COM,RFRCNT,2020-02-09,2020-02-25 16:26:00,8,2135.0,Vendor-A,S600,2016.0,6001223682,ACTIVE,9.0,0,1,0,6,0,0,0,6,0,0,58,131305.0,20,0.0
FLI900609,900609,AST-1526,CIMCX,S-A53-05-188,2017,QCSC 102477,SHP-10,COM,RFRCNT,2020-02-09,2020-05-07 08:49:00,8,2063.0,Vendor-A,S600,2016.0,6001223703,ACTIVE,9.0,0,1,0,5,0,4,1,0,0,0,54,121085.0,16,0.0
FLI900610,900610,AST-1527,CIMCX,S-A53-05-188,2017,QCSC 102478,SHP-10,COM,RFRCNT,2020-02-09,2020-02-25 16:27:00,8,2135.0,Vendor-A,S600,2016.0,6001223707,ACTIVE,9.0,0,1,0,3,2,0,0,0,1,1,44,90927.0,17,0.0454545454545454
FLI900611,900611,AST-1528,CIMCX,S-A53-05-188,2017,QCSC 102479,SHP-10,COM,RFRCNT,2020-02-09,2020-02-25 16:28:00,8,2135.0,Vendor-A,S600,2016.0,6001223712,ACTIVE,9.0,0,1,0,1,1,0,0,0,0,1,58,122025.0,25,0.0172413793103448
FLI900612,900612,AST-1529,CIMCX,S-A53-05-188,2018,QCSC109796,SHP-10,COM,RFRCNT,2020-02-09,2020-02-25 16:28:00,7,2135.0,Vendor-A,SLXI-DRC,2018.0,GLW1144976,ACTIVE,7.0,1,1,0,12,4,5,0,2,1,1,55,126766.0,21,0.0727272727272727
FLI900613,900613,AST-1530,CIMCX,S-A53-05-188,2018,QCSC109798,SHP-10,COM,RFRCNT,2020-02-09,2020-02-25 16:30:00,7,2135.0,Vendor-A,SLXI-DRC,2018.0,GLW1144271,ACTIVE,7.0,1,1,0,9,2,3,3,0,1,1,58,132004.0,17,0.0344827586206896
FLI900614,900614,AST-1531,CIMCX,S-A53-05-188,2018,QCSC109799,SHP-10,COM,RFRCNT,2020-02-09,2020-02-25 16:30:00,7,2135.0,Vendor-A,SLXI-DRC,2018.0,GLW1142886,ACTIVE,7.0,1,1,0,9,0,9,0,0,0,0,61,122665.0,16,0.0
FLI900615,900615,AST-1532,CIMCX,S-A53-05-188,2018,QCSC109800,SHP-10,COM,RFRCNT,2020-02-09,2020-02-25 16:30:00,7,2135.0,Vendor-A,SLXI-DRC,2018.0,GLW1144979,ACTIVE,7.0,1,1,0,5,1,2,2,0,0,1,58,127473.0,17,0.0172413793103448
FLI900616,900616,AST-1533,CIMCX,S-A53-05-188,2018,QCSC109801,SHP-10,COM,RFRCNT,2020-02-09,2020-02-25 16:31:00,7,2135.0,Vendor-A,SLXI-DRC,2018.0,GLW1144263,ACTIVE,7.0,1,1,0,13,2,4,4,3,0,1,56,118353.0,16,0.0357142857142857
FLI900617,900617,AST-1534,CIMCX,S-A53-05-188,2018,QCSC109802,SHP-10,COM,RFRCNT,2020-02-09,2020-02-25 16:31:00,7,2135.0,Vendor-A,SLXI-DRC,2018.0,GLW1143104,ACTIVE,7.0,1,1,0,2,0,0,0,0,2,0,35,71286.0,16,0.0
FLI900618,900618,AST-1535,CIMCX,S-A53-05-188,2018,QCSC109803,SHP-10,COM,RFRCNT,2020-02-09,2020-02-25 16:31:00,7,2135.0,Vendor-A,SLXI-DRC,2018.0,GLW1144256,ACTIVE,7.0,1,1,0,6,2,3,0,1,0,1,58,127548.0,18,0.0344827586206896
FLI900619,900619,AST-1536,CIMCX,S-A53-05-188,2018,QCSC109804,SHP-10,COM,RFRCNT,2020-02-09,2020-02-25 16:31:00,7,2135.0,Vendor-A,SLXI-DRC,2018.0,GLW1144261,ACTIVE,7.0,1,1,0,13,3,6,3,0,1,1,60,139592.0,16,0.05
FLI900620,900620,AST-1537,CIMCX,S-A53-05-188,2018,QCSC109805,SHP-10,COM,RFRCNT,2020-02-09,2020-02-25 16:31:00,7,2135.0,Vendor-A,SLXI-DRC,2018.0,GLW1144265,ACTIVE,7.0,1,1,0,17,2,2,4,9,0,1,59,123274.0,20,0.0338983050847457
FLI900621,900621,AST-1538,CIMCX,S-A53-05-188,2018,QCSC109806,SHP-10,COM,RFRCNT,2020-02-09,2020-02-25 16:32:00,7,2135.0,Vendor-A,SLXI-DRC,2018.0,GLW1143552,ACTIVE,7.0,1,1,0,13,5,6,1,1,0,1,53,107814.0,16,0.0943396226415094
FLI900622,900622,AST-1539,CIMCX,S-A53-05-188,2018,QCSC109807,SHP-10,COM,RFRCNT,2020-02-09,2020-02-25 16:32:00,7,2135.0,Vendor-A,SLXI-DRC,2018.0,GLW1144266,ACTIVE,7.0,1,1,0,11,5,6,0,0,0,1,54,115972.0,22,0.0925925925925925
FLI900623,900623,AST-1540,CIMCX,S-A53-05-188,2018,QCSC109808,SHP-10,COM,RFRCNT,2020-02-09,2020-02-25 16:32:00,7,2135.0,Vendor-A,SLXI-DRC,2018.0,GLW1143097,ACTIVE,7.0,1,1,0,5,0,5,0,0,0,0,55,111931.0,25,0.0
FLI900624,900624,AST-1541,CIMCX,S-A53-05-188,2018,QCSC109809,SHP-10,COM,RFRCNT,2020-02-09,2020-02-25 16:32:00,7,2135.0,Vendor-A,SLXI-DRC,2018.0,GLW1143548,ACTIVE,7.0,1,1,0,10,1,4,4,1,0,1,54,117438.0,21,0.0185185185185185
FLI900625,900625,AST-1542,CIMCX,S-A53-05-188,2018,QCSC109810,SHP-10,COM,RFRCNT,2020-02-09,2020-02-25 16:34:00,7,2135.0,Vendor-A,SLXI-DRC,2018.0,GLW1144984,ACTIVE,7.0,1,1,0,6,0,3,3,0,0,0,57,117364.0,18,0.0
FLI900626,900626,AST-1543,CIMCX,S-A53-05-188,2018,QCSC109811,SHP-10,COM,RFRCNT,2020-02-09,2020-02-25 16:34:00,7,2135.0,Vendor-A,SLXI-DRC,2018.0,GLW1144269,ACTIVE,7.0,1,1,0,9,0,7,2,0,0,0,62,131330.0,17,0.0
FLI900627,900627,AST-1544,CIMCX,S-A53-05-188,2018,QCSC109812,SHP-10,COM,RFRCNT,2020-02-09,2020-02-25 16:34:00,7,2135.0,Vendor-A,SLXI-DRC,2018.0,GLW1144978,ACTIVE,7.0,1,1,0,7,0,6,0,1,0,0,62,134379.0,20,0.0
FLI900628,900628,AST-1545,CIMCX,S-A53-05-188,2018,QCSC109813,SHP-10,COM,RFRCNT,2020-02-09,2020-02-25 16:34:00,7,2135.0,Vendor-A,SLXI-DRC,2018.0,GLW1143341,ACTIVE,7.0,1,1,0,4,0,3,1,0,0,0,59,131075.0,15,0.0
FLI900629,900629,AST-1546,CIMCX,S-A53-05-188,2018,QCSC109814,SHP-10,COM,RFRCNT,2020-02-09,2020-02-25 16:34:00,7,2135.0,Vendor-A,SLXI-DRC,2018.0,GLW1143327,ACTIVE,7.0,1,1,0,9,1,5,1,2,0,1,55,114124.0,25,0.0181818181818181
FLI900630,900630,AST-1547,CIMCX,S-A53-05-188,2018,QCSC109815,SHP-10,COM,RFRCNT,2020-02-09,2020-02-25 16:35:00,7,2135.0,Vendor-A,SLXI-DRC,2018.0,GLW1144983,ACTIVE,7.0,1,1,0,15,5,4,6,0,0,1,62,133110.0,20,0.0806451612903225
FLI900631,900631,AST-1548,CIMCX,S-A53-05-188,2018,QCSC109816,SHP-10,COM,RFRCNT,2020-02-09,2020-02-25 16:35:00,7,2135.0,Vendor-A,SLXI-DRC,2018.0,GLW1144258,ACTIVE,7.0,1,1,0,13,2,8,2,1,0,1,54,114753.0,20,0.037037037037037
FLI900632,900632,AST-1549,CIMCX,S-A53-05-188,2018,QCSC109817,SHP-10,COM,RFRCNT,2020-02-10,2020-02-25 16:35:00,7,2135.0,Vendor-A,SLXI-DRC,2018.0,GLW1143329,ACTIVE,7.0,1,1,0,7,0,6,1,0,0,0,59,131962.0,19,0.0
FLI900633,900633,AST-1550,CIMCX,S-A53-05-188,2018,QCSC109818,SHP-10,COM,RFRCNT,2020-02-10,2020-02-25 16:35:00,7,2135.0,Vendor-A,SLXI-DRC,2018.0,GLW1144980,ACTIVE,7.0,1,1,0,15,0,12,2,0,1,0,63,135738.0,20,0.0
FLI900634,900634,AST-1551,CIMCX,S-A53-05-188,2018,QCSC109819,SHP-10,COM,RFRCNT,2020-02-10,2020-02-25 16:35:00,7,2135.0,Vendor-A,SLXI-DRC,2018.0,GLW1142897,ACTIVE,7.0,1,1,0,10,2,5,0,3,0,1,55,116335.0,17,0.0363636363636363
FLI900635,900635,AST-1552,CIMCX,S-A53-05-188,2018,QCSC109820,SHP-10,COM,RFRCNT,2020-02-10,2020-02-25 16:35:00,7,2135.0,Vendor-A,SLXI-DRC,2018.0,GLW1144977,ACTIVE,7.0,1,1,0,7,0,4,3,0,0,0,60,132909.0,23,0.0
FLI900636,900636,AST-1553,CIMCX,S-A53-05-188,2018,QCSC109821,SHP-10,COM,RFRCNT,2020-02-10,2020-02-25 16:36:00,7,2135.0,Vendor-A,SLXI-DRC,2018.0,GLW1144268,ACTIVE,7.0,1,1,0,8,2,2,1,3,0,1,57,121904.0,14,0.0350877192982456
FLI900637,900637,AST-1554,CIMCX,S-A53-05-188,2018,QCSC109822,SHP-10,COM,RFRCNT,2020-02-10,2020-02-25 16:36:00,7,2135.0,Vendor-A,SLXI-DRC,2018.0,GLW1144262,ACTIVE,7.0,1,1,0,9,1,6,0,1,1,1,57,118335.0,21,0.0175438596491228
FLI900638,900638,AST-1555,CIMCX,S-A53-05-188,2018,QCSC109823,SHP-10,COM,RFRCNT,2020-02-10,2020-02-25 16:36:00,7,2135.0,Vendor-A,SLXI-DRC,2018.0,GLW1143332,ACTIVE,7.0,1,1,0,10,2,4,1,2,1,1,54,114000.0,19,0.037037037037037
FLI900639,900639,AST-1556,CIMCX,S-A53-05-188,2018,QCSC109824,SHP-10,COM,RFRCNT,2020-02-10,2020-02-25 16:36:00,7,2135.0,Vendor-A,SLXI-DRC,2018.0,GLW1144975,ACTIVE,7.0,1,1,0,17,7,10,0,0,0,1,53,107526.0,17,0.1320754716981132
FLI900640,900640,AST-1557,CIMCX,S-A53-05-188,2018,QCSC109825,SHP-10,COM,RFRCNT,2020-02-10,2020-02-25 16:36:00,7,2135.0,Vendor-A,SLXI-DRC,2018.0,GLW1143330,ACTIVE,7.0,1,1,0,13,4,5,2,2,0,1,56,123148.0,18,0.0714285714285714
FLI900641,900641,AST-1558,CIMCX,S-A53-05-188,2018,QCSC109826,SHP-10,COM,RFRCNT,2020-02-10,2020-02-25 16:37:00,7,2135.0,Vendor-A,SLXI-DRC,2018.0,GLW1143334,ACTIVE,7.0,1,1,0,9,0,6,2,1,0,0,62,134665.0,17,0.0
FLI900642,900642,AST-1559,CIMCX,S-A53-05-188,2018,QCSC109827,SHP-10,COM,RFRCNT,2020-02-10,2020-02-25 16:37:00,7,2135.0,Vendor-A,SLXI-DRC,2018.0,GLW1142887,ACTIVE,7.0,1,1,0,10,0,10,0,0,0,0,63,137819.0,19,0.0
FLI900643,900643,AST-1560,CIMCX,S-A53-05-188,2018,QCSC109828,SHP-10,COM,RFRCNT,2020-02-10,2020-02-25 16:37:00,7,2135.0,Vendor-A,SLXI-DRC,2018.0,GLW1142895,ACTIVE,7.0,1,1,0,5,1,3,1,0,0,1,63,137075.0,17,0.0158730158730158
FLI900644,900644,AST-1561,CIMCX,S-A53-05-188,2018,QCSC109829,SHP-10,COM,RFRCNT,2020-02-10,2020-02-25 16:37:00,7,2135.0,Vendor-A,SLXI-DRC,2018.0,GLW1142900,ACTIVE,7.0,1,1,0,15,3,10,0,1,1,1,58,127664.0,18,0.0517241379310344
FLI900645,900645,AST-1562,CIMCX,S-A53-05-188,2018,QCSC109830,SHP-10,COM,RFRCNT,2020-02-10,2020-02-25 16:37:00,7,2135.0,Vendor-A,SLXI-DRC,2018.0,GLW1143109,ACTIVE,7.0,1,1,0,12,1,5,2,3,1,1,50,104713.0,21,0.02
FLI900646,900646,AST-1758,CIMCX,S-A53-05-188,2018,QCSC109831,SHP-10,COM,RFRCNT,2020-02-10,2025-01-14 10:44:00,7,350.0,Vendor-B,VECTOR 8700R,2024.0,HD315006,ACTIVE,1.0,0,0,1,13,0,0,0,0,13,0,38,82384.0,17,0.0
FLI900647,900647,AST-1563,CIMCX,S-A53-05-188,2018,QCSC109832,SHP-10,COM,RFRCNT,2020-02-10,2020-02-25 16:38:00,7,2135.0,Vendor-A,SLXI-DRC,2018.0,GLW1144259,ACTIVE,7.0,1,1,0,2,0,2,0,0,0,0,55,126826.0,16,0.0
FLI900648,900648,AST-1564,CIMCX,S-A53-05-188,2018,QCSC109833,SHP-10,COM,RFRCNT,2020-02-10,2020-02-25 16:38:00,7,2135.0,Vendor-A,SLXI-DRC,2018.0,GLW1142896,ACTIVE,7.0,1,1,0,8,3,4,0,1,0,1,63,129760.0,17,0.0476190476190476
FLI900649,900649,AST-1565,CIMCX,S-A53-05-188,2018,QCSC109834,SHP-10,COM,RFRCNT,2020-02-10,2020-02-25 16:38:00,7,2135.0,Vendor-A,SLXI-DRC,2018.0,GLW1143106,ACTIVE,7.0,1,1,0,13,0,7,2,4,0,0,57,116148.0,16,0.0
FLI900650,900650,AST-1566,CIMCX,S-A53-05-188,2018,QCSC109835,SHP-10,COM,RFRCNT,2020-02-10,2020-02-25 16:39:00,7,2135.0,Vendor-A,SLXI-DRC,2018.0,GLW1143555,ACTIVE,7.0,1,1,0,10,2,7,1,0,0,1,57,130996.0,20,0.0350877192982456
FLI900651,900651,AST-1567,CIMCX,S-A53-05-188,2018,QCSC109836,SHP-10,COM,RFRCNT,2020-02-10,2020-02-25 16:39:00,7,2135.0,Vendor-A,SLXI-DRC,2018.0,GLW1143561,ACTIVE,7.0,1,1,0,15,7,4,1,2,1,1,58,126912.0,17,0.1206896551724138
FLI900652,900652,AST-1568,CIMCX,S-A53-05-188,2018,QCSC109837,SHP-10,COM,RFRCNT,2020-02-10,2020-02-25 16:39:00,7,2135.0,Vendor-A,SLXI-DRC,2018.0,GLW1144257,ACTIVE,7.0,1,1,0,5,1,3,0,1,0,1,62,124939.0,25,0.0161290322580645
FLI900653,900653,AST-1569,CIMCX,S-A53-05-188,2018,QCSC109838,SHP-10,COM,RFRCNT,2020-02-10,2020-02-25 16:39:00,7,2135.0,Vendor-A,SLXI-DRC,2018.0,GLW1143342,ACTIVE,7.0,1,1,0,8,0,4,4,0,0,0,61,135064.0,23,0.0
FLI900654,900654,AST-1570,CIMCX,S-A53-05-188,2018,QCSC109839,SHP-10,COM,RFRCNT,2020-02-10,2020-02-25 16:39:00,7,2135.0,Vendor-A,SLXI-DRC,2018.0,GLW1144982,ACTIVE,7.0,1,1,0,14,5,1,2,6,0,1,60,132717.0,17,0.0833333333333333
FLI900655,900655,AST-1571,CIMCX,S-A53-05-188,2018,QCSC109841,SHP-10,COM,RFRCNT,2020-02-10,2020-02-26 08:07:00,7,2134.0,Vendor-A,SLXI-DRC,2018.0,GLW1143340,ACTIVE,7.0,1,1,0,14,5,8,1,0,0,1,60,126964.0,21,0.0833333333333333
FLI900656,900656,AST-1572,CIMCX,S-A53-05-188,2018,QCSC109842,SHP-10,COM,RFRCNT,2020-02-10,2020-02-26 08:08:00,7,2134.0,Vendor-A,SLXI-DRC,2018.0,GLW1144255,ACTIVE,7.0,1,1,0,10,2,4,0,2,2,1,56,125228.0,19,0.0357142857142857
FLI900657,900657,AST-1573,CIMCX,S-A53-05-188,2018,QCSC109843,SHP-10,COM,RFRCNT,2020-02-10,2020-02-26 08:09:00,7,2134.0,Vendor-A,SLXI-DRC,2018.0,GLW1144267,ACTIVE,7.0,1,1,0,6,1,3,1,0,1,1,59,123698.0,19,0.0169491525423728
FLI900658,900658,AST-1574,CIMCX,S-A53-05-188,2018,QCSC109844,SHP-10,COM,RFRCNT,2020-02-10,2020-02-26 08:10:00,7,2134.0,Vendor-A,SLXI-DRC,2018.0,GLW1144981,ACTIVE,7.0,1,1,0,12,4,2,6,0,0,1,56,127926.0,19,0.0714285714285714
FLI900659,900659,AST-1575,CIMCX,S-A53-05-188,2018,QCSC109845,SHP-10,COM,RFRCNT,2020-02-10,2020-02-26 08:10:00,7,2134.0,Vendor-A,SLXI-DRC,2018.0,GLW1143564,ACTIVE,7.0,1,1,0,14,6,6,2,0,0,1,55,118807.0,21,0.109090909090909
FLI900660,900660,AST-1576,CIMCX,S-A53-05-188,2018,QCSC109846,SHP-10,COM,RFRCNT,2020-02-10,2020-02-26 08:11:00,7,2134.0,Vendor-A,SLXI-DRC,2018.0,GLW1143110,ACTIVE,7.0,1,1,0,8,0,6,1,1,0,0,62,134823.0,20,0.0
FLI900661,900661,AST-1577,CIMCX,S-A53-05-188,2018,QCSC109847,SHP-10,COM,RFRCNT,2020-02-10,2020-02-26 08:11:00,7,2134.0,Vendor-A,SLXI-DRC,2018.0,GLW1143556,ACTIVE,7.0,1,1,0,13,2,5,6,0,0,1,61,138508.0,21,0.0327868852459016
FLI900662,900662,AST-1578,CIMCX,S-A53-05-188,2018,QCSC109848,SHP-10,COM,RFRCNT,2020-02-10,2020-02-26 08:11:00,7,2134.0,Vendor-A,SLXI-DRC,2018.0,GLW1142894,ACTIVE,7.0,1,1,0,9,1,8,0,0,0,1,58,132390.0,17,0.0172413793103448
FLI900663,900663,AST-1579,CIMCX,S-A53-05-188,2018,QCSC109849,SHP-10,COM,RFRCNT,2020-02-10,2020-02-26 08:12:00,7,2134.0,Vendor-A,SLXI-DRC,2018.0,GLW1142902,ACTIVE,7.0,1,1,0,4,3,1,0,0,0,1,60,132901.0,19,0.05
FLI900664,900664,AST-1580,CIMCX,S-A53-05-188,2018,QCSC109850,SHP-10,COM,RFRCNT,2020-02-10,2020-02-26 08:12:00,7,2134.0,Vendor-A,SLXI-DRC,2018.0,GLW1142889,ACTIVE,7.0,1,1,0,20,8,8,1,0,3,1,53,112560.0,18,0.1509433962264151
FLI900665,900665,AST-1581,CIMCX,S-A53-05-188,2018,QCSC109851,SHP-10,COM,RFRCNT,2020-02-10,2020-02-26 08:14:00,7,2134.0,Vendor-A,SLXI-DRC,2018.0,GLW1142898,ACTIVE,7.0,1,1,0,6,1,3,0,2,0,1,61,135396.0,18,0.0163934426229508
FLI900666,900666,AST-1582,CIMCX,S-A53-05-188,2018,QCSC109852,SHP-10,COM,RFRCNT,2020-02-10,2020-02-26 08:15:00,7,2134.0,Vendor-A,SLXI-DRC,2018.0,GLW1144254,ACTIVE,7.0,1,1,0,9,0,7,2,0,0,0,56,127333.0,14,0.0
FLI900667,900667,AST-1583,CIMCX,S-A53-05-188,2018,QCSC109853,SHP-10,COM,RFRCNT,2020-02-10,2020-02-26 08:15:00,7,2134.0,Vendor-A,SLXI-DRC,2018.0,GLW1143335,ACTIVE,7.0,1,1,0,11,3,2,0,0,6,1,59,127720.0,20,0.0508474576271186
FLI900668,900668,AST-1584,CIMCX,S-A53-05-188,2018,QCSC109854,SHP-10,COM,RFRCNT,2020-02-10,2020-02-26 08:16:00,7,2134.0,Vendor-A,SLXI-DRC,2018.0,GLW1143107,ACTIVE,7.0,1,1,0,8,2,5,0,1,0,1,60,126110.0,23,0.0333333333333333
FLI900669,900669,AST-1585,CIMCX,S-A53-05-188,2018,QCSC109855,SHP-10,COM,RFRCNT,2020-02-10,2020-02-26 08:16:00,7,2134.0,Vendor-A,SLXI-DRC,2018.0,GLW1143103,ACTIVE,7.0,1,1,0,13,1,8,3,1,0,1,56,117729.0,22,0.0178571428571428
FLI900670,900670,AST-1586,CIMCX,S-A53-05-188,2018,QCSC109856,SHP-10,COM,RFRCNT,2020-02-10,2020-02-26 08:16:00,7,2134.0,Vendor-A,SLXI-DRC,2018.0,GLW1143550,ACTIVE,7.0,1,1,0,11,0,8,0,1,2,0,62,128372.0,17,0.0
FLI900671,900671,AST-1587,CIMCX,S-A53-05-188,2018,QCSC109857,SHP-10,COM,RFRCNT,2020-02-10,2020-02-26 08:17:00,7,2134.0,Vendor-A,SLXI-DRC,2018.0,GLW1143551,ACTIVE,7.0,1,1,0,9,2,6,1,0,0,1,62,138012.0,22,0.032258064516129
FLI900672,900672,AST-1588,CIMCX,S-A53-05-188,2018,QCSC109858,SHP-10,COM,RFRCNT,2020-02-10,2020-02-26 08:17:00,7,2134.0,Vendor-A,SLXI-DRC,2018.0,GLW1142890,ACTIVE,7.0,1,1,0,9,0,6,3,0,0,0,61,140057.0,17,0.0
FLI900673,900673,AST-1589,CIMCX,S-A53-05-188,2018,QCSC109859,SHP-10,COM,RFRCNT,2020-02-10,2020-02-26 08:17:00,7,2134.0,Vendor-A,SLXI-DRC,2018.0,GLW1143549,ACTIVE,7.0,1,1,0,12,0,11,0,1,0,0,55,119075.0,16,0.0
FLI900674,900674,AST-1590,CIMCX,S-A53-05-188,2018,QCSC109860,SHP-10,COM,RFRCNT,2020-02-10,2020-02-26 08:18:00,7,2134.0,Vendor-A,SLXI-DRC,2018.0,GLW1144270,ACTIVE,7.0,1,1,0,20,11,7,1,1,0,1,60,131419.0,21,0.1833333333333333
FLI900675,900675,AST-1591,CIMCX,S-A53-05-188,2018,QCSC109861,SHP-10,COM,RFRCNT,2020-02-10,2020-02-26 08:18:00,7,2134.0,Vendor-A,SLXI-DRC,2018.0,GLW1143328,ACTIVE,7.0,1,1,0,4,1,1,2,0,0,1,55,117016.0,23,0.0181818181818181
FLI900676,900676,AST-1592,CIMCX,S-A53-05-188,2018,QCSC109862,SHP-10,COM,RFRCNT,2020-02-10,2020-02-26 08:18:00,7,2134.0,Vendor-A,SLXI-DRC,2018.0,GLW1143096,ACTIVE,7.0,1,1,0,9,3,6,0,0,0,1,53,122000.0,19,0.0566037735849056
FLI900677,900677,AST-1593,CIMCX,S-A53-05-188,2018,QCSC109863,SHP-10,COM,RFRCNT,2020-02-10,2020-02-26 08:18:00,7,2134.0,Vendor-A,SLXI-DRC,2018.0,GLW1142903,ACTIVE,7.0,1,1,0,11,2,6,1,2,0,1,53,113900.0,18,0.0377358490566037
FLI900678,900678,AST-1594,CIMCX,S-A53-05-188,2018,QCSC109864,SHP-10,COM,RFRCNT,2020-02-10,2020-02-26 08:19:00,7,2134.0,Vendor-A,SLXI-DRC,2018.0,GLW1143563,ACTIVE,7.0,1,1,0,5,0,3,0,2,0,0,58,127750.0,20,0.0
FLI900679,900679,AST-1595,CIMCX,S-A53-05-188,2018,QCSC109865,SHP-10,COM,RFRCNT,2020-02-10,2020-02-26 08:19:00,7,2134.0,Vendor-A,SLXI-DRC,2018.0,GLW1142893,ACTIVE,7.0,1,1,0,10,2,7,0,0,1,1,60,126818.0,19,0.0333333333333333
FLI900680,900680,AST-1596,CIMCX,S-A53-05-188,2018,QCSC109866,SHP-10,COM,RFRCNT,2020-02-10,2020-02-26 08:19:00,7,2134.0,Vendor-A,SLXI-DRC,2019.0,GLW1224137,ACTIVE,6.0,1,1,0,13,2,9,1,1,0,1,61,127586.0,19,0.0327868852459016
FLI900681,900681,AST-1597,CIMCX,S-A53-05-188,2018,QCSC109867,SHP-10,COM,RFRCNT,2020-02-10,2020-02-26 08:20:00,7,2134.0,Vendor-A,SLXI-DRC,2019.0,GLW1143343,ACTIVE,6.0,1,1,0,11,3,2,1,5,0,1,61,127918.0,19,0.0491803278688524
FLI900682,900682,AST-1598,CIMCX,S-A53-05-188,2018,QCSC109868,SHP-10,COM,RFRCNT,2020-02-10,2020-02-26 08:20:00,7,2134.0,Vendor-A,SLXI-DRC,2019.0,GLW1143098,ACTIVE,6.0,1,1,0,6,1,1,4,0,0,1,55,118858.0,20,0.0181818181818181
FLI900683,900683,AST-1600,CIMCX,S-A53-05-188,2018,QCSC109870,SHP-10,COM,RFRCNT,2020-02-10,2020-02-26 08:21:00,7,2134.0,Vendor-A,SLXI-DRC,2019.0,GLW1143331,ACTIVE,6.0,1,1,0,8,1,6,0,1,0,1,57,116805.0,22,0.0175438596491228
FLI900684,900684,AST-1601,CIMCX,S-A53-05-188,2018,QCSC109871,SHP-10,COM,RFRCNT,2020-02-10,2020-02-26 08:21:00,7,2134.0,Vendor-A,SLXI-DRC,2019.0,GLW1142901,ACTIVE,6.0,1,1,0,8,0,5,1,1,1,0,53,116224.0,18,0.0
FLI900685,900685,AST-1602,CIMCX,S-A53-05-188,2018,QCSC109872,SHP-10,COM,RFRCNT,2020-02-10,2020-02-26 08:21:00,7,2134.0,Vendor-A,SLXI-DRC,2019.0,GLW1143102,ACTIVE,6.0,1,1,0,12,8,3,0,1,0,1,54,118901.0,17,0.1481481481481481
FLI900686,900686,AST-1603,CIMCX,S-A53-05-188,2018,QCSC109873,SHP-10,COM,RFRCNT,2020-02-10,2020-02-26 08:21:00,7,2134.0,Vendor-A,SLXI-DRC,2019.0,GLW1143105,ACTIVE,6.0,1,1,0,6,3,1,1,1,0,1,57,125026.0,19,0.0526315789473684
FLI900687,900687,AST-1604,CIMCX,S-A53-05-188,2018,QCSC109874,SHP-10,COM,RFRCNT,2020-02-10,2020-02-26 08:21:00,7,2134.0,Vendor-A,SLXI-DRC,2019.0,GLW1143101,ACTIVE,6.0,1,1,0,12,5,5,1,1,0,1,55,120544.0,19,0.0909090909090909
FLI900688,900688,AST-1605,CIMCX,S-A53-05-188,2018,QCSC109875,SHP-10,COM,RFRCNT,2020-02-10,2020-02-26 08:22:00,7,2134.0,Vendor-A,SLXI-DRC,2019.0,GLW1143562,ACTIVE,6.0,1,1,0,7,5,2,0,0,0,1,44,91872.0,20,0.1136363636363636
FLI900689,900689,AST-1606,CIMCX,S-A53-05-188,2018,QCSC109876,SHP-10,COM,RFRCNT,2020-02-10,2020-02-26 08:22:00,7,2134.0,Vendor-A,SLXI-DRC,2019.0,GLW1143554,ACTIVE,6.0,1,1,0,12,0,8,3,1,0,0,59,119699.0,19,0.0
FLI900690,900690,AST-1607,CIMCX,S-A53-05-188,2018,QCSC109877,SHP-10,COM,RFRCNT,2020-02-10,2020-02-26 08:22:00,7,2134.0,Vendor-A,SLXI-DRC,2019.0,GLW1143111,ACTIVE,6.0,1,1,0,10,0,5,3,2,0,0,50,103206.0,18,0.0
FLI900691,900691,AST-1608,CIMCX,S-A53-05-188,2018,QCSC109878,SHP-10,COM,RFRCNT,2020-02-10,2020-02-26 08:23:00,7,2134.0,Vendor-A,SLXI-DRC,2019.0,GLW1142891,ACTIVE,6.0,1,1,0,15,4,11,0,0,0,1,57,125293.0,14,0.0701754385964912
FLI900692,900692,AST-1609,CIMCX,S-A53-05-188,2018,QCSC109879,SHP-10,COM,RFRCNT,2020-02-10,2020-02-26 08:23:00,7,2134.0,Vendor-A,SLXI-DRC,2019.0,GLW1143547,ACTIVE,6.0,1,1,0,13,4,1,3,5,0,1,56,119388.0,19,0.0714285714285714
FLI900693,900693,AST-1610,CIMCX,S-A53-05-188,2018,QCSC109880,SHP-10,COM,RFRCNT,2020-02-10,2020-02-26 08:23:00,7,2134.0,Vendor-A,SLXI-DRC,2019.0,GLW1142899,ACTIVE,6.0,1,1,0,18,3,7,4,4,0,1,58,132060.0,21,0.0517241379310344
FLI900694,900694,AST-1611,CIMCX,S-A53-05-188,2018,QCSC109881,SHP-10,COM,RFRCNT,2020-02-10,2020-02-26 08:23:00,7,2134.0,Vendor-A,SLXI-DRC,2019.0,GLW1143338,ACTIVE,6.0,1,1,0,21,0,12,8,1,0,0,48,111044.0,16,0.0
FLI900695,900695,AST-1612,CIMCX,S-A53-05-188,2018,QCSC109882,SHP-10,COM,RFRCNT,2020-02-10,2020-02-26 08:24:00,7,2134.0,Vendor-A,SLXI-DRC,2019.0,GLW1143100,ACTIVE,6.0,1,1,0,9,0,4,2,3,0,0,58,136915.0,17,0.0
FLI900696,900696,AST-1613,CIMCX,S-A53-05-188,2018,QCSC109883,SHP-10,COM,RFRCNT,2020-02-10,2020-02-26 08:24:00,7,2134.0,Vendor-A,SLXI-DRC,2019.0,GLW1142892,ACTIVE,6.0,1,1,0,9,2,3,2,0,2,1,55,118518.0,20,0.0363636363636363
FLI900697,900697,AST-1614,CIMCX,S-A53-05-188,2018,QCSC109884,SHP-10,COM,RFRCNT,2020-02-10,2020-02-26 08:24:00,7,2134.0,Vendor-A,SLXI-DRC,2019.0,GLW1143108,ACTIVE,6.0,1,1,0,10,0,8,1,0,1,0,57,123892.0,17,0.0
FLI900698,900698,AST-1615,CIMCX,S-A53-05-188,2018,QCSC109885,SHP-10,COM,RFRCNT,2020-02-10,2020-02-26 08:25:00,7,2134.0,Vendor-A,SLXI-DRC,2019.0,GLW1143560,ACTIVE,6.0,1,1,0,7,1,1,4,0,1,1,51,107901.0,18,0.0196078431372549
FLI900699,900699,AST-1616,CIMCX,S-A53-05-188,2018,QCSC109886,SHP-10,COM,RFRCNT,2020-02-10,2020-02-26 08:25:00,7,2134.0,Vendor-A,SLXI-DRC,2019.0,GLW1143557,ACTIVE,6.0,1,1,0,7,1,4,0,1,1,1,60,133680.0,23,0.0166666666666666
FLI900700,900700,AST-1617,CIMCX,S-A53-05-188,2018,QCSC109887,SHP-10,COM,RFRCNT,2020-02-10,2020-02-26 08:25:00,7,2134.0,Vendor-A,SLXI-DRC,2019.0,GLW1143553,ACTIVE,6.0,1,1,0,13,4,4,2,3,0,1,52,103034.0,25,0.0769230769230769
FLI900701,900701,AST-1618,CIMCX,S-A53-05-188,2018,QCSC109888,SHP-10,COM,RFRCNT,2020-02-10,2020-02-26 08:26:00,7,2134.0,Vendor-A,SLXI-DRC,2019.0,GLW1143099,ACTIVE,6.0,1,1,0,6,0,3,2,1,0,0,53,110547.0,22,0.0
FLI900702,900702,AST-1619,CIMCX,S-A53-05-188,2018,QCSC109889,SHP-10,COM,RFRCNT,2020-02-10,2020-02-26 08:26:00,7,2134.0,Vendor-A,SLXI-DRC,2019.0,GLW1143558,ACTIVE,6.0,1,1,0,9,0,6,2,1,0,0,56,130094.0,22,0.0
FLI900703,900703,AST-1620,CIMCX,S-A53-05-188,2018,QCSC109890,SHP-10,COM,RFRCNT,2020-02-10,2020-02-26 08:26:00,7,2134.0,Vendor-A,SLXI-DRC,2019.0,GLW1143337,ACTIVE,6.0,1,1,0,10,1,7,0,0,2,1,59,120148.0,23,0.0169491525423728
FLI900704,900704,AST-1621,CIMCX,S-A53-05-188,2018,QCSC109891,SHP-10,COM,RFRCNT,2020-02-10,2020-02-26 08:26:00,7,2134.0,Vendor-A,SLXI-DRC,2019.0,GLW1143559,ACTIVE,6.0,1,1,0,7,0,3,4,0,0,0,57,126165.0,22,0.0
FLI900705,900705,AST-1622,CIMCX,S-A53-05-188,2018,QCSC109892,SHP-10,COM,RFRCNT,2020-02-10,2020-02-26 08:27:00,7,2134.0,Vendor-A,SLXI-DRC,2019.0,GLW1143339,ACTIVE,6.0,1,1,0,16,1,5,6,2,2,1,61,134549.0,19,0.0163934426229508
FLI900706,900706,AST-1623,CIMCX,S-A53-05-188,2018,QCSC109893,SHP-10,COM,RFRCNT,2020-02-10,2020-02-26 08:27:00,7,2134.0,Vendor-A,SLXI-DRC,2019.0,GLW1143333,ACTIVE,6.0,1,1,0,6,2,2,0,1,1,1,52,116512.0,13,0.0384615384615384
FLI900707,900707,AST-1624,CIMCX,S-A53-05-188,2018,QCSC109894,SHP-10,COM,RFRCNT,2020-02-10,2020-02-26 08:27:00,7,2134.0,Vendor-A,SLXI-DRC,2019.0,GLW1143095,ACTIVE,6.0,1,1,0,11,0,11,0,0,0,0,58,130055.0,17,0.0
FLI900708,900708,AST-1625,CIMCX,S-A53-05-188,2018,QCSC109895,SHP-10,COM,RFRCNT,2020-02-10,2020-02-26 08:27:00,7,2134.0,Vendor-A,SLXI-DRC,2019.0,GLW1143094,ACTIVE,6.0,1,1,0,18,4,6,8,0,0,1,62,123670.0,20,0.064516129032258
FLI900709,900709,AST-1283,CIMCX,S-A53-05-188,2018,QCSC113445,SHP-10,COM,RFRCNT,2020-02-10,2020-02-25 10:55:00,7,2135.0,Vendor-A,S600,2016.0,6001203185,ACTIVE,9.0,0,1,0,15,0,0,0,1,14,0,55,116124.0,19,0.0
FLI900710,900710,AST-1626,CIMCX,S-A53-05-188,2018,QCSC113446,SHP-10,COM,RFRCNT,2020-02-10,2020-02-26 08:28:00,7,2134.0,Vendor-A,S600,2015.0,6001203178,ACTIVE,10.0,0,1,0,0,0,0,0,0,0,0,57,123928.0,17,0.0
FLI900711,900711,AST-1627,CIMCX,S-A53-05-188,2018,QCSC113447,SHP-10,COM,RFRCNT,2020-02-10,2020-02-26 08:28:00,7,2134.0,Vendor-A,S600,2015.0,6001203167,ACTIVE,10.0,0,1,0,4,4,0,0,0,0,1,56,111625.0,20,0.0714285714285714
FLI900712,900712,AST-1628,CIMCX,S-A53-05-188,2018,QCSC113448,SHP-10,COM,RFRCNT,2020-02-10,2020-02-26 08:28:00,7,2134.0,,,,,,,0,0,0,4,4,0,0,0,0,1,59,129133.0,17,0.0677966101694915
FLI900713,900713,AST-1282,CIMCX,S-A53-05-188,2018,QCSC113449,SHP-10,COM,RFRCNT,2020-02-10,2020-02-25 10:54:00,7,2135.0,Vendor-A,SB230 30,2011.0,6001150898,ACTIVE,14.0,0,1,0,2,0,1,1,0,0,0,62,140584.0,19,0.0
FLI900714,900714,AST-1274,CIMCX,S-A53-05-188,2018,QCSC113450,SHP-10,COM,RFRCNT,2020-02-10,2020-02-17 22:49:00,7,2143.0,Vendor-A,S600,2013.0,6001150907,ACTIVE,12.0,0,1,0,0,0,0,0,0,0,0,62,132264.0,24,0.0
FLI900715,900715,AST-1753,CIMCX,S-A53-05-188,2018,QCSC113451,SHP-10,COM,RFRCNT,2020-02-10,2021-11-02 09:46:00,7,1519.0,Vendor-A,S600,2013.0,6001149669,ACTIVE,12.0,0,1,0,17,0,16,0,1,0,0,57,129376.0,16,0.0
FLI900716,900716,AST-1629,CIMCX,S-A53-05-188,2018,QCSC113452,SHP-10,COM,RFRCNT,2020-02-10,2021-10-27 09:34:00,7,1525.0,,,,,,,0,0,0,4,3,0,0,0,1,1,55,121519.0,23,0.0545454545454545
FLI900717,900717,AST-1752,CIMCX,S-A53-05-188,2018,QCSC113453,SHP-10,COM,RFRCNT,2020-02-10,2021-10-18 13:23:00,7,1534.0,Vendor-A,S600,2014.0,,ACTIVE,11.0,0,1,0,3,0,0,3,0,0,0,57,124660.0,22,0.0
FLI900718,900718,AST-1275,CIMCX,S-A53-05-188,2018,QCSC113454,SHP-10,COM,RFRCNT,2020-02-10,2020-02-17 22:49:00,7,2143.0,Vendor-A,S600,2014.0,6001149671,ACTIVE,11.0,0,1,0,5,0,0,2,3,0,0,57,113447.0,17,0.0
FLI900719,900719,AST-1630,CIMCX,S-A53-05-188,2018,QCSC113455,SHP-10,COM,RFRCNT,2020-02-10,2020-02-26 08:30:00,7,2134.0,Vendor-A,PRECDNT S600,2014.0,6001165002,ACTIVE,11.0,0,1,0,2,1,0,0,0,1,1,58,124002.0,23,0.0172413793103448
FLI900720,900720,AST-1751,CIMCX,S-A53-05-188,2018,QCSC113456,SHP-10,COM,RFRCNT,2020-02-10,2021-10-07 08:39:00,7,1545.0,Vendor-A,S600,2014.0,6001165011,ACTIVE,11.0,0,1,0,5,3,1,0,1,0,1,54,111137.0,15,0.0555555555555555
FLI900721,900721,AST-1287,CIMCX,S-A53-05-188,2018,QCSC113457,SHP-10,COM,RFRCNT,2020-02-10,2020-02-25 11:10:00,7,2135.0,Vendor-A,S600,2015.0,6001203160,ACTIVE,10.0,0,1,0,2,2,0,0,0,0,1,57,119924.0,24,0.0350877192982456
FLI900722,900722,AST-1631,CIMCX,S-A53-05-188,2018,QCSC113458,SHP-10,COM,RFRCNT,2020-02-10,2020-02-26 08:31:00,7,2134.0,Vendor-A,PRECDNT S600,2014.0,6001165022,ACTIVE,11.0,0,1,0,1,0,0,0,0,1,0,57,125041.0,19,0.0
FLI900723,900723,AST-1276,CIMCX,S-A53-05-188,2018,QCSC113459,SHP-10,COM,RFRCNT,2020-02-10,2020-05-06 13:50:00,7,2064.0,Vendor-A,S600,2014.0,6001165019,ACTIVE,11.0,0,1,0,1,0,1,0,0,0,0,59,130008.0,15,0.0
FLI900724,900724,AST-1749,CIMCX,S-A53-05-188,2018,QCSC113460,SHP-10,COM,RFRCNT,2020-02-10,2021-08-31 11:48:00,7,1582.0,Vendor-A,S600,2015.0,6001203200,ACTIVE,10.0,0,1,0,7,3,2,1,1,0,1,55,117140.0,20,0.0545454545454545
FLI900725,900725,AST-1278,CIMCX,S-A53-05-188,2018,QCSC113461,SHP-10,COM,RFRCNT,2020-02-10,2020-02-25 08:59:00,7,2135.0,Vendor-A,S600,2014.0,6001164105,ACTIVE,11.0,0,1,0,2,0,0,0,2,0,0,53,118273.0,22,0.0
FLI900726,900726,AST-1632,CIMCX,S-A53-05-188,2018,QCSC113462,SHP-10,COM,RFRCNT,2020-02-10,2020-02-26 08:32:00,7,2134.0,Vendor-A,S600,2013.0,6001150896,ACTIVE,12.0,0,1,0,2,1,1,0,0,0,1,58,130613.0,19,0.0172413793103448
FLI900727,900727,AST-1633,CIMCX,S-A53-05-188,2018,QCSC113463,SHP-10,COM,RFRCNT,2020-02-10,2020-02-26 08:32:00,7,2134.0,Vendor-A,PRECDNT S600,2014.0,6001149672,ACTIVE,11.0,0,1,0,3,0,3,0,0,0,0,52,115072.0,20,0.0
FLI900728,900728,AST-1634,CIMCX,S-A53-05-188,2018,QCSC113464,SHP-10,COM,RFRCNT,2020-02-10,2020-02-26 08:32:00,7,2134.0,Vendor-A,S600,2015.0,6001203172,ACTIVE,10.0,0,1,0,0,0,0,0,0,0,0,59,139477.0,15,0.0
FLI900729,900729,AST-1635,CIMCX,S-A53-05-188,2018,QCSC113465,SHP-10,COM,RFRCNT,2020-02-10,2020-02-26 08:33:00,7,2134.0,Vendor-A,PRECDNT S600,2014.0,6001164110,ACTIVE,11.0,0,1,0,0,0,0,0,0,0,0,64,135349.0,22,0.0
FLI900730,900730,AST-1636,CIMCX,S-A53-05-188,2018,QCSC113466,SHP-10,COM,RFRCNT,2020-02-10,2021-10-18 09:25:00,7,1534.0,,,,,,,0,0,0,3,1,0,2,0,0,1,59,125645.0,21,0.0169491525423728
FLI900731,900731,AST-1284,CIMCX,S-A53-05-188,2018,QCSC113467,SHP-10,COM,RFRCNT,2020-02-10,2020-02-25 10:56:00,7,2135.0,Vendor-A,S600,2016.0,6001203199,ACTIVE,9.0,0,1,0,2,1,0,1,0,0,1,63,130084.0,22,0.0158730158730158
FLI900732,900732,AST-1637,CIMCX,S-A53-05-188,2018,QCSC113468,SHP-10,COM,RFRCNT,2020-02-10,2020-02-26 08:34:00,7,2134.0,Vendor-A,S600,2015.0,6001203188,ACTIVE,10.0,0,1,0,0,0,0,0,0,0,0,60,122491.0,26,0.0
FLI900733,900733,AST-1638,CIMCX,S-A53-05-188,2018,QCSC113469,SHP-10,COM,RFRCNT,2020-02-10,2020-02-26 08:34:00,7,2134.0,Vendor-A,S600,2016.0,6001203186,ACTIVE,9.0,0,1,0,1,1,0,0,0,0,1,60,139088.0,18,0.0166666666666666
FLI900734,900734,AST-1639,CIMCX,S-A53-05-188,2018,QCSC113470,SHP-10,COM,RFRCNT,2020-02-10,2020-02-26 08:35:00,7,2134.0,Vendor-A,PRECDNT S600,2014.0,6001165021,ACTIVE,11.0,0,1,0,0,0,0,0,0,0,0,55,108678.0,20,0.0
FLI900735,900735,AST-1756,CIMCX,S-A53-05-188,2018,QCSC113471,SHP-10,COM,RFRCNT,2020-02-10,2024-12-12 13:38:00,7,383.0,Vendor-B,VECTOR 8700R,2024.0,VAZ91778850,ACTIVE,1.0,0,0,1,0,0,0,0,0,0,0,46,98531.0,21,0.0
FLI900736,900736,AST-1286,CIMCX,S-A53-05-188,2018,QCSC113472,SHP-10,COM,RFRCNT,2020-02-10,2020-02-25 11:05:00,7,2135.0,Vendor-A,S600,2016.0,6001203202,ACTIVE,9.0,0,1,0,2,0,2,0,0,0,0,57,119407.0,24,0.0
FLI900737,900737,AST-1279,CIMCX,S-A53-05-188,2018,QCSC113473,SHP-10,COM,RFRCNT,2020-02-10,2020-02-25 10:33:00,7,2135.0,Vendor-A,S600,2013.0,6001149666,ACTIVE,12.0,0,1,0,0,0,0,0,0,0,0,58,121567.0,23,0.0
FLI900738,900738,AST-1750,CIMCX,S-A53-05-188,2018,QCSC113474,SHP-10,COM,RFRCNT,2020-02-10,2021-10-04 08:03:00,7,1548.0,Vendor-A,S600,2014.0,6001165013,ACTIVE,11.0,0,1,0,5,2,1,2,0,0,1,59,137805.0,17,0.0338983050847457
FLI900739,900739,AST-1640,CIMCX,S-A53-05-188,2018,QCSC113475,SHP-10,COM,RFRCNT,2020-02-10,2020-02-26 08:36:00,7,2134.0,Vendor-A,S600,2016.0,6001203193,ACTIVE,9.0,0,1,0,0,0,0,0,0,0,0,59,125465.0,16,0.0
FLI900740,900740,AST-1641,CIMCX,S-A53-05-188,2018,QCSC113476,SHP-10,COM,RFRCNT,2020-02-10,2020-02-26 08:36:00,7,2134.0,Vendor-A,S600,2015.0,6001203174,ACTIVE,10.0,0,1,0,7,0,0,0,7,0,0,60,127413.0,19,0.0
FLI900741,900741,AST-1642,CIMCX,S-A53-05-188,2018,QCSC113477,SHP-10,COM,RFRCNT,2020-02-10,2020-02-26 08:37:00,7,2134.0,,,,,,,0,0,0,2,1,0,1,0,0,1,60,126927.0,18,0.0166666666666666
FLI900742,900742,AST-1839,CIMCX,S-A53-05-188,2018,QCSC113478,SHP-10,COM,RFRCNT,2020-02-10,2026-01-12 15:28:00,7,-13.0,Vendor-B,7500 APX RL,2025.0,XAA91835187,ACTIVE,0.0,0,0,1,3,0,3,0,0,0,0,54,114513.0,22,0.0
FLI900743,900743,AST-1643,CIMCX,S-A53-05-188,2018,QCSC113479,SHP-10,COM,RFRCNT,2020-02-10,2020-02-26 08:37:00,7,2134.0,,,,,,,0,0,0,0,0,0,0,0,0,0,59,131504.0,18,0.0
FLI900284,900284,AST-1748,CIMCX,S-A53-05-188,2015,QCSC 082721,SHP-10,COM,RFRCNT,2020-08-19,2020-08-20 10:06:00,10,1958.0,Vendor-A,S600,2015.0,6001203184,ACTIVE,10.0,0,1,0,3,2,0,0,1,0,1,65,141689.0,20,0.0307692307692307
FLI900277,900277,,CIMCX,S-A53-05-0,2019,QCSC118279,SHP-10,COM,RFRCNT,2020-12-21,,6,,,,,,,,0,0,0,3,1,2,0,0,0,1,63,143340.0,17,0.0158730158730158
